-- MySQL dump 10.13  Distrib 5.5.53, for debian-linux-gnu (x86_64)
--
-- Host: localhost    Database: mitraLive
-- ------------------------------------------------------
-- Server version	5.5.53-0ubuntu0.14.04.1

/*!40101 SET @OLD_CHARACTER_SET_CLIENT=@@CHARACTER_SET_CLIENT */;
/*!40101 SET @OLD_CHARACTER_SET_RESULTS=@@CHARACTER_SET_RESULTS */;
/*!40101 SET @OLD_COLLATION_CONNECTION=@@COLLATION_CONNECTION */;
/*!40101 SET NAMES utf8 */;
/*!40103 SET @OLD_TIME_ZONE=@@TIME_ZONE */;
/*!40103 SET TIME_ZONE='+00:00' */;
/*!40014 SET @OLD_UNIQUE_CHECKS=@@UNIQUE_CHECKS, UNIQUE_CHECKS=0 */;
/*!40014 SET @OLD_FOREIGN_KEY_CHECKS=@@FOREIGN_KEY_CHECKS, FOREIGN_KEY_CHECKS=0 */;
/*!40101 SET @OLD_SQL_MODE=@@SQL_MODE, SQL_MODE='NO_AUTO_VALUE_ON_ZERO' */;
/*!40111 SET @OLD_SQL_NOTES=@@SQL_NOTES, SQL_NOTES=0 */;

--
-- Table structure for table `auth_group`
--

DROP TABLE IF EXISTS `auth_group`;
/*!40101 SET @saved_cs_client     = @@character_set_client */;
/*!40101 SET character_set_client = utf8 */;
CREATE TABLE `auth_group` (
  `id` int(11) NOT NULL AUTO_INCREMENT,
  `name` varchar(80) NOT NULL,
  PRIMARY KEY (`id`),
  UNIQUE KEY `name` (`name`)
) ENGINE=InnoDB DEFAULT CHARSET=utf8;
/*!40101 SET character_set_client = @saved_cs_client */;

--
-- Dumping data for table `auth_group`
--

LOCK TABLES `auth_group` WRITE;
/*!40000 ALTER TABLE `auth_group` DISABLE KEYS */;
/*!40000 ALTER TABLE `auth_group` ENABLE KEYS */;
UNLOCK TABLES;

--
-- Table structure for table `auth_group_permissions`
--

DROP TABLE IF EXISTS `auth_group_permissions`;
/*!40101 SET @saved_cs_client     = @@character_set_client */;
/*!40101 SET character_set_client = utf8 */;
CREATE TABLE `auth_group_permissions` (
  `id` int(11) NOT NULL AUTO_INCREMENT,
  `group_id` int(11) NOT NULL,
  `permission_id` int(11) NOT NULL,
  PRIMARY KEY (`id`),
  UNIQUE KEY `auth_group_permissions_group_id_0cd325b0_uniq` (`group_id`,`permission_id`),
  KEY `auth_group_permissi_permission_id_84c5c92e_fk_auth_permission_id` (`permission_id`),
  CONSTRAINT `auth_group_permissi_permission_id_84c5c92e_fk_auth_permission_id` FOREIGN KEY (`permission_id`) REFERENCES `auth_permission` (`id`),
  CONSTRAINT `auth_group_permissions_group_id_b120cbf9_fk_auth_group_id` FOREIGN KEY (`group_id`) REFERENCES `auth_group` (`id`)
) ENGINE=InnoDB DEFAULT CHARSET=utf8;
/*!40101 SET character_set_client = @saved_cs_client */;

--
-- Dumping data for table `auth_group_permissions`
--

LOCK TABLES `auth_group_permissions` WRITE;
/*!40000 ALTER TABLE `auth_group_permissions` DISABLE KEYS */;
/*!40000 ALTER TABLE `auth_group_permissions` ENABLE KEYS */;
UNLOCK TABLES;

--
-- Table structure for table `auth_permission`
--

DROP TABLE IF EXISTS `auth_permission`;
/*!40101 SET @saved_cs_client     = @@character_set_client */;
/*!40101 SET character_set_client = utf8 */;
CREATE TABLE `auth_permission` (
  `id` int(11) NOT NULL AUTO_INCREMENT,
  `name` varchar(255) NOT NULL,
  `content_type_id` int(11) NOT NULL,
  `codename` varchar(100) NOT NULL,
  PRIMARY KEY (`id`),
  UNIQUE KEY `auth_permission_content_type_id_01ab375a_uniq` (`content_type_id`,`codename`),
  CONSTRAINT `auth_permissi_content_type_id_2f476e4b_fk_django_content_type_id` FOREIGN KEY (`content_type_id`) REFERENCES `django_content_type` (`id`)
) ENGINE=InnoDB AUTO_INCREMENT=64 DEFAULT CHARSET=utf8;
/*!40101 SET character_set_client = @saved_cs_client */;

--
-- Dumping data for table `auth_permission`
--

LOCK TABLES `auth_permission` WRITE;
/*!40000 ALTER TABLE `auth_permission` DISABLE KEYS */;
INSERT INTO `auth_permission` VALUES (1,'Can add log entry',1,'add_logentry'),(2,'Can change log entry',1,'change_logentry'),(3,'Can delete log entry',1,'delete_logentry'),(4,'Can add permission',2,'add_permission'),(5,'Can change permission',2,'change_permission'),(6,'Can delete permission',2,'delete_permission'),(7,'Can add group',3,'add_group'),(8,'Can change group',3,'change_group'),(9,'Can delete group',3,'delete_group'),(10,'Can add content type',4,'add_contenttype'),(11,'Can change content type',4,'change_contenttype'),(12,'Can delete content type',4,'delete_contenttype'),(13,'Can add session',5,'add_session'),(14,'Can change session',5,'change_session'),(15,'Can delete session',5,'delete_session'),(16,'Can add user',6,'add_user'),(17,'Can change user',6,'change_user'),(18,'Can delete user',6,'delete_user'),(19,'Can add otp',7,'add_otp'),(20,'Can change otp',7,'change_otp'),(21,'Can delete otp',7,'delete_otp'),(22,'Can add token',8,'add_token'),(23,'Can change token',8,'change_token'),(24,'Can delete token',8,'delete_token'),(25,'Can add device',9,'add_device'),(26,'Can change device',9,'change_device'),(27,'Can delete device',9,'delete_device'),(28,'Can add user auth',10,'add_userauth'),(29,'Can change user auth',10,'change_userauth'),(30,'Can delete user auth',10,'delete_userauth'),(31,'Can add user subject',11,'add_usersubject'),(32,'Can change user subject',11,'change_usersubject'),(33,'Can delete user subject',11,'delete_usersubject'),(34,'Can add user skill',12,'add_userskill'),(35,'Can change user skill',12,'change_userskill'),(36,'Can delete user skill',12,'delete_userskill'),(37,'Can add user topic',13,'add_usertopic'),(38,'Can change user topic',13,'change_usertopic'),(39,'Can delete user topic',13,'delete_usertopic'),(40,'Can add user grade',14,'add_usergrade'),(41,'Can change user grade',14,'change_usergrade'),(42,'Can delete user grade',14,'delete_usergrade'),(43,'Can add code group',15,'add_codegroup'),(44,'Can change code group',15,'change_codegroup'),(45,'Can delete code group',15,'delete_codegroup'),(46,'Can add code',16,'add_code'),(47,'Can change code',16,'change_code'),(48,'Can delete code',16,'delete_code'),(49,'Can add content',17,'add_content'),(50,'Can change content',17,'change_content'),(51,'Can delete content',17,'delete_content'),(52,'Can add content response',18,'add_contentresponse'),(53,'Can change content response',18,'change_contentresponse'),(54,'Can delete content response',18,'delete_contentresponse'),(55,'Can add user content',19,'add_usercontent'),(56,'Can change user content',19,'change_usercontent'),(57,'Can delete user content',19,'delete_usercontent'),(58,'Can add news',20,'add_news'),(59,'Can change news',20,'change_news'),(60,'Can delete news',20,'delete_news'),(61,'Can add user event',21,'add_userevent'),(62,'Can change user event',21,'change_userevent'),(63,'Can delete user event',21,'delete_userevent');
/*!40000 ALTER TABLE `auth_permission` ENABLE KEYS */;
UNLOCK TABLES;

--
-- Table structure for table `com_code`
--

DROP TABLE IF EXISTS `com_code`;
/*!40101 SET @saved_cs_client     = @@character_set_client */;
/*!40101 SET character_set_client = utf8 */;
CREATE TABLE `com_code` (
  `codeID` int(11) NOT NULL,
  `codeNameEn` varchar(255) DEFAULT NULL,
  `codeNameMr` varchar(255) DEFAULT NULL,
  `displayOrder` int(11) DEFAULT NULL,
  `comment` varchar(255) DEFAULT NULL,
  `createdOn` datetime NOT NULL,
  `modifiedOn` datetime NOT NULL,
  `codeGroupID` int(11) NOT NULL,
  `createdBy` int(11) NOT NULL,
  `modifiedBy` int(11) NOT NULL,
  PRIMARY KEY (`codeID`),
  KEY `com_code_ecf73129` (`codeGroupID`),
  KEY `com_code_34998857` (`createdBy`),
  KEY `com_code_91d33cc8` (`modifiedBy`),
  CONSTRAINT `com_code_codeGroupID_39209400_fk_com_codeGroup_codeGroupID` FOREIGN KEY (`codeGroupID`) REFERENCES `com_codeGroup` (`codeGroupID`),
  CONSTRAINT `com_code_createdBy_1a0fa046_fk_usr_user_userID` FOREIGN KEY (`createdBy`) REFERENCES `usr_user` (`userID`),
  CONSTRAINT `com_code_modifiedBy_fa63c35c_fk_usr_user_userID` FOREIGN KEY (`modifiedBy`) REFERENCES `usr_user` (`userID`)
) ENGINE=InnoDB DEFAULT CHARSET=utf8;
/*!40101 SET character_set_client = @saved_cs_client */;

--
-- Dumping data for table `com_code`
--

LOCK TABLES `com_code` WRITE;
/*!40000 ALTER TABLE `com_code` DISABLE KEYS */;
INSERT INTO `com_code` VALUES (100100,'Success','',NULL,NULL,'2016-12-12 19:09:57','2016-12-12 19:09:57',100,1,1),(100101,'Phone number is mandatory',' फोन नंबर अनिवार्य आहे',NULL,NULL,'2016-12-12 19:09:57','2016-12-12 19:09:57',100,1,1),(100102,'Invalid phone number',' अवैध फोन नंबर',NULL,NULL,'2016-12-12 19:09:57','2016-12-12 19:09:57',100,1,1),(100103,'Invalid OTP',' अवैध OTP',NULL,NULL,'2016-12-12 19:09:57','2016-12-12 19:09:57',100,1,1),(100104,'User validation failed',' वापरकर्ता अवैध्य',NULL,NULL,'2016-12-12 19:10:06','2016-12-12 19:10:06',100,1,1),(100105,'User cannot be authenticated',' वापरकर्ता अप्रमाणित',NULL,NULL,'2016-12-12 19:10:06','2016-12-12 19:10:06',100,1,1),(100106,'User cannot be authenticated',' वापरकर्ता अप्रमाणित',NULL,NULL,'2016-12-12 19:10:06','2016-12-12 19:10:06',100,1,1),(100107,'UserID cannot be empty',' वापरकर्ता नोंदणी आवश्यक',NULL,'user','2016-12-12 19:10:07','2016-12-12 19:10:07',100,1,1),(100108,'Content type cannot be empty',' सामग्री निवड आवश्यक',NULL,'Content','2016-12-12 19:10:07','2016-12-12 19:10:07',100,1,1),(100109,'File type cannot be empty',' फाईल निवड आवश्यक',NULL,'Content','2016-12-12 19:10:07','2016-12-12 19:10:07',100,1,1),(100110,'User not Registered',' नोंदणी करणे आवश्यक',NULL,NULL,'2016-12-12 19:10:06','2016-12-12 19:10:06',100,1,1),(100111,'User already exists. Please Sign In',' वापरकर्ता आधीपासूनच उपलब्ध आहे. साइन इन करा',NULL,NULL,'2016-12-12 19:10:06','2016-12-12 19:10:06',100,1,1),(100112,'Authentication Type is mandatory',' प्रमाणीकरण अनिवार्य आहे',NULL,NULL,'2016-12-12 19:10:06','2016-12-12 19:10:06',100,1,1),(100113,'Language cannot be empty',' भाषा निवड आवश्यक',NULL,'Language','2016-12-12 19:10:07','2016-12-12 19:10:07',100,1,1),(100114,'No records found',' काहीच उपलब्ध नाही',NULL,'content','2016-12-12 19:10:07','2016-12-12 19:10:07',100,1,1),(100115,'User does not exists',' वापरकर्ता अस्तित्वात नाही',NULL,'content','2016-12-12 19:10:07','2016-12-12 19:10:07',100,1,1),(100116,'File type cannot be empty',' फाईल निवड आवश्यक',NULL,'Self learning content search','2016-12-12 19:10:07','2016-12-12 19:10:07',100,1,1),(100117,'Language cannot be empty',' भाषा निवड आवश्यक',NULL,'Self learning content search','2016-12-12 19:10:07','2016-12-12 19:10:07',100,1,1),(100118,'No records found',' काहीच उपलब्ध नाही',NULL,'Self learning content search','2016-12-12 19:10:07','2016-12-12 19:10:07',100,1,1),(100119,'User does not exists',' वापरकर्ता अस्तित्वात नाही',NULL,'Self learning content search','2016-12-12 19:10:07','2016-12-12 19:10:07',100,1,1),(100120,'User does not exists',' वापरकर्ता अस्तित्वात नाही',NULL,'Save like','2016-12-13 16:34:01','2016-12-13 16:34:01',100,1,1),(100121,'Select the content for like',' सामग्री निवड आवश्यक',NULL,'Save like','2016-12-13 16:34:01','2016-12-13 16:34:01',100,1,1),(100122,'Content being liked, no longer exists',' सामग्री अस्तित्वात नाही',NULL,'Save like','2016-12-13 16:34:01','2016-12-13 16:34:01',100,1,1),(100123,'HasLiked connot be empty',' HasLiked आवश्यक',NULL,'Save like','2016-12-13 16:34:01','2016-12-13 16:34:01',100,1,1),(100124,'Value of HasLiked must be boolean',' ',NULL,'Save like','2016-12-13 16:34:03','2016-12-13 16:34:03',100,1,1),(100125,'User does not exists',' वापरकर्ता अस्तित्वात नाही',NULL,'update user profile','2016-12-13 16:34:01','2016-12-13 16:34:01',100,1,1),(100126,'User does not exists',' वापरकर्ता अस्तित्वात नाही',NULL,'get user detail','2016-12-13 16:34:02','2016-12-13 16:34:02',100,1,1),(100127,'Mobile device could not be registered for push notifications',' नोटीफिकेशन साठी ह्या मोबाईल ची नोंदणी नाही',NULL,'user registration','2016-12-13 16:34:02','2016-12-13 16:34:02',100,1,1),(100128,'Mobile device could not be registered for push notifications',' नोटीफिकेशन साठी ह्या मोबाईल ची नोंदणी नाही',NULL,'user signin','2016-12-13 16:34:02','2016-12-13 16:34:02',100,1,1),(100129,'Select the content to be downloaded',' डाऊनलोड करण्यासाठी सामग्री निवडा',NULL,'Save download response','2016-12-13 16:34:02','2016-12-13 16:34:02',100,1,1),(100130,'The content that you are trying to downloaded, no longer exists',' तुम्ही डाऊनलोड करत असलेली सामग्री उपलब्ध नाही',NULL,'Save download response','2016-12-13 16:34:02','2016-12-13 16:34:02',100,1,1),(100131,'User does not exists',' वापरकर्ता अस्तित्वात नाही',NULL,'Save download response','2016-12-13 16:34:02','2016-12-13 16:34:02',100,1,1),(100132,'Select the content to be shared',' शेअर करण्यासाठीची सामग्री निवडा',NULL,'Save content share response','2016-12-13 16:34:02','2016-12-13 16:34:02',100,1,1),(100133,'The content that you are trying to share, no longer exists',' तुम्ही शेअर करत असलेली सामग्री उपलब्ध नाही',NULL,'Save content share response','2016-12-13 16:34:02','2016-12-13 16:34:02',100,1,1),(100134,'User does not exists',' वापरकर्ता अस्तित्वात नाही',NULL,'Save content share response','2016-12-13 16:34:02','2016-12-13 16:34:02',100,1,1),(100135,'Select the content to be saved',' जतन करण्यासाठीची सामग्री निवडा',NULL,'save user content','2016-12-13 16:34:02','2016-12-13 16:34:02',100,1,1),(100136,'User does not exists',' वापरकर्ता अस्तित्वात नाही',NULL,'save user content','2016-12-13 16:34:02','2016-12-13 16:34:02',100,1,1),(100137,'The content that you are trying to save, no longer exists',' तुम्ही जातन करू इच्छित असलेली सामग्री उपलब्ध नाही',NULL,'save user content','2016-12-13 16:34:02','2016-12-13 16:34:02',100,1,1),(100138,'ContentID cannot be empty',' सामग्री ला id देणे आवश्यक आहे',NULL,'Get content response','2016-12-13 16:34:02','2016-12-13 16:34:02',100,1,1),(100139,'Content not exists',' सामग्री उपलब्ध नाही',NULL,'Get content response','2016-12-13 16:34:02','2016-12-13 16:34:02',100,1,1),(100140,'User does not exists',' वापरकर्ता अस्तित्वात नाही',NULL,'Get content response','2016-12-13 16:34:02','2016-12-13 16:34:02',100,1,1),(100141,'You have already saved this content',' तुम्ही हि सामग्री आधीच जतन केलेली आहे',NULL,'save user content','2016-12-13 16:34:02','2016-12-13 16:34:02',100,1,1),(100142,'There was a problem fetching training events',' प्रशिक्षण कार्यक्रम प्राप्त होत नाही',NULL,'list of user content','2016-12-13 16:34:03','2016-12-13 16:34:03',100,1,1),(100143,'Invalid inputs, cannot fetch calendar events',' चुकीच्या आज्ञावलीमुळे दिनदर्शिका कार्यक्रम प्राप्त होत नाही',NULL,'calendar event list','2016-12-13 16:34:02','2016-12-13 16:34:02',100,1,1),(100144,'Cannot create new event',' नवीन कार्यक्रम सुरु करू शकत नाही',NULL,'calendar event create','2016-12-13 16:34:02','2016-12-13 16:34:02',100,1,1),(100145,'Event to be attended, no longer exists',' तुम्ही उपस्थित राहू इच्छित असणारा कार्यक्रम उपलब्ध नाही',NULL,'calendar event attend','2016-12-13 16:34:02','2016-12-13 16:34:02',100,1,1),(100146,'User attending event was not found',' वापरकर्ता उपस्थित राहू इच्छित असणारा कार्यक्रम उपलब्ध नाही',NULL,'calendar event attend','2016-12-13 16:34:02','2016-12-13 16:34:02',100,1,1),(100147,'You are already attending this event',' तुम्ही या आधीच हा कार्यक्रमाला उपस्थित होता',NULL,'calendar event attend','2016-12-13 16:34:02','2016-12-13 16:34:02',100,1,1),(100148,'User does not exists',' वापरकर्ता अस्तित्वात नाही',NULL,'list of user content','2016-12-13 16:34:03','2016-12-13 16:34:03',100,1,1),(100149,'Select Teaching Aid / Self learning',' शैक्षणिक साहित्य/ स्वयंअध्ययन निवडा',NULL,'list of user content','2016-12-13 16:34:03','2016-12-13 16:34:03',100,1,1),(100150,'Select the content to be deleted',' सामग्री काढून टाकण्यासाठी निवडा',NULL,'delete user content','2016-12-13 16:34:03','2016-12-13 16:34:03',100,1,1),(100151,'The content that you are trying to delete, no longer exists',' तुम्ही जी सामग्री काढून टाकण्यासाठी प्रयत्न करत आहात ती अस्तित्वात नाही',NULL,'delete user content','2016-12-13 16:34:03','2016-12-13 16:34:03',100,1,1),(100152,'Select your preferred langauage',' तुमच्या आवडीची भाषा निवडा',NULL,'Save language','2016-12-13 16:34:03','2016-12-13 16:34:03',100,1,1),(100153,'User does not exists',' वापरकर्ता अस्तित्वात नाही',NULL,'Save language','2016-12-13 16:34:03','2016-12-13 16:34:03',100,1,1),(100154,'The profile photo chosen for upload, looks broken',' तुम्ही टाकू इच्छित असलेल्या प्रोफाईल फोटोला समस्या येत आहे',NULL,'save user photo','2016-12-13 16:34:03','2016-12-13 16:34:03',100,1,1),(100155,'User does not exists',' वापरकर्ता अस्तित्वात नाही',NULL,'save user photo','2016-12-13 16:34:03','2016-12-13 16:34:03',100,1,1),(100156,'No records found',' काहीच उपलब्ध नाही',NULL,'User content','2016-12-20 07:12:15','2016-12-20 07:12:15',100,1,1),(100157,'Code version number must be an integer',' आवृतीचा नंबर पूर्णांकात असावा',NULL,'Code List','2016-12-23 11:18:56','2016-12-23 11:18:56',100,1,1),(100158,'Invalid Code version number',' आवृतीचा नंबर चुकीचा आहे',NULL,'Code List','2016-12-23 11:18:56','2016-12-23 11:18:56',100,1,1),(101100,'English',' इंग्रजी',NULL,NULL,'2016-12-12 19:09:56','2016-12-12 19:09:56',101,1,1),(101101,'Marathi',' मराठी',NULL,NULL,'2016-12-12 19:09:56','2016-12-12 19:09:56',101,1,1),(101102,'Hindi','हिंदी',NULL,'','2017-01-11 12:05:17','2017-01-11 12:05:17',101,1,1),(101103,'Urdu','उर्दू',NULL,'','2017-01-11 12:05:17','2017-01-11 12:05:17',101,1,1),(102100,'Ahmednagar',' अहमदनगर',NULL,NULL,'2016-12-12 19:09:56','2016-12-12 19:09:56',102,1,1),(102101,'Akola',' अकोला',NULL,NULL,'2016-12-12 19:09:56','2016-12-12 19:09:56',102,1,1),(102102,'Amravati',' अमरावती',NULL,NULL,'2016-12-12 19:09:56','2016-12-12 19:09:56',102,1,1),(102103,'Aurangabad',' औरंगाबाद ',NULL,NULL,'2016-12-12 19:09:56','2016-12-12 19:09:56',102,1,1),(102104,'Beed',' बीड ',NULL,NULL,'2016-12-12 19:09:56','2016-12-12 19:09:56',102,1,1),(102105,'Bhandara',' भंडारा',NULL,NULL,'2016-12-12 19:09:56','2016-12-12 19:09:56',102,1,1),(102106,'Buldhana',' बुलढाणा',NULL,NULL,'2016-12-12 19:09:56','2016-12-12 19:09:56',102,1,1),(102107,'Chandrapur',' चंद्रपूर',NULL,NULL,'2016-12-12 19:09:56','2016-12-12 19:09:56',102,1,1),(102108,'Dhule',' धुळे',NULL,NULL,'2016-12-12 19:09:56','2016-12-12 19:09:56',102,1,1),(102109,'Gadchiroli',' गडचिरोली',NULL,NULL,'2016-12-12 19:09:56','2016-12-12 19:09:56',102,1,1),(102110,'Gondia',' गोंदिया',NULL,NULL,'2016-12-12 19:09:56','2016-12-12 19:09:56',102,1,1),(102111,'Hingoli',' हिंगोली',NULL,NULL,'2016-12-12 19:09:56','2016-12-12 19:09:56',102,1,1),(102112,'Jalgaon',' जळगाव',NULL,NULL,'2016-12-12 19:09:56','2016-12-12 19:09:56',102,1,1),(102113,'Jalna',' जालना',NULL,NULL,'2016-12-12 19:09:56','2016-12-12 19:09:56',102,1,1),(102114,'Kolhapur',' कोल्हापूर',NULL,NULL,'2016-12-12 19:09:56','2016-12-12 19:09:56',102,1,1),(102115,'Latur',' लातूर',NULL,NULL,'2016-12-12 19:09:56','2016-12-12 19:09:56',102,1,1),(102116,'Mumbai City',' मुंबई शहर',NULL,NULL,'2016-12-12 19:09:56','2016-12-12 19:09:56',102,1,1),(102117,'Mumbai Suburban',' मुंबई उपनगर',NULL,NULL,'2016-12-12 19:09:56','2016-12-12 19:09:56',102,1,1),(102118,'Nagpur',' नागपूर',NULL,NULL,'2016-12-12 19:09:56','2016-12-12 19:09:56',102,1,1),(102119,'Nanded',' नांदेड',NULL,NULL,'2016-12-12 19:09:56','2016-12-12 19:09:56',102,1,1),(102120,'Nandurbar',' नंदुरबार',NULL,NULL,'2016-12-12 19:09:56','2016-12-12 19:09:56',102,1,1),(102121,'Nashik',' नाशिक',NULL,NULL,'2016-12-12 19:09:56','2016-12-12 19:09:56',102,1,1),(102122,'Osmanabad',' उस्मानाबाद',NULL,NULL,'2016-12-12 19:09:56','2016-12-12 19:09:56',102,1,1),(102123,'Parbhani',' परभणी',NULL,NULL,'2016-12-12 19:09:56','2016-12-12 19:09:56',102,1,1),(102124,'Pune',' पुणे',NULL,NULL,'2016-12-12 19:09:56','2016-12-12 19:09:56',102,1,1),(102125,'Raigad',' रायगड',NULL,NULL,'2016-12-12 19:09:56','2016-12-12 19:09:56',102,1,1),(102126,'Ratnagiri',' रत्नागिरी',NULL,NULL,'2016-12-12 19:09:56','2016-12-12 19:09:56',102,1,1),(102127,'Sangli',' सांगली',NULL,NULL,'2016-12-12 19:09:56','2016-12-12 19:09:56',102,1,1),(102128,'Satara',' सातारा',NULL,NULL,'2016-12-12 19:09:56','2016-12-12 19:09:56',102,1,1),(102129,'Sindhudurg',' सिंधुदुर्ग',NULL,NULL,'2016-12-12 19:09:56','2016-12-12 19:09:56',102,1,1),(102130,'Solapur',' सोलापूर',NULL,NULL,'2016-12-12 19:09:56','2016-12-12 19:09:56',102,1,1),(102131,'Thane',' ठाणे',NULL,NULL,'2016-12-12 19:09:56','2016-12-12 19:09:56',102,1,1),(102132,'Wardha',' वर्धा',NULL,NULL,'2016-12-12 19:09:56','2016-12-12 19:09:56',102,1,1),(102133,'Washim',' वाशिम',NULL,NULL,'2016-12-12 19:09:56','2016-12-12 19:09:56',102,1,1),(102134,'Yavatmal',' यवतमाळ',NULL,NULL,'2016-12-12 19:09:56','2016-12-12 19:09:56',102,1,1),(102135,'Palghar',' पालघर',NULL,NULL,'2016-12-12 19:09:56','2016-12-12 19:09:56',102,1,1),(103100,'English',' इंग्रजी',NULL,NULL,'2016-12-12 19:10:06','2016-12-12 19:10:06',103,1,1),(103101,'Marathi',' मराठी',NULL,NULL,'2016-12-12 19:10:06','2016-12-12 19:10:06',103,1,1),(103102,'Maths',' गणित',NULL,NULL,'2016-12-12 19:10:06','2016-12-12 19:10:06',103,1,1),(103103,'Literacy','साक्षरता',NULL,'','2016-12-13 16:36:29','2016-12-13 16:36:29',103,1,1),(103104,'Tech Savvy basic','',NULL,'','2016-12-13 16:36:29','2016-12-13 16:36:29',103,1,1),(103105,'Urdu','उर्दू',NULL,'','2017-01-11 12:05:17','2017-01-11 12:05:17',103,1,1),(103106,'Environment study','परिसर अभ्यास',NULL,'','2017-01-11 12:05:17','2017-01-11 12:05:17',103,1,1),(104100,'1',' 1',NULL,NULL,'2016-12-12 19:10:06','2016-12-12 19:10:06',104,1,1),(104101,'2',' 2',NULL,NULL,'2016-12-12 19:10:06','2016-12-12 19:10:06',104,1,1),(104102,'3',' 3',NULL,NULL,'2016-12-12 19:10:06','2016-12-12 19:10:06',104,1,1),(104103,'4',' 4',NULL,NULL,'2016-12-12 19:10:06','2016-12-12 19:10:06',104,1,1),(104104,'5',' 5',NULL,NULL,'2016-12-12 19:10:06','2016-12-12 19:10:06',104,1,1),(104105,'6',' 6',NULL,NULL,'2016-12-12 19:10:06','2016-12-12 19:10:06',104,1,1),(104106,'7',' 7',NULL,NULL,'2016-12-12 19:10:06','2016-12-12 19:10:06',104,1,1),(104107,'8',' 8',NULL,NULL,'2016-12-12 19:10:06','2016-12-12 19:10:06',104,1,1),(104108,'9',' 9',NULL,NULL,'2016-12-12 19:10:06','2016-12-12 19:10:06',104,1,1),(104109,'10',' 10',NULL,NULL,'2016-12-12 19:10:06','2016-12-12 19:10:06',104,1,1),(105100,'Computer','कॉम्पुटर',NULL,NULL,'2016-12-12 19:10:07','2016-12-12 19:10:07',105,1,1),(105101,'Youtube','युटूब',NULL,NULL,'2016-12-12 19:10:07','2016-12-12 19:10:07',105,1,1),(105102,'Blog','ब्लॉग',NULL,'','2016-12-13 00:00:00','2016-12-13 00:00:00',105,1,1),(105103,'Mobile','मोबाईल',NULL,'','2016-12-13 00:00:00','2016-12-13 00:00:00',105,1,1),(105104,'Internet','इंटरनेट',NULL,'','2016-12-13 00:00:00','2016-12-13 00:00:00',105,1,1),(105105,'Mathematics','गणित',NULL,'','2017-01-11 00:00:00','2017-01-11 00:00:00',105,1,1),(105106,'Literacy','साक्षरता',NULL,'','2017-01-11 12:05:17','2017-01-11 12:05:17',105,1,1),(105107,'Tech Savvy basic','',NULL,'','2017-01-11 12:05:17','2017-01-11 12:05:17',105,1,1),(105108,'Marathi','मराठी',NULL,'','2017-01-11 12:05:17','2017-01-11 12:05:17',105,1,1),(105109,'Science','विज्ञान',NULL,'','2017-01-11 12:05:17','2017-01-11 12:05:17',105,1,1),(105110,'English','इंग्रजी',NULL,'','2017-01-11 12:05:17','2017-01-11 12:05:17',105,1,1),(105111,'Environment study','परिसर अभ्यास',NULL,'','2017-01-11 12:05:17','2017-01-11 12:05:17',105,1,1),(106100,'Skill1','',NULL,NULL,'2016-12-12 19:11:37','2016-12-12 19:11:37',106,1,1),(106101,'Skill2','',NULL,NULL,'2016-12-12 19:11:37','2016-12-12 19:11:37',106,1,1),(107100,'Teaching aids',' शैक्षणिक साधने',1,NULL,'2016-12-12 00:00:00','2016-12-12 00:00:00',107,1,1),(107101,'Self learning',' स्वअध्ययन',2,NULL,'2016-12-12 00:00:00','2016-12-12 00:00:00',107,1,1),(107102,'Trainings',' प्रशिक्षणे',3,NULL,'2016-12-12 00:00:00','2016-12-12 00:00:00',107,1,1),(108100,'Video',' व्हिडीओ',1,NULL,'2016-12-12 00:00:00','2016-12-12 00:00:00',108,1,1),(108101,'Audio',' ऑडिओ',2,NULL,'2016-12-12 00:00:00','2016-12-12 00:00:00',108,1,1),(108102,'PPT',' पीपीटी',3,NULL,'2016-12-12 00:00:00','2016-12-12 00:00:00',108,1,1),(108103,'Worksheet',' वर्कशीट',4,NULL,'2016-12-12 00:00:00','2016-12-12 00:00:00',108,1,1),(108104,'PDF','पीडीफ',5,'','2016-12-13 00:00:00','2016-12-13 00:00:00',108,1,1),(109100,'Teacher',' शिक्षक',NULL,NULL,'2016-12-12 19:10:06','2016-12-12 19:10:06',109,1,1),(110100,'Registration',' नोंदणी',NULL,NULL,'2016-12-12 19:10:06','2016-12-12 19:10:06',110,1,1),(110101,'SignIn',' साइन इन',NULL,NULL,'2016-12-12 19:10:06','2016-12-12 19:10:06',110,1,1),(110102,'Share','',NULL,'Used for content response','2016-12-13 16:34:02','2016-12-13 16:34:02',111,1,1),(111100,'Like','',NULL,'Used for content response','2016-12-13 16:34:02','2016-12-13 16:34:02',111,1,1),(111101,'Download','',NULL,'Used for content response','2016-12-13 16:34:02','2016-12-13 16:34:02',111,1,1),(200100,'User token is invalid, please try with valid token','वापरकर्ता टोकन अवैध आहे, वैध टोकन प्रयत्न करा',NULL,'user','2016-12-20 07:12:21','2016-12-20 07:12:21',200,1,1),(200101,'Phone number is not registered with the system','फोन नंबर प्रणाली सह नोंदणीकृत नाही',NULL,'user','2016-12-20 07:12:21','2016-12-20 07:12:21',200,1,1),(200102,'Invalid pass key','अवैध पास की',NULL,'user','2016-12-20 07:12:21','2016-12-20 07:12:21',200,1,1),(200103,'Valid user for sending notifications','सूचना पाठवणे वैध वापरकर्ता',NULL,'user','2016-12-20 07:12:21','2016-12-20 07:12:21',200,1,1);
/*!40000 ALTER TABLE `com_code` ENABLE KEYS */;
UNLOCK TABLES;

--
-- Table structure for table `com_codeGroup`
--

DROP TABLE IF EXISTS `com_codeGroup`;
/*!40101 SET @saved_cs_client     = @@character_set_client */;
/*!40101 SET character_set_client = utf8 */;
CREATE TABLE `com_codeGroup` (
  `codeGroupID` int(11) NOT NULL,
  `codeGroupName` varchar(255) NOT NULL,
  `createdOn` datetime NOT NULL,
  `modifiedOn` datetime NOT NULL,
  `createdBy` int(11) NOT NULL,
  `modifiedBy` int(11) NOT NULL,
  PRIMARY KEY (`codeGroupID`),
  UNIQUE KEY `codeGroupName` (`codeGroupName`),
  KEY `com_codeGroup_34998857` (`createdBy`),
  KEY `com_codeGroup_91d33cc8` (`modifiedBy`),
  CONSTRAINT `com_codeGroup_createdBy_343aafbd_fk_usr_user_userID` FOREIGN KEY (`createdBy`) REFERENCES `usr_user` (`userID`),
  CONSTRAINT `com_codeGroup_modifiedBy_4809b3b6_fk_usr_user_userID` FOREIGN KEY (`modifiedBy`) REFERENCES `usr_user` (`userID`)
) ENGINE=InnoDB DEFAULT CHARSET=utf8;
/*!40101 SET character_set_client = @saved_cs_client */;

--
-- Dumping data for table `com_codeGroup`
--

LOCK TABLES `com_codeGroup` WRITE;
/*!40000 ALTER TABLE `com_codeGroup` DISABLE KEYS */;
INSERT INTO `com_codeGroup` VALUES (100,'Messages','2016-12-12 19:09:56','2016-12-12 19:09:56',1,1),(101,'Language','2016-12-12 19:09:56','2016-12-12 19:09:56',1,1),(102,'Districts','2016-12-12 19:09:56','2016-12-12 19:09:56',1,1),(103,'Subjects','2016-12-12 19:09:56','2016-12-12 19:09:56',1,1),(104,'Grades','2016-12-12 19:09:56','2016-12-12 19:09:56',1,1),(105,'Topics','2016-12-12 19:09:56','2016-12-12 19:09:56',1,1),(106,'Skills','2016-12-12 19:09:56','2016-12-12 19:09:56',1,1),(107,'Content Types','2016-12-12 19:09:56','2016-12-12 19:09:56',1,1),(108,'File Types','2016-12-12 19:09:56','2016-12-12 19:09:56',1,1),(109,'User Types','2016-12-12 19:10:06','2016-12-12 19:10:06',1,1),(110,'Authentication Types','2016-12-12 19:10:06','2016-12-12 19:10:06',1,1),(111,'Content Response Types','2016-12-13 16:34:02','2016-12-13 16:34:02',1,1),(200,'Webportal Messages','2016-12-20 07:12:15','2016-12-20 07:12:15',1,1);
/*!40000 ALTER TABLE `com_codeGroup` ENABLE KEYS */;
UNLOCK TABLES;

--
-- Table structure for table `com_news`
--

DROP TABLE IF EXISTS `com_news`;
/*!40101 SET @saved_cs_client     = @@character_set_client */;
/*!40101 SET character_set_client = utf8 */;
CREATE TABLE `com_news` (
  `newsID` int(11) NOT NULL AUTO_INCREMENT,
  `newsTitle` varchar(255) NOT NULL,
  `author` varchar(255) NOT NULL,
  `imageURL` varchar(255) DEFAULT NULL,
  `content` longtext,
  `createdOn` datetime NOT NULL,
  `modifiedOn` datetime NOT NULL,
  `createdBy` int(11) NOT NULL,
  `modifiedBy` int(11) NOT NULL,
  PRIMARY KEY (`newsID`),
  KEY `com_news_createdBy_db8ccd67_fk_usr_user_userID` (`createdBy`),
  KEY `com_news_modifiedBy_1139a632_fk_usr_user_userID` (`modifiedBy`),
  CONSTRAINT `com_news_createdBy_db8ccd67_fk_usr_user_userID` FOREIGN KEY (`createdBy`) REFERENCES `usr_user` (`userID`),
  CONSTRAINT `com_news_modifiedBy_1139a632_fk_usr_user_userID` FOREIGN KEY (`modifiedBy`) REFERENCES `usr_user` (`userID`)
) ENGINE=InnoDB AUTO_INCREMENT=4 DEFAULT CHARSET=utf8;
/*!40101 SET character_set_client = @saved_cs_client */;

--
-- Dumping data for table `com_news`
--

LOCK TABLES `com_news` WRITE;
/*!40000 ALTER TABLE `com_news` DISABLE KEYS */;
INSERT INTO `com_news` VALUES (1,'आंतरराष्ट्रीय शैक्षणिक दर्जाच्या 100 शाळा राज्यात णिर्माि करिे.  ','SCERT',NULL,'प्रस्ताविा :  \n  र्मा. र्मुख्यर्मंत्री र्महोदयािं ी गतवर्षी राज्यास शैक्षणिक कार्मणगरीत देशात प्रथर्म तीि क्रर्माकंार्मध्ये आििे व र्माध्यणर्मक णशक्षिातील र्मुलींच्या गळतीचे प्रर्माि 5% इतके खाली आििे हे र्महत्वाचे Key Result Areas णिणित केलेले होते.  यािुसार णवभागातर्फे “प्रगत शैक्षणिक र्महाराष्ट्र”  हा कायणक्रर्म आखण्यात आला व त्या संदभातील शासि णििणय णदिाकं 22 र्जूि, 2015 व णदिाकं 16 सप्टेंबर, 2016 रोर्जी णिगणणर्मत करण्यात आलेले आहेत.    प्रगत शैक्षणिक र्महाराष्ट्रार्मध्ये यावर्षी णवद्यार्थ्यांच्या णकर्माि अध्ययि क्षर्मता 60% पयंत असाव्यात असे णिणित करण्यात आलेले आहे.  र्महाराष्ट्र प्रगतशील राज्य असूि राज्यातील काही शाळा आंतरराष्ट्रीय शैक्षणिक र्मािके प्राप्त करिाऱ्या शाळा असाव्यात याबाबतची घोर्षिा                र्मा. र्मुख्यर्मंत्री र्महोदयािंीणदिाकं 8 ऑक्टोबर, 2016 रोर्जी णशक्षक पुरस्कार कायणक्रर्मात केलेली आहे.    आंतरराष्ट्रीय पातळीवरगणित, भार्षा व णवज्ञाि या णवर्षयासंाठी काही चाचण्या तयार करण्यात आल्या आहेत.  या चाचण्या पुढीलप्रर्मािे आहेत.  1. PIRLS (Progress in International Reading Literacy Study): ही चाचिी र्फक्त भार्षेसाठी असते व इयत्ता चौथीच्या वगातील र्मुलासंाठी आयोणर्जत केली र्जाते.  ही चाचिी दर 5 वर्षांिी घेतली र्जाते.   2. TIMSS (Trends in International Mathematics and Science Study) :ही चाचिी गणित आणि णवज्ञाि या णवर्षयासाठी असते.  इयत्ता चौथीच्या व आठवीच्या वगातील र्मुलासंाठी आयोणर्जत केली र्जाते.  ही चाचिी दर 4 वर्षांिी घेतली र्जाते.   3. PISA (Programme for International Student Assessment) ही चाचिी गणित, णवज्ञाि आणि भार्षा या णवर्षयासाठी असते.  15 वर्षण वयाच्या र्मुलासंाठी आयोणर्जत केली र्जाते.  ही  चाचिी दर 3 वर्षांिी घेतली र्जाते.   राज्यातील णवद्यार्थ्यांिा उपरोक्त िर्मूद करण्यात आलेल्या आंतरराष्ट्रीय पातळीवरील चाचण्यार्मंध्ये प्रणवष्ट्ठ होण्याकणरता तयार करायचे असेल तर त्याची सुरुवात म्हििू राज्यार्मध्ये शाळा आंतरराष्ट्रीय दर्जाच्या करिे गरर्जेचे आहे.  \nशासि णििणय क्रर्मांकः शैगुणव 2016/(29/2016)/एसडी-6 \n \nपृष्ट्ठ 3 पैकी 2  \n \nशासि णििणय :  उपरोक्त बाबी णवचारात घेवूि राज्यातील णिवडक १०० शाळा आंतरराष्ट्रीय दर्जाच्या शैक्षणिक पातळीपयंत णिर्माि करण्यात येतील.  णर्जल्हा पणरर्षद / र्महािगरपाणलकाच्ंया शाळातंूि याकणरता 100 शाळाचंी णिवड करण्यात येईल.   तसेच आणशया खंडातील उत्कृष्ट्ट कार्म करिाऱ्या ससगापूर, दणक्षि कोणरया, चीि, र्जपाि, हााँग कााँग या देशातील णशक्षि पध्दतीणवर्षयींची र्माणहती णवभागातर्फे णवचारात घेवूि या शाळािंा आंतरराष्ट्रीय शैक्षणिक पातळीपयंत िेण्याकणरता कृती आराखडा तयार करण्यात येईल.  तसचे या अिुर्षंगािे आवश्यक सूचिा / प्रशासकीय णििणय वळेोवळेी णिगणणर्मत करण्यात येतील.  सदर शासि णििणय शासिाच्या www.maharashra.gov.inया संकेत स्थळावर उपलब्ध करण्यात आला असूि त्याचा संगिक साकंेताकं क्रर्माकं 201610151123124321 असा  आहे. हा आदेश णडर्जीटल स्वाक्षरीिे साक्षाणंकत करुि काढण्यात येत आहे.  \n  र्महाराष्ट्राचे राज्यपाल याच्ंया आदेशािुसार व िावािंे, \n \n \n      ( िंद कुर्मार )      प्रधाि सणचव, र्महाराष्ट्र शासि \nप्रणत,  1. र्मा. राज्यपालाचंे सणचव, रार्जभवि, र्मंबुई 2. र्मा. र्मुख्यर्मंत्री याचंे खार्जगी सणचव 3. र्मा. र्मंत्री, शालेय णशक्षि व क्रीडा णवभाग याचंे खार्जगी सणचव 4. र्मा. र्मुख्य सणचव याचंे उपसणचव 5. र्मा. प्रधाि सणचव, शालेय णशक्षि व क्रीडा णवभाग याचंे स्वीय सहायक 6. आयुक्त (णशक्षि), र्महाराष्ट्र राज्य, पुिे 7. राज्य प्रकल्प सचंालक, र्महाराष्ट्र प्राथणर्मक णशक्षि पणरर्षद, र्मंबुई 8. राज्य प्रकल्प सचंालक, राष्ट्रीय र्माध्यणर्मक णशक्षा अणभयाि, र्मंबुई 9. अध्यक्ष, र्माध्यणर्मक व उच्च र्माध्यणर्मक णशक्षि र्मंडळ, र्महाराष्ट्र राज्य, पुिे. 10. णशक्षि संचालक (प्राथणर्मक/र्माध्यणर्मक), र्महाराष्ट्र राज्य, पुिे.  11. संचालक, र्महाराष्ट्र राज्य शैक्षणिक संशोधि व प्रणशक्षि पणरर्षद, पुिे.  12. संचालक, र्महाराष्ट्र राज्य पणरक्षा पणरर्षद, पुिे 13. संचालक, प्रौढ णशक्षि, पुिे  14. सव णर्मुख्य कायणकारी अणधकारी, णर्जल्हा पणरर्षद  15. आयुक्त, सव णर्महािगरपाणलका 16. सव णणवभागीय अध्यक्ष, र्माध्यणर्मक व उच्च र्माध्यणर्मक णशक्षि र्मंडळ.  \nशासि णििणय क्रर्मांकः शैगुणव 2016/(29/2016)/एसडी-6 \n \nपृष्ट्ठ 3 पैकी 3  \n \n17. सव णणवभागीय सणचव, र्माध्यणर्मक व उच्च र्माध्यणर्मक णशक्षि र्मंडळ.  18. सव णणवभागीय णशक्षि उपसंचालक. 19. णशक्षिाणधकारी (प्राथणर्मक/र्माध्यणर्मक), णर्जल्हा पणरर्षद सव.ण  20. णशक्षि णिणरक्षक र्मंबुई (पणिर्म, दणक्षि व उत्तर) 21. प्रशासि अणधकारी, र्महािगरपाणलका सवण 22. संचालक, णवज्ञाि संस्था, िागपूर 23. संचालक, आंग्लभार्षा संस्था, औरंगाबाद 24. सव णडायट प्राचायण  25. सव णगटणशक्षिाणधकारी  26. सव णप्राथणर्मक व र्माध्यणर्मक शाळाचंे र्मुख्याध्यापक (णशक्षिाणधकारी, प्राथणर्मक व र्माध्यणर्मक याचंे र्मार्फणत) 27. शालेय णशक्षि णवभागातील सव णसहसणचव, उपसणचव, अवर सणचव व कक्ष अणधकारी 28. णिवड िस्ती, एसडी-6 \n ','2017-01-11 12:05:24','2017-01-11 12:05:24',1,1),(2,'जलद प्रगत शैक्षणिक महाराष्ट्र कार्यक्रम','SCERT',NULL,'वाचा :  1.  प्रगत शैक्षणिक महाराष्ट्र कार्यक्रम अांमलबजाविी शासन णनियर् णद. 22/06/2015. 2. सरल प्रिाली शासन णनियर् णद. 03/07/2015. 3. वाचन प्रेरिा णदन साजरा करिेबाबत शासन णनियर् णद. 07/10/2015. 4. स्वच्छ णवद्यालर् स्वच्छ महाराष्ट्र कार्यक्रम शासन णनियर् णद. 07/10/2015. 5. गुिवत्ता वाढ व गळती कमी करण्र्ाबाबत शासन पणरपत्रक णद.28/10/2015. 6. समृद्ध शाळा शासन पणरपत्रक णदनाकां 23/03/2016. 7. शाळाचांी मानक व मूल्र्मापनाकणरता शाळा णसद्धी शासन णनियर् णद. 30/03/2016. 8. आांतरराष्ट्रीर् शाळा शासन णनियर् णद. 1४/10/2016 ९. णवद्या प्राणिकरि पुनरयचना शासन णनियर् णद. 17/10/2016. १०. KRA शासन पणरपत्रक णद.03/11/2016. ११. स्थलातांरिा बाबत सवय णशक्षा अणभर्ान पणरपत्रक णदनाकां ०१/१०/२०१५  १२. स्थलातांरिा बाबत शासन पणरपत्रक णद. ०३/११/2016. १३. गणित णवषर्ाबाबत शासन पणरपत्रक णद. १९/११/2016. 1४. सांकेतस्थळावरील इ-साणहत्र्ाचा उपर्ोग शासन पणरपत्रक णद. ०६/१२/2016. \n शासन पणरपत्रक :- राज्र्ाने णदनाकां २२ जून २०१५ पासून प्रगत शैक्षणिक महाराष्ट्र कार्यक्रमास सुरुवात केली आहे. र्ासां णशक्षकाचांा खूप चागांला प्रणतसाद णमळाला आणि तो र्शस्वीपिे होऊ लागला आहे.  र्ा कार्यक्रमात प्रगत शाळेची सांकल्पना समोर आिली आणि ती देखील लोकानां ा आवडली.ती सांकल्पना आता पूिय राज्र्ामध्र्े रुजू होत असल्र्ामुळे र्ा वषीच्र्ा Key Result Area मध्र्े             मा. मुख्र्मांत्री महोदर्ानांा हे साणांगतले गेले की, प्राथणमक शाळापांैकी ५० टक्के, उच्च प्राथणमक शाळापांैकी २५ टक्के आणि माध्र्णमक शाळापांैकी २० टक्के शाळा प्रगत करण्र्ात र्ेतील.  मा. मुख्र्मांत्री महोदर्ानांी णडसेंबर, २०१६ च्र्ा पणहल्र्ा आठवडर्ात की णरझल्ट एरीर्ा (Key Result Area) चा आढावा घेतला तेव्हा त्र्ानांा णनदशयनास आले की १५,००० प्राथणमक शाळा, ४,००० उच्च प्राथणमक शाळा प्रगत झाल्र्ा आहेत. प्राथणमक शाळाांची प्रगती फार कमी णदसली कारि ५० टक्के म्हिजे ३३,००० शाळा प्रगत करिे अपेणक्षत आहे.  त्र्ामुळे मा.मुख्र्मांत्री महोदर्ानांी र्ाची गती वाढणवण्र्ाची सूचना केली आहे.  म्हिनू आता प्रगत शैक्षणिक महाराष्ट्राऐवजी जलद प्रगत शैक्षणिक महाराष्ट्र कार्यक्रम घेण्र्ाचे ठरले आहे. मागील वषाच्र्ा अनुभवाच्र्ा आिारे असे णदसून र्ेते की, मुख्र्त्व ेणशक्षकाांनी काम केले आहे. पर्यवक्षे ीर् अणिकाऱर्ापां ैकी मोजक्र्ा जिाांनी काम केले. जलद प्रगत शैक्षणिक महाराष्ट्र कार्यक्रमामध्र्े पर्यवक्षेीर् अणिकारी आणि शासन णशक्षकाच्ांर्ा मदतीला िावून र्ेिे अपेणक्षत आहे.  जलद प्रगत शैक्षणिक महाराष्ट्र कार्यक्रमाचे घटक खालीलप्रमािे राहतील.   \n \n \nशासन पणरपत्रक क्रमाांकःसांकीिय 2016/प्र.क्र.202/एसडी.-६. \n \nपृष्ट्ठ 8 पैकी 2 \n१. प्रगत शाळानांा भटेी :-  णशक्षकानांी कुमठे बीट, तादाळी बीट, णमरज तालुका, णनफाड बीट अशा प्रगत बीट आणि तालुक्र्ातील प्रगत शाळाांना  भटे णदल्र्ामुळे णशक्षकाांना त्र्ाच्ांर्ा शाळा प्रगत करण्र्ास मदत णमळाली, असे सव यणजल्हर्ाच्ांर्ा आढाव्र्ामध्र्े णदसून आले.  परांतु असेही णदसून आले आहे की, सव य णशक्षकानां ी प्रगत शाळानां ा भटे ी णदलेल्र्ा नाहीत.  प्रत्र्ेक णजल्हर्ामध्र्े णठकणठकािी शाळा प्रगत झालेल्र्ा आहेत. त्र्ामुळे सवांनी आता कुमठे बीट, तादाळी बीट, णमरज तालुका, णनफाड बीट र्ेथे जाण्र्ाची गरज नाही.  तरीसुध्दा मुळचे प्रगत झालेले बीट बघिे केव्हाही चागांले राहील. त्र्ामुळे जलद प्रगत शैक्षणिक महाराष्ट्र कार्यक्रम अांतगयत राज्र्ातील सव यणशक्षकानांी त्र्ाच तालुक्र्ातील, त्र्ाच कें द्राच्र्ा, त्र्ाच णजल्हर्ाच्र्ा णकमान काही प्रगत शाळा पहाव्र्ात.  हा एक कार्यक्रम सव यणजल्हर्ानांी णनर्ोजनपूवकय राबवावा आणि पुढील एक मणहन्र्ाच्र्ा आत हा कार्यक्रम पूिय करावा. जेिेकरुन णशक्षकानांा त्र्ाचांी शाळा प्रगत करण्र्ाची णदशा णमळू शकेल. २. राज्र्ातील प्रत्र्ेक वगय णडजीटल करिे :-   2.1 राज्र्ामध्र्े णडजीटल शाळेची चळवळ उभी राणहली आहे.  मागील प्रणक्रर्ा अहवालातील माणहतीनुसार सुमारे २५,००० शाळा णडजीटल झाल्र्ा आहेत.  र्ा शाळा णडजीटल करण्र्ासाठी प्रत्र्ेक शाळेनी रु.७०,००० ते रु.१,००,००० पर्ंत खचय केले आहेत.  आता णडजीटल शाळाांबाबत नवीन णवचार समोर र्ेत आहे.  त्र्ात शाळा णडजीटल करण्र्ासाठी लागिारा खचय हा स्वस्त झाला आहे.  र्ामुळे प्रत्र्ेक शाळाच नव्हे तर प्रत्र्ेक वगय णडजीटल करिे शक्र् झाले आहे,  कारि की साणहत्र्ाच्र्ा णकमती कमी झाल्र्ा आहेत.  णडजीटल शाळा म्हिज ेकार्? र्ाचे बरेच टप्पे असू शकतात.  पि जलद प्रगत शैक्षणिक महाराष्ट्र कार्यक्रम राबणवण्र्ासाठी णशक्षकानांी तांत्रस्नेही (Tech Savvy) होण्र्ापूवी व शाळाकां डे णनिी उपलब्ि नसल्र्ावरसुध्दा १०० टक्के शाळामांिील १०० टक्के वगय णडजीटल करिे आवश्र्क आहे.  वगय णडजीटल प्रत्र्ेक मुलाच्र्ा हातात एक टॅबलेट तर प्रत्र्ेक वगात एक इांटरेक्टीव्ह बोडय असिे ही शाळा णडणझटल करण्र्ाची सवोत्कृष्ट्ठ र्ुक्ती आहे.  परांतू, वतयमान पणरस्स्थतीत प्रत्र्ेक वगासाठी शाळेने लोकसभागातून तसेच अन्र् माध्र्मातूनमदत णमळवून प्रत्र्ेक वगात ३२ इांची ककवा त्र्ापेक्षा मोठा णटव्ही, तसेच णमरा कास्ट णडव्हाईस ककवा त्र्ासारखेच बाजारात उपलब्ि असलेले इतर णडव्हाईस ज्र्ामुळे Android Computer Stick णटव्हीला जोडता र्ेते,  एक Android Computer Stick  ककवा एक टॅबलेट घ्र्ावर्ाची आवश्र्कता आहे.  Android Computer Stick नसेल तरीसुध्दा णशक्षक स्वत:चा मोबाईल वापरुन मोठर्ा णटव्हीमध्र्े मोठर्ा आवाजात णवद्यार्थ्र्ांना णवणवि साणहत्र् दाखवू शकतो.  आपल्र्ा शाळामांिील  अणिकाशां वगय लहान असल्र्ामुळे ३२ इांची णटव्हीमध्र्े सव य शैक्षणिक आज्ञावली व सादरीकरि (प्रेझेंटेशन) दाखणविे शक्र् आहे.  हे जर केल े तर रु.१२,००० चा णटव्ही आणि रु. १,५०० चा णमरा कास्ट णडव्हाईस आणि चागांले रॅम आणि मेमरी असलेले Android Computer Stick  ककवा टॅबलेट असे सव य णमळून रु. २०,००० च्र्ा आत सव यखचय भागणविे शक्र् आहे.  अशा रु.२०,००० च्र्ा \nशासन पणरपत्रक क्रमाांकःसांकीिय 2016/प्र.क्र.202/एसडी.-६. \n \nपृष्ट्ठ 8 पैकी 3 \nपटीत खच यकरुन राज्र्ातील सव यशाळामांिील सवय वगय माचय २०१७ अखेर णडजीटल करुन घेण्र्ात र्ावते. प्रत्र्ेक वगय णडजीटल करण्र्ाचे लाभ मुद्दा क्र.४ मध्र्े णवषद केले आहेत.  2.2 पष्ट्टेपाडा र्ेथील शाळेला मा. सणचव, मानव सांसािन णवकास मांत्रालर्, भारत सरकार र्ाच्ांर्ा समवते भेट णदली असता 15,000 रुपर्ात अशा प्रकारचे प्रोजेक्टर णमळते.  ज्र्ाने कोिताही बोडय इांटरएस्क्टव्ह बोडय होऊ शकतो.  इांटरएस्क्टव्ह बोडयमुळे वगय अणिक ज्ञानरचनावादी होतो.  तेव्हा आत्मणवश्वासी णशक्षकानांी टी.व्ही. ऐवजी इांटरॲक्टीव्ह प्रोजेक्टर घ्र्ावा.  तसेच, ज्र्ा शाळानांा णवजेची समस्र्ा असेल त्र्ानां ी रुपर्े 15,000 मध्र्े सोलर बॅटरी घ्र्ावी.  र्ाबाबतचे Specification (तपशील) व अणिकची माणहती णवद्या प्राणिकरिाच्र्ा सांकेतस्थळावर णमळेल. ३. १०० टक्के णशक्षकानांा तांत्रस्नेही(Tech Savvy)करिे :- 3.1. वर नमूद केल्र्ाप्रमािे णटव्हीवर आिाणरत णडजीटल वगय केले तर णशक्षकानां ा तातडीने तांत्रस्नेही(Tech Savvy)होण्र्ाची गरज नाही, परांतु Tech Savvy णशक्षक चळवळ राज्र्भर मोठर्ा प्रमािावर सुरु आहे.  राज्र्ात सुमारे 48,611 णशक्षकानांी स्वत:ला Tech Savvy म्हिनू घोणषत केल ेआहेत.  राज्र्ात ७.२५ लाख णशक्षक आहेत आणि सव यणशक्षकानांी Tech Savvy होिे गरजेचे आहे.  र्ासाठी आतापर्ंत www.technoteachers.inर्ा सांकेतस्थळावर Tech Savvy म्हिनू स्वत:ची नोंद झालेल्र्ा णशक्षकानांी जबाबदारी घ्र्ावी. र्ामुळे राज्र्ातील सव यणशक्षक Tech Savvy होऊ शकतात.   3.2. तसेही वगेळर्ा पध्दतीने णवश्लेषि केले तर प्रत्र्ेक णशक्षक Tech Savvy आहे.  कारि की, आज जे Mobile Handset आपि वापरतो तो Mobile Handset चांद्रर्ान सोडण्र्ाकणरता १९६९ साली वापरण्र्ात आलेल्र्ा Super Computer पेक्षा जास्त णवकणसत आहे.  आजच्र्ा Mobile Handset मध्र्े जेवढे Components वापरले गेले आहेत त्र्ावळेी तेवढे Components वापरले गेले असते तर त्र्ाची आजची ककमत रु.७ कोटी राणहली असती.  आज वापरात असलेलाMobile Handset जरी स्वस्त आणि वापरण्र्ास सोपा असला तरी तो Super Computerआहे हे सवांनी मान्र् केले पाणहजे.  म्हिनू प्रत्र्ेक णशक्षकानांा Computer हाताळता र्ेतो हे त्र्ानांी मान्र् करार्ला पाणहजे.  त्र्ा णशक्षकानांी त्र्ाच्ांर्ा डोक्र्ातून ते Tech Savvyनाहीत ही बाब काढून टाकिे गरजेच ेआहे.  हे पटवून देण्र्ाचे काम राज्र्ातील सव य Tech Savvyणशक्षकाच्ां र्ा माध्र्मातून करण्र्ात र्ाव.े  ही प्रणक्रर्ादेखील माचय २०१७ पर्ंत पूिय करण्र्ात र्ावी. ४. १०० टक्के सांकल्पनावांर ई-साणहत्र् तर्ार करिे :-   सव यवगय णडजीटल होिार असल्र्ामुळे प्रत्र्ेक वगातील, प्रत्र्ेक णवषर्ातील, प्रत्र्ेक पानावर आिाणरत ज्र्ा काही सांकल्पना आहेत त्र्ावर णकमान ५ स्व्हडीओ ककवा ५ प्रेझेंटेशन ककवा गािी, गोष्ट्टी ककवा आकषयक णलणखत सामुग्री हे अपलोड करण्र्ाचे णनर्ोजन झालेले आहे. र्ासाठीचे काम णवद्या प्राणिकरि, पिुे माफयत MITRA (Maharashtra In-service Teacher Recourse App)हे ॲप णवकणसत होत आहे.  \nशासन पणरपत्रक क्रमाांकःसांकीिय 2016/प्र.क्र.202/एसडी.-६. \n \nपृष्ट्ठ 8 पैकी 4 \nहे काम पूिय करुन घेण्र्ात र्ाव.े  असे केल्र्ाने णशक्षकाचांे काम खूप सोपे होिार आहे आणि बऱर्ाचशा गोष्ट्टी Audio Visualने पाणहल्र्ामुळे मुले झपाटर्ाने णशकिार आहेत.  र्ालाच आपि जलद प्रगत शैक्षणिक महाराष्ट्र कार्यक्रम म्हििार आहोत. ५. एक स्टेप र्ा प्लटॅफॉमयवर नोंदिी करिे :-  एक स्टेप र्ा णशक्षिासाठी काम करिाऱर्ा सांस्थेसोबत शासनाची चचा झाली.  राज्र्ाने WhatsApp च्र्ा माध्र्मातून मोठी चळवळ उभी केली आहे. परांतु WhatsApp च्र्ा काही मर्ादा आहेत.  २५६ पेक्षा जास्त सदस्र् होऊ शकत नाही.  आिीचे मेसेज वाचिे अवघड होते.  तेच तेच मेसेज वगेवगेळर्ा WhatsApp Group मध्र्े परत र्ेतात.  राज्र्ातील णशक्षक, सव यअणिकारी हे सहभागी झाले की नाही हे पाहिे अवघड होऊन जाते.  एक स्टेपमध्र् े नोंद केल्र्ावर राज्र्ामध्र्े सवचय णशक्षकानांा एकाच Group मध्र्े सहभागी होता र्ेते,  र्ाला सांख्र्ेची मर्ादा नाही.  सांपूिय माणहती पुन्हा पाहता र्ेते.  त्र्ामुळे सव यणशक्षकाचांी नोंद एक स्टेपमध्र्े करण्र्ात र्ावी.  हे काम Tech Savvy णशक्षकाच्ांर्ा मदतीने करण्र्ात र्ाव.े ६. वगातील मुलाचां े सकां ल्पनाणनहार् सांपादिकू ीच्र्ा णवश्लषे िासाठी माणहती तांत्रज्ञानाचा उपर्ोग :-  6.1. पुढच्र्ा काळामध्र्े मुले शाळेत र्ेतात की नाही, मुले शाळेत पटावर आहेत की नाही, हर्ा सवांचा पाठपुरावा करण्र्ासाठी सांगिक प्रिालीचा वापर करण्र्ात र्ेिार आहे.  आतापर्ंत मुलाचां ी शैक्षणिक प्रगती फक्त णशक्षक पाहत होते.  आता शासनसुध्दा मुले णशकत आहेत की नाही र्ावर लक्ष केंणद्रत करिार.  मलुाचांी शैक्षणिक प्रगती र्ामध्र्े णशक्षक स्वत:देखील त्र्ाचा वगय णशकत आहे अथवा नाही हे सांगिक प्रिालीवर पाहू शकेल.  जेिेकरुन ज्र्ा मुलानांा जी सांकल्पना र्ेत नाही त्र्ा सांकल्पनेकडे लक्ष द्यार्चे हे सांगिक प्रिालीवरुन त्र्ा णशक्षकानांा कळिार आहे.   6.2. र्ाप्रकारचे काम आिी वल्ेहे तालुक्र्ामध्र्े ग्र्ानप्रकाश फाउांडेशनमाफयत करण्र्ात आलेले आहे.  अशाच प्रकारचे काम इतर णजल्हा आणि इतर तालुक्र्ामध्र्े “करार्ला आवडेल का?” असा प्रश्न णवचारला असता पुिे आणि नाणशकमध्र् े सवांनी साणांगतले की असे करार्लाच पाणहजे. अमरावतीच्र्ा णशक्षिाणिकाऱर्ानांी तरर्ासाठी ॲप णवकणसत करण्र्ाची तर्ारी दाखणवली.  णदनाकां ३१ णडसेंबर, २०१६ च्र्ा आत अशा प्रकारचा एक अॅप णवकणसत करुन प्रत्र्ेक णशक्षकाला त्र्ाच्र्ा मोबाईलमध्र्े डाऊनलोड करता र्ेईल अशी व्र्वस्था करण्र्ात र्ेत आहे.  त्र्ात वगात असलेली सव यमुले, त्र्ाचांा आिार क्रमाकां अथवा सरल क्रमाकां णदसेल. त्र्ाच्र्ासमोर भाषा आणि गणिताच्र्ा पार्ाभतू आणि सांकणलत चाचिी १ व २ र्ा प्रत्र्ेक प्रश्नपणत्रकेतील प्रश्नाचांे क्रमाकां णदसतील व त्र्ा प्रत्र्ेक प्रश्नाचांे मुलानांी र्ोग्र् उत्तर णदल ेअथवा अर्ोग्र् हे नमूद कराव ेलागेल.  ते केल्र्ावर त्र्ाचे णवश्लेषि हे रांगीत कोड स्वरुपात आपल्र्ा मोबाईल स्क्रीनवर णदसेल.  त्र्ामध्र्े ज्र्ा प्रश्नाचांी उत्तरे णवद्यार्थ्र्ांने र्ोग्र् णदली ते णहरव ेआणि ज्र्ा प्रश्नाचांी उत्तरे णवद्यार्थ्र्ांने अर्ोग्र् णदली ते णपवळा आणि ज्र्ा प्रश्नाचांे उत्तर सांपूिय वगाने चकुीचे णदल ेअसेल ते लाल र्ा \nशासन पणरपत्रक क्रमाांकःसांकीिय 2016/प्र.क्र.202/एसडी.-६. \n \nपृष्ट्ठ 8 पैकी 5 \nरांगात णदसेल. जेिेकरुन णशक्षकानांा, केंद्र प्रमुखानांा एका क्षिात दृश्र् स्वरुपात त्र्ा वगाचे णवश्लेषि णदसेल.  जर सांपूिय वगाला एखाद्या प्रश्नाचे उत्तर जमले नसले तर ते णशक्षकाला र्ोग्र् प्रकारे णशकवता आले नाही ही शक्र्ता आहे. ७. सव यपर्यवक्षेीर् र्ांत्रिेचा शाळा नेतृत्व प्रणशक्षि करिे :-  7.1. वरील सव यमुद्दर्ाांमध्र्े णशक्षक आणि शाळेतील वगाबद्दल बोलण्र्ात आले आहे.  परांतु र्ासोबतच पर्यवक्षेकीर् र्ांत्रिेचा सुध्दा उल्लेख व्हार्ला हवा.  त्र्ानांा मागील वषी Management of Training (MOT)चे प्रणशक्षि देण्र्ात आले.  णवणवि आढावा सभामांध्र्े णदसून र्ेते की र्ा र्ांत्रिेद्वारे शाळा प्रगत करण्र्ासाठी फक्त बठैका घेतल्र्ा जात आहेत. वगातील णशक्षक आणि णवद्यार्थ्र्ांमिील णशकण्र्ाची आांतरणक्रर्ा बदलण्र्ासाठी पध्दतशीर काम होताना णदसत नाही.  हे सव यव्हाव े र्ादृष्ट्टीने राज्र्ातील सव यपर्यवक्षेकीर् र्ांत्रिेला पुढील दीड ते दोन मणहन्र्ामध्र्े नेतृत्व प्रणशक्षि (School Leadership Development Programme) णदलेजािार आहे.  र्ा कार्यक्रमासाठी प्रणशक्षक तर्ार करुन राज्र्ातील णकमान ५,००० केंद्रप्रमुख, णवषर् सािन व्र्क्ती, णवस्तार अणिकारी आणि गट णशक्षिाणिकारी र्ानांा School Leadership Development Programme अांतगयत नेतृत्व प्रणशक्षि देण्र्ात र्ावे.  ही जबाबदारी मीपाने पार पाडावी ८. शाळाबाहर् मुलानांा शोिून गुिवत्ता वाढवून शाळेत णटकणविे :-  8.1. शाळाबाहर् मुलासां ांदभात अणलकडच्र्ा काळात आांतरराष्ट्रीर्, राष्ट्रीर् आणि राज्र्ातांगयत सव यणठकािी पुन्हा नव्र्ाने चचा सुरु झाली आहे.  र्ावरुन असे णदसते की सवांना आत्मणवश्वास आला आहे की,  आता जी मुले शाळाबाहर् राणहली आहेत. त्र्ानांा णनर्णमत शाळेत दाखल करुन णनर्णमतपिे णटकवून णशकणवता र्ेईल.   8.2. अजून एक गोष्ट्ट लक्षात आली की वरवडांी ताडांा ता.पैठि णज.औरांगाबाद तसेच णशलेगाव वस्ती ता.गांगापूर णज.औरांगाबाद तसेच िुळे आणि नांदुरबार णजल्हर्ामध्र्े शाळेची गुिवत्ता अणतउत्कृष्ट्ट असली तर अगदी स्थलातां णरत होिारी मुलेसुध्दास्थलातांणरत होत नाहीत, ते णनर्णमत शाळेत र्ेतात मात्र त्र्ाचांे आईवडील पोटापाण्र्ाच्र्ा प्रश्नासाठी स्थलातांणरत होतात.  र्ा शाळाचांा अभ्र्ास केला असता हे णसध्द झाले आहे की शाळेची गुिवत्ता अणतउत्कृष्ट्ट असली तर शाळाबाहर् मुले शाळेत र्ेण्र्ास तर्ार होतात.   8.3. र्ा पणरपत्रकान्वर्े जलद प्रगत शैक्षणिक महाराष्ट्र कार्यक्रम ही सांकल्पना देण्र्ात र्ेत आहे.  शाळा प्रगत झाली की शाळाबाहर् मुलाचांे प्रमाि शुन्र्ावर र्ेईल.  एखाद्या गावामध्र्े शाळाबाहर् मुले असतील आणि शाळेत र्ेिारी १०० टक्के मुले जरी णशकार्ला लागली तरी ती शाळा प्रगत शाळा म्हिनू साणांगतली जाऊ शकत नाही.  शाळाबाहर् मुले शुन्र्ावर आिण्र्ासाठीचा गुिवत्तापूव यणशक्षक हा सवात मोठा मागय आहे.   8.4. त्र्ाचप्रमािे णडसेंबर २०१६ र्ा माणहन्र्ामध्र्े राज्र्ाच्र्ा जनगिनेची तुलना राज्र्ाच्र्ा U-DISEबरोबर करुन वर्ोगटानुसार णकती मुले शाळाबाहर् असू शकतात र्ाची णजल्हाणनहार् माणहती देण्र्ात आली आहे.  र्ा माणहतीचा उपर्ोग \nशासन पणरपत्रक क्रमाांकःसांकीिय 2016/प्र.क्र.202/एसडी.-६. \n \nपृष्ट्ठ 8 पैकी 6 \nकरुन प्रत्र्ेक णजल्हर्ाने शाळाबाहर् मुलाचांा शोि घ्र्ावा.  इर्त्ता ८ वी पर्ंत एकूि शाळाबाहर् मुले ४.२० लाख आहेत.  त्र्ा मुलाचांा शोि घेऊन त्र्ा मुलानांा पटावर आिाव ेआणि ज्र्ा शाळाच्ांर्ाआवारामध्र्े जेवढे अणिक शाळाबाहर् मुले सापडतील तेवढर्ा जास्त गतीने त्र्ा शाळेने स्वत:ला प्रगत कराव.े  र्ामुळे सव यशाळाबाहर् मुले शाळेच्र्ा मुख्र् प्रवाहात दाखल होऊन जातील.   8.5. नांदुरबार णजल्हर्ाचे उदाहरि द्यार्चे झाले तर वषयभर सवक्षेि करुनसुध्दा ७०० शाळाबाहर् मुले र्ा णजल्हर्ात शोिली होती.  परांतु शाळाबाहर् मुले शोिण्र्ाची दृष्ट्टी बदलली तेव्हा १५ णदवसात र्ा णजल्हर्ात १,४३३ शाळाबाहर् मुले सापडली. म्हिनू ही ४.२० लाख शाळाबाहर् मुले शोिण्र्ासाठी दृष्ट्टी बदलण्र्ाची गरज आहे.  सवक्षेिऐवजी शोि घेण्र्ाची गरज आहे.  तसेच ती मुले पुन्हा शाळाबाहर् होऊ नर्े र्ासाठी शाळा लवकरात लवकर प्रगत करण्र्ाची गरज आहे.   9. स्थलातांणरत होिाऱर्ा मुलाचांी सरल प्रिालीमर्े १०० टक्के नोंद करिे :-   9.1. स्थलातांणरत होिाऱर्ा मुलाांना णशक्षि हमी पत्रक ( Education Guarantee Card) देण्र्ाचे पणरपत्रक २०१५ मध्र्े काढण्र्ात आले आहे.  परांतु प्रत्र्ेक शाळेमध्र्े Education Guarantee Card णदले जात आहे ककवा नाही हे कळत नव्हते.  ते कळाव ेर्ासाठी Education Guarantee Card णवद्यार्थ्र्ांना णदल्र्ावर ते SARAL प्रिालीमध्र्े अपलोड करावर्ाचे आहे.   9.2. त्र्ाचप्रमािे त्र्ा मुलानांा स्थलातांराजवळील णठकािच्र्ा  शाळेत दाखल करिे गरजेचे आहे.   9.3. र्ा दोन्ही बाबी घडल्र्ावर णशक्षि णवभागाचे प्रिान सणचव, आर्ुक्त, मा.मांत्री र्ा सव य जिानां ा रोजच्र्ा रोज णकती शाळानां ी Education Guarantee Card नुसार स्थलातांरि झालेल्र्ा णजल्हर्ातील शाळेत दाखल झाली, र्ाचा णजल्हाणनहार् अहवाल SMS द्वारे णमळतो.  म्हिनू प्रत्र्ेक मुलाची नोंद ही SARAL प्रिालीमध्र् े करावी.   9.4. Education Guarantee Card ची माणहती भरण्र्ाचे राहून गेले असल्र्ास जानेवारी २०१७ मिील सेल्फी हा कार्यक्रम घेण्र्ात र्ेिारअसल्र्ामुळे ती मुले गैरहजर णदसतील.  त्र्ा गैरहजर णवद्यार्थ्र्ांची Education Guarantee Card ची नोंद नसल्र्ाचे शासनाच्र्ा णनदशयनास र्ेईल.   9.5. न केलेल्र्ा कामाची माणहती अशा पध्दतीने शासनास कळिे ही बाब चागांली नाही.  त्र्ामुळे जेवढी मुले स्थलाांतणरत होतात त्र्ा सवांचे Education Guarantee Card अपलोड करण्र्ाची काळजी घेण्र्ात र्ावी. 10. बाल रक्षक :-   10.1. शाळाबाहर् मुलाच्ांर्ा समस्र्ा णवणभन्न स्वरुपाच्र्ा आहेत.  ती शाळाबाहर् होण्र्ाची कारिेही णवणवि साणांगतली जातात.  शाळाबाहर् मुलाचांा शोि घेऊन  त्र्ानांा णनर्णमत शाळेत दाखल करुन णनर्णमतपिे णशकणवण्र्ासाठी त्र्ानांा मदतीची गरज आहे.  त्र्ासाठी र्ाणवषर्ाशी णनगडीत मध्र्े झपाटर्ाने काम करिाऱर्ा र्ांत्रिेमिील व्र्क्तींची भणूमका महत्वाची ठरिारी आहे.  त्र्ामुळे शासन व्र्वस्थेत झपाटण्र्ाने \nशासन पणरपत्रक क्रमाांकःसांकीिय 2016/प्र.क्र.202/एसडी.-६. \n \nपृष्ट्ठ 8 पैकी 7 \nकाम करिाऱर्ा व्र्क्तींची मदत र्ामध्र्े घेण्र्ात र्ावी.  प्रत्र्ेक तालुक्र्ातून णकमान दोन आणि आणदवासी बहुल णवणवि बोलीभाषेच्र्ा क्षत्रेामिील प्रत्र्ेक केंद्रामिून प्रत्र्ेक दोन व्र्क्तींची णनवड करण्र्ात र्ावी.   10.2. शहरी भागात शाळाबाहर् मुलाचांा शोि घेण्र्ात अनेक अडचिी आहेत.  त्र्ाच्ांर्ा सुरक्षा णवषर्क व अन्र् प्रकारच्र्ा अडचिी आहेत.  त्र्ामुळे शहरी भागात प्रत्र्ेक केंद्रातून णकमान ५ व्र्क्तींची णनवड करताना त्र्ाची र्ा णवषर्ाशी सांबांणित Commitment सांवदेनणशलता व स्वप्रेरिेने काम करण्र्ाची तर्ारी असिे आवश्र्क आहे.   10.3. अशा झपाटलेल्र्ा शासन व्र्वस्थेतील व्र्क्तीची https://www.research.net/r/balrakshak र्ा कलकवर भरण्र्ात र्ावी.  अशा व्र्क्तींची माणहती वरील कलकवर भरण्र्ासाठी पर्यवक्षेीर् र्ांत्रिेने WhatsApp च्र्ा माध्र्मातून णवणवि Group मध्र्े चचा करुन त्र्ानांा प्रोत्साणहत कराव.े 11. शाळा णसध्दी र्ा पोटयलवर स्वमूल्र्मापन :-  11.1. र्ेत्र्ा एक-दोन वषात १०० टक्के शाळा प्रगत होतील.  त्र्ा प्रगत पातळीवर णटकून राहाव ेर्ासाठी त्र्ा शाळेचा सव यसमावशेक णवकास होिे आवश्र्क आहे.  शाळा णसध्दी र्ा पोटयलमध्र्े शाळेची माणहती भरल्र्ावर शाळा कोित्र्ा पातळीपर्ंत णवकणसत झाली आहे हे कळते.   11.2. र्ासाठी शासनाने णदनाकां-३० माचय २०१६ रोजी पणरपत्रक सुध्दा काढल ेआहे.  र्ेत्र्ा एक मणहन्र्ाच्र्ा आत सव यशाळानांा शाळा णसध्दीचा स्वमूल्र्मापन फॉमय भरुन घ्र्ावा.   11.3. फॉमय भरल्र्ावर ज्र्ा शाळा “A”ग्रेडमध्र्े णदसतील त्र्ा शाळाचांे बणहस्थ मुल्र्मापन करुन प्रमाणित करण्र्ात र्ेिार आहे, र्ाचीही नोंद घेण्र्ात र्ावी.   वरील सवय गोष्ट्टी र्ेत्र्ा २ ते ४ मणहन्र्ामध्र्े आपल्र्ाला करावर्ाच्र्ा आहेत.  अस ेकेल्र्ाने मुल े झपाटर्ाने णशकतील.  णशक्षकानांा कमी मेहनतीने मुलानांा णशकणविे शक्र् होईल.  झपाटर्ाने शाळा प्रगत होतील.  म्हिनू र्ा कार्यक्रमाचे नाव जलद प्रगत शैक्षणिक महाराष्ट्र कार्यक्रम हे ठेवण्र्ात आले आहे.  र्ा कार्यक्रमाची प्रभावी अांमलबजाविी करुन १०० टक्के शाळा प्रगत करण्र्ास सवांना र्श णमळावे शुभच्ेछा. \n सदर शासन पणरपत्रक महाराष्ट्र शासनाच्र्ा www.maharashtra.gov.in र्ा सकांेतस्थळावर उपलब्ि करण्र्ात आले असून त्र्ाचा सांकेताकां 201701091217229521 असा आहे. हे पणरपत्रक णडजीटल स्वाक्षरीने साक्षाणांकत करुन काढण्र्ात र्ेत आहे. महाराष्ट्राचे राज्र्पाल र्ाच्ांर्ा आदेशानुसार व नावाने, \n \n \n                             ( नांद कुमार )                          प्रिान सणचव, महाराष्ट्र शासन  प्रत :- मा.मांत्री शालेर् णशक्षि णवभाग र्ाचांे खाजगी सणचव, मांत्रालर्, मांबुई \nशासन पणरपत्रक क्रमाांकःसांकीिय 2016/प्र.क्र.202/एसडी.-६. \n \nपृष्ट्ठ 8 पैकी 8 \nप्रत :- माणहती व आवश्र्क त्र्ा कार्यवाहीस्तव 1) आर्ुक्त (णशक्षि) आर्ुक्त णशक्षि र्ाचांे कार्ालर्, महाराष्ट्र राज्र् पुिे 2) राज्र् प्रकल्प सांचालक, महाराष्ट्र प्राथणमक प्रणशक्षि पणरषद, मांुबई 3) सांचालक, महाराष्ट्र णवद्या प्राणिकरि,पुिे 4) णशक्षि सांचालक, (प्राथणमक) णशक्षि सांचालनालर्, पुिे 5) णशक्षि सांचालक (माध्र्णमक व उच्च माध्र्णमक), णशक्षि सांचालनालर्, पुिे, 6) णशक्षि सांचालक (अल्पसांख्र्ाकां व प्रौढ णशक्षि), णशक्षि सांचालनालर्, पुिे, 7) आर्ुक्त, महानगरपाणलका (सवय) 8) मुख्र् कार्यकारी अणिकारी, णजल्हा पणरषद (सवय) 9) णवभागीर् णशक्षि उपसांचालक, सव यणवभाग 10) मुख्र्ाणिकारी सव यनगरपाणलका/ नगरपणरषद 11) प्राचार्य, शैक्षणिक सातत्र्पूिय व्र्ावसाणर्क णवकास सांस्था (सव)य 12) णशक्षि णनरीक्षक उत्तर/दणक्षि/पणिम, बृहन्मांबुई 13) णशक्षिाणिकारी (प्राथणमक/माध्र्णमक/णनरांतर) णजल्हा पणरषद (सव)य 14) णशक्षिाणिकारी/ णशक्षिप्रमुख/प्रशासनाणिकारी, महानगरपाणलका (सव)य. ','2017-01-11 12:05:24','2017-01-11 12:05:24',1,1);
/*!40000 ALTER TABLE `com_news` ENABLE KEYS */;
UNLOCK TABLES;

--
-- Table structure for table `com_configuration`
--

DROP TABLE IF EXISTS `com_configuration`;
/*!40101 SET @saved_cs_client     = @@character_set_client */;
/*!40101 SET character_set_client = utf8 */;
CREATE TABLE `com_configuration` (
  `configurationID` int(11) NOT NULL AUTO_INCREMENT,
  `key` varchar(255) NOT NULL,
  `value` varchar(1000) NOT NULL,
  PRIMARY KEY (`configurationID`)
) ENGINE=InnoDB AUTO_INCREMENT=2 DEFAULT CHARSET=utf8;
/*!40101 SET character_set_client = @saved_cs_client */;

--
-- Dumping data for table `com_configuration`
--

LOCK TABLES `com_configuration` WRITE;
/*!40000 ALTER TABLE `com_configuration` DISABLE KEYS */;
INSERT INTO `com_configuration` VALUES (1,'comCodeVersion','3');
/*!40000 ALTER TABLE `com_configuration` ENABLE KEYS */;
UNLOCK TABLES;

--
-- Table structure for table `con_content`
--

DROP TABLE IF EXISTS `con_content`;
/*!40101 SET @saved_cs_client     = @@character_set_client */;
/*!40101 SET character_set_client = utf8 */;
CREATE TABLE `con_content` (
  `contentID` int(11) NOT NULL AUTO_INCREMENT,
  `contentTitle` varchar(255) NOT NULL,
  `requirement` longtext,
  `instruction` longtext,
  `fileName` varchar(255) NOT NULL,
  `author` varchar(255) NOT NULL,
  `objectives` longtext,
  `createdOn` datetime NOT NULL,
  `modifiedOn` datetime NOT NULL,
  `contentTypeCodeID` int(11) NOT NULL,
  `createdBy` int(11) NOT NULL,
  `fileTypeCodeID` int(11) NOT NULL,
  `gradeCodeID` int(11) DEFAULT NULL,
  `languageCodeID` int(11) NOT NULL,
  `modifiedBy` int(11) NOT NULL,
  `subjectCodeID` int(11) DEFAULT NULL,
  `topicCodeID` int(11) DEFAULT NULL,
  PRIMARY KEY (`contentID`),
  KEY `con_content_contentTypeCodeID_652010c9_fk_com_code_codeID` (`contentTypeCodeID`),
  KEY `con_content_createdBy_c7383245_fk_usr_user_userID` (`createdBy`),
  KEY `con_content_fileTypeCodeID_06b22d94_fk_com_code_codeID` (`fileTypeCodeID`),
  KEY `con_content_gradeCodeID_811e36c1_fk_com_code_codeID` (`gradeCodeID`),
  KEY `con_content_languageCodeID_14351205_fk_com_code_codeID` (`languageCodeID`),
  KEY `con_content_modifiedBy_7d4f80ba_fk_usr_user_userID` (`modifiedBy`),
  KEY `con_content_subjectCodeID_262e73b9_fk_com_code_codeID` (`subjectCodeID`),
  KEY `con_content_topicCodeID_0aa9ba2b_fk_com_code_codeID` (`topicCodeID`),
  CONSTRAINT `con_content_contentTypeCodeID_652010c9_fk_com_code_codeID` FOREIGN KEY (`contentTypeCodeID`) REFERENCES `com_code` (`codeID`),
  CONSTRAINT `con_content_createdBy_c7383245_fk_usr_user_userID` FOREIGN KEY (`createdBy`) REFERENCES `usr_user` (`userID`),
  CONSTRAINT `con_content_fileTypeCodeID_06b22d94_fk_com_code_codeID` FOREIGN KEY (`fileTypeCodeID`) REFERENCES `com_code` (`codeID`),
  CONSTRAINT `con_content_gradeCodeID_811e36c1_fk_com_code_codeID` FOREIGN KEY (`gradeCodeID`) REFERENCES `com_code` (`codeID`),
  CONSTRAINT `con_content_languageCodeID_14351205_fk_com_code_codeID` FOREIGN KEY (`languageCodeID`) REFERENCES `com_code` (`codeID`),
  CONSTRAINT `con_content_modifiedBy_7d4f80ba_fk_usr_user_userID` FOREIGN KEY (`modifiedBy`) REFERENCES `usr_user` (`userID`),
  CONSTRAINT `con_content_subjectCodeID_262e73b9_fk_com_code_codeID` FOREIGN KEY (`subjectCodeID`) REFERENCES `com_code` (`codeID`),
  CONSTRAINT `con_content_topicCodeID_0aa9ba2b_fk_com_code_codeID` FOREIGN KEY (`topicCodeID`) REFERENCES `com_code` (`codeID`)
) ENGINE=InnoDB AUTO_INCREMENT=537 DEFAULT CHARSET=utf8;
/*!40101 SET character_set_client = @saved_cs_client */;

--
-- Dumping data for table `con_content`
--

LOCK TABLES `con_content` WRITE;
/*!40000 ALTER TABLE `con_content` DISABLE KEYS */;
INSERT INTO `con_content` VALUES (1,'अपूर्णांक - अंशाधिक, पूर्णांकयुक्त अपूर्णांक भाग 01','कॉम्पुटर, लॅपटॉप, टॅब, मोबाईल','विडीओ पहा व कृती करा','https://www.youtube.com/watch?v=T9q9fxFoNJA&spfreload=10','Quest','अपूर्णांक - अंशाधिक, पूर्णांकयुक्त अपूर्णांक समजतात','2017-01-11 12:05:57','2017-01-11 12:05:57',107101,1,108100,NULL,101101,1,NULL,105105),(2,'अपूर्णांक, एकाच वस्तूचे वेगवेगळ्या आकाराचे पाव , भाग - 2','कॉम्पुटर, लॅपटॉप, टॅब, मोबाईल','विडीओ पहा व कृती करा','https://www.youtube.com/watch?v=PmTP7FFdOyE','Quest','अपूर्णांक, एकाच वस्तूचे वेगवेगळ्या आकाराचे पाव ओळखता येतात','2017-01-11 12:05:57','2017-01-11 12:05:57',107101,1,108100,NULL,101101,1,NULL,105105),(3,'दशांश अपूर्णांक तुलना','कॉम्पुटर, लॅपटॉप, टॅब, मोबाईल','विडीओ पहा व कृती करा','https://www.youtube.com/watch?v=8ymRBPrPc5I','Quest','दशांश अपूर्णांक तुलना करता येते','2017-01-11 12:05:57','2017-01-11 12:05:57',107101,1,108100,NULL,101101,1,NULL,105105),(4,'अपूर्णांक, एकक व संयुक्त अपूर्णांक : भाग - 2','कॉम्पुटर, लॅपटॉप, टॅब, मोबाईल','विडीओ पहा व कृती करा','https://www.youtube.com/watch?v=FRQbRNa8wK0','Quest','अपूर्णांक, एकक व संयुक्त अपूर्णांक ओळखता येतात','2017-01-11 12:05:57','2017-01-11 12:05:57',107101,1,108100,NULL,101101,1,NULL,105105),(5,'अपूर्णांक म्हणजे काय? (नवीन)','कॉम्पुटर, लॅपटॉप, टॅब, मोबाईल','विडीओ पहा व कृती करा','https://www.youtube.com/watch?v=WWzrij16KVY','Quest','अपूर्णांक म्हणजे काय? (नवीन) हे समजते','2017-01-11 12:05:57','2017-01-11 12:05:57',107101,1,108100,NULL,101101,1,NULL,105105),(6,'दशांश अपूर्णांक म्हणजे काय? (सुधारित)','कॉम्पुटर, लॅपटॉप, टॅब, मोबाईल','विडीओ पहा व कृती करा','https://www.youtube.com/watch?v=keSCs_-tOK8','Quest','दशांश अपूर्णांक म्हणजे काय? शिकतात','2017-01-11 12:05:57','2017-01-11 12:05:57',107101,1,108100,NULL,101101,1,NULL,105105),(7,'सममूल्य दशांश अपूर्णांक (सुधारित)','कॉम्पुटर, लॅपटॉप, टॅब, मोबाईल','विडीओ पहा व कृती करा','https://www.youtube.com/watch?v=e9uSPcX0Gts','Quest','सममूल्य दशांश अपूर्णांक (सुधारित) ओळखता येतात','2017-01-11 12:05:57','2017-01-11 12:05:57',107101,1,108100,NULL,101101,1,NULL,105105),(8,'अपूर्णांक शिकुया','कॉम्पुटर, लॅपटॉप, टॅब, मोबाईल','विडीओ पहा व कृती करा','https://www.youtube.com/watch?v=oaInqNV6LVU','Quest','अपूर्णांकशिकतात','2017-01-11 12:05:57','2017-01-11 12:05:57',107101,1,108100,NULL,101101,1,NULL,105105),(9,'ब्लॉगवर स्लाईड शो टाकणे','कॉम्पुटर, लॅपटॉप, टॅब, मोबाईल ','विडीओ पहा व कृती करा','https://www.youtube.com/watch?v=nPWOTDQj3bk','ओमकार भारती','विडीओ पाहून ब्लॉगवर स्लाईड शो टाकता येईल','2017-01-11 12:05:57','2017-01-11 12:05:57',107101,1,108100,NULL,101101,1,NULL,105104),(10,'ब्लॉगवर टेम्प्लेट इम्पोर्ट करणे','कॉम्पुटर, लॅपटॉप, टॅब, मोबाईल ','विडीओ पहा व कृती करा','https://www.youtube.com/watch?v=85UAZfCz_UI','ओमकार भारती','विडीओ पाहून ब्लॉगवर टेम्प्लेट इम्पोर्ट करता येईल','2017-01-11 12:05:57','2017-01-11 12:05:57',107101,1,108100,NULL,101101,1,NULL,105104),(11,'ब्लॉगवर पोस्ट टाकणे','कॉम्पुटर, लॅपटॉप, टॅब, मोबाईल ','विडीओ पहा व कृती करा','https://www.youtube.com/watch?v=fjCKD-aM4Vk','ओमकार भारती','विडीओ पाहून ब्लॉगवर पोस्ट टाकता येईल','2017-01-11 12:05:57','2017-01-11 12:05:57',107101,1,108100,NULL,101101,1,NULL,105104),(12,'ब्लॉगवर मेनू अॅड करणे','कॉम्पुटर, लॅपटॉप, टॅब, मोबाईल ','विडीओ पहा व कृती करा','https://www.youtube.com/watch?v=RkQdC45wNg8','ओमकार भारती','विडीओ पाहून ब्लॉगवर मेनू अॅड करता येईल','2017-01-11 12:05:57','2017-01-11 12:05:57',107101,1,108100,NULL,101101,1,NULL,105104),(13,'ब्लॉगवर व्हिडीओ अपलोड करणे','कॉम्पुटर, लॅपटॉप, टॅब, मोबाईल ','विडीओ पहा व कृती करा','https://www.youtube.com/watch?v=vlMjSOgUueU','ओमकार भारती','विडीओ पाहून ब्लॉगवर व्हिडीओ अपलोड करता येईल','2017-01-11 12:05:57','2017-01-11 12:05:57',107101,1,108100,NULL,101101,1,NULL,105104),(14,'ब्लॉगवर फोटो अपलोड करणे','कॉम्पुटर, लॅपटॉप, टॅब, मोबाईल ','विडीओ पहा व कृती करा','https://www.youtube.com/watch?v=y_U_-LvuvGo','ओमकार भारती','विडीओ पाहून ब्लॉगवर फोटो अपलोड करता येईल','2017-01-11 12:05:57','2017-01-11 12:05:57',107101,1,108100,NULL,101101,1,NULL,105104),(15,'ब्लॉगवर व्हिडीओ, माहिती व चित्र अपलोड करणे','कॉम्पुटर, लॅपटॉप, टॅब, मोबाईल ','विडीओ पहा व कृती करा','https://www.youtube.com/watch?v=zrnchbPrve0','ओमकार भारती','विडीओ पाहून ब्लॉगवर व्हिडीओ, माहिती व चित्र अपलोड करता येईल','2017-01-11 12:05:57','2017-01-11 12:05:57',107101,1,108100,NULL,101101,1,NULL,105104),(16,'युटूब व्हिडीओ कसे डाउनलोड करावेत','कॉम्पुटर, लॅपटॉप, टॅब, मोबाईल ','विडीओ पहा व कृती करा','https://www.youtube.com/watch?v=JfiqLi1ZEpM','ओमकार भारती','विडीओ पाहून युटूब व्हिडीओ कसे डाउनलोड करता येईल','2017-01-11 12:05:57','2017-01-11 12:05:57',107101,1,108100,NULL,101101,1,NULL,105104),(17,'मोझीला फायरफॉक्समध्ये व्हाटस अप सुरु करणे','कॉम्पुटर, लॅपटॉप, टॅब, मोबाईल ','विडीओ पहा व कृती करा','https://www.youtube.com/watch?v=WHEQdGSNIWE','ओमकार भारती','विडीओ पाहून मोझीला फायरफॉक्समध्ये व्हाटस अप सुरु करता येईल','2017-01-11 12:05:57','2017-01-11 12:05:57',107101,1,108100,NULL,101101,1,NULL,105104),(18,'मोझीला फायरफॉक्समध्ये वेब पेज बदलणे','कॉम्पुटर, लॅपटॉप, टॅब, मोबाईल ','विडीओ पहा व कृती करा','https://www.youtube.com/watch?v=6JrGR3ScweM','ओमकार भारती','विडीओ पाहून मोझीला फायरफॉक्समध्ये वेब पेज बदलता येईल','2017-01-11 12:05:57','2017-01-11 12:05:57',107101,1,108100,NULL,101101,1,NULL,105104),(19,'मोझीला फायरफॉक्समध्ये जीमेल नोटीफायर सुरु करणे','कॉम्पुटर, लॅपटॉप, टॅब, मोबाईल ','विडीओ पहा व कृती करा','https://www.youtube.com/watch?v=SMX8n9PFq9A','ओमकार भारती','विडीओ पाहून मोझीला फायरफॉक्समध्ये जीमेल नोटीफायर सुरु करता येईल','2017-01-11 12:05:57','2017-01-11 12:05:57',107101,1,108100,NULL,101101,1,NULL,105104),(20,'अॅपगिझर मध्ये अॅडॉइड अॅप बनविणे','कॉम्पुटर, लॅपटॉप, टॅब, मोबाईल ','विडीओ पहा व कृती करा','https://www.youtube.com/watch?v=s4T_jl2Bjhs','ओमकार भारती','विडीओ पाहून अॅपगिझर मध्ये अॅडॉइड अॅप बनविता येईल','2017-01-11 12:05:57','2017-01-11 12:05:57',107101,1,108100,NULL,101101,1,NULL,105103),(21,'पाढे तयार करणे ','कॉम्पुटर, लॅपटॉप, टॅब, मोबाईल ','विडीओ पहा व कृती करा','https://youtu.be/0PMoM5LXwjk?list=PL4JRCWeATj-i9K-i2MayMbI6CkHGJq_Cx','टीचर्स पेजेस ','विडीओ पाहून त्याप्रमाणे कृती करून पाढे तयार करून घेणे ','2017-01-11 12:05:57','2017-01-11 12:05:57',107101,1,108100,NULL,101101,1,NULL,105105),(22,'गुणाकार करूया सोप्या पध्यातीने','कॉम्पुटर, लॅपटॉप, टॅब, मोबाईल ','विडीओ पहा व कृती करा','https://youtu.be/oOxIDjCLLSw','प्रकाश चव्हाण','विडीओ पाहून त्याप्रमाणे गुणाकार करणे','2017-01-11 12:05:57','2017-01-11 12:05:57',107101,1,108100,NULL,101101,1,NULL,105105),(23,'गुणाकार - भागाकाराचा अर्थविस्तार, तक्ता मांडणी करून गुणाकार भागाकार ','कॉम्पुटर, लॅपटॉप, टॅब, मोबाईल ','विडीओ पहा व कृती करा','https://youtu.be/Xt-X5kFrz7g','क्वेस्टडू','विडीओ पाहून गुणाकार भागाकार करणे','2017-01-11 12:05:57','2017-01-11 12:05:57',107101,1,108100,NULL,101101,1,NULL,105105),(24,'शैक्षणिक साधन: बोलफलक','कॉम्पुटर, लॅपटॉप, टॅब, मोबाईल','विडीओ पहा व कृती करा','https://www.youtube.com/watch?v=OtaaXkagUes','टीचर्स पेजेस','मुले बोलफलकच्या मदतीने शिकतात','2017-01-11 12:05:57','2017-01-11 12:05:57',107101,1,108100,NULL,101101,1,NULL,105108),(25,'शब्द चक्र','कॉम्पुटर, लॅपटॉप, टॅब, मोबाईल','विडीओ पहा व कृती करा','https://www.youtube.com/watch?v=eTBkiMvt66o','टीचर्स पेजेस','मुले शब्द चक्र शिकतात','2017-01-11 12:05:57','2017-01-11 12:05:57',107101,1,108100,NULL,101101,1,NULL,105108),(26,'संख्या रेषेवर अपिरमेय संख्या','कॉम्पुटर, लॅपटॉप, टॅब, मोबाईल','विडीओ पहा व कृती करा','https://www.youtube.com/watch?v=rQog0_Y9qu4','टीचर्स पेजेस','संख्या रेषेवर अपिरमेय संख्या शिकता येते.','2017-01-11 12:05:57','2017-01-11 12:05:57',107101,1,108100,NULL,101101,1,NULL,105105),(27,'संवाद लेखन','कॉम्पुटर, लॅपटॉप, टॅब, मोबाईल','विडीओ पहा व कृती करा','https://www.youtube.com/watch?v=p4YfRMftK8M','टीचर्स पेजेस','संवाद लेखन करता येते.','2017-01-11 12:05:57','2017-01-11 12:05:57',107101,1,108100,NULL,101101,1,NULL,105108),(28,'दाब : कृती, निरीक्षण, चर्चा, संकल्पना समजणे','कॉम्पुटर, लॅपटॉप, टॅब, मोबाईल','विडीओ पहा व कृती करा','https://www.youtube.com/watch?v=GLvFZC4VWoE','टीचर्स पेजेस','दाब : कृती, निरीक्षण, चर्चा, संकल्पना समजते','2017-01-11 12:05:57','2017-01-11 12:05:57',107101,1,108100,NULL,101101,1,NULL,105109),(29,'पदावलीची गोष्ट','कॉम्पुटर, लॅपटॉप, टॅब, मोबाईल','विडीओ पहा व कृती करा','https://www.youtube.com/watch?v=Lbtc_FCrvfY','टीचर्स पेजेस','पदावलीची ओळखता येते.','2017-01-11 12:05:57','2017-01-11 12:05:57',107101,1,108100,NULL,101101,1,NULL,105108),(30,'कालरेषा','कॉम्पुटर, लॅपटॉप, टॅब, मोबाईल','विडीओ पहा व कृती करा','https://www.youtube.com/watch?v=36JFbnFRN2s','टीचर्स पेजेस','कालरेषा ओळखता येते.','2017-01-11 12:05:57','2017-01-11 12:05:57',107101,1,108100,NULL,101101,1,NULL,105105),(31,'चित्र बोलते आपल्याशी !','कॉम्पुटर, लॅपटॉप, टॅब, मोबाईल','विडीओ पहा व कृती करा','https://www.youtube.com/watch?v=t_MaRNcJk6w','टीचर्स पेजेस','चित्राची माहीत सांगता येते','2017-01-11 12:05:57','2017-01-11 12:05:57',107101,1,108100,NULL,101101,1,NULL,105108),(32,'माझ्या अंगणातील झाडांची संख्या किती?','कॉम्पुटर, लॅपटॉप, टॅब, मोबाईल','विडीओ पहा व कृती करा','https://www.youtube.com/watch?v=5err-Vfh-ko','टीचर्स पेजेस','माझ्या अंगणातील झाडांची संख्या किती? संख्या मोजता येते.','2017-01-11 12:05:57','2017-01-11 12:05:57',107101,1,108100,NULL,101101,1,NULL,105105),(33,'झाडाची त्रिज्या शोधा!','कॉम्पुटर, लॅपटॉप, टॅब, मोबाईल','विडीओ पहा व कृती करा','https://www.youtube.com/watch?v=meiPD4ZDUdQ','टीचर्स पेजेस','त्रिज्या काढता येते.','2017-01-11 12:05:57','2017-01-11 12:05:57',107101,1,108100,NULL,101101,1,NULL,105105),(34,'दूरस्थ आंतरकोनाचे प्रमेय','कॉम्पुटर, लॅपटॉप, टॅब, मोबाईल','विडीओ पहा व कृती करा','https://www.youtube.com/watch?v=3-M_z_OVRMk','टीचर्स पेजेस','दूरस्थ आंतरकोनाचे प्रमेय सांगता येते.','2017-01-11 12:05:57','2017-01-11 12:05:57',107101,1,108100,NULL,101101,1,NULL,105105),(35,'चित्र कार्डांचा वापर करून गोष्ट तयार करणे','कॉम्पुटर, लॅपटॉप, टॅब, मोबाईल','विडीओ पहा व कृती करा','https://www.youtube.com/watch?v=810Xpw6C3LU','टीचर्स पेजेस','चित्र कार्डांचा वापर करून गोष्ट तयार करणे','2017-01-11 12:05:57','2017-01-11 12:05:57',107101,1,108100,NULL,101101,1,NULL,105108),(36,'वाक्य रचना करण्यासाठी WH- प्रश्नाचा वापर','कॉम्पुटर, लॅपटॉप, टॅब, मोबाईल','विडीओ पहा व कृती करा','https://www.youtube.com/watch?v=8LTbkGHRlZk','टीचर्स पेजेस','वाक्य रचना करण्यासाठी WH- प्रश्नाचा वापर कसा करता येईल हे समजते.','2017-01-11 12:05:57','2017-01-11 12:05:57',107101,1,108100,NULL,101101,1,NULL,105110),(37,'चालू वर्तमानकाळात इंग्रजी भाषेचा वापर','कॉम्पुटर, लॅपटॉप, टॅब, मोबाईल','विडीओ पहा व कृती करा','https://www.youtube.com/watch?v=VGyMlfz28c0','टीचर्स पेजेस','चालू वर्तमानकाळात इंग्रजी भाषेचा वापर कसा करावा ते समजते','2017-01-11 12:05:57','2017-01-11 12:05:57',107101,1,108100,NULL,101101,1,NULL,105110),(38,'वाचन लेखन','कॉम्पुटर, लॅपटॉप, टॅब, मोबाईल','विडीओ पहा व कृती करा','https://www.youtube.com/watch?v=TVdJupOSmHU','Quest','मुलांना वाचन लेखन करण्यास मदत होते','2017-01-11 12:05:57','2017-01-11 12:05:57',107101,1,108100,NULL,101101,1,NULL,105108),(39,'चित्रवाचन','कॉम्पुटर, लॅपटॉप, टॅब, मोबाईल','विडीओ पहा व कृती करा','https://www.youtube.com/watch?v=Vqc-E7Y-VgE','Quest','चित्रवाचन करण्यात मदत होते.','2017-01-11 12:05:57','2017-01-11 12:05:57',107101,1,108100,NULL,101101,1,NULL,105108),(40,'आवाजाचे खेळ','कॉम्पुटर, लॅपटॉप, टॅब, मोबाईल','विडीओ पहा व कृती करा','https://www.youtube.com/watch?v=WG_X3h_0cNk','Quest','आवाजाचे खेळ खेळून आवाज समजतात','2017-01-11 12:05:57','2017-01-11 12:05:57',107101,1,108100,NULL,101101,1,NULL,105108),(41,'अक्षरपरिचयाचा क्रम','कॉम्पुटर, लॅपटॉप, टॅब, मोबाईल','विडीओ पहा व कृती करा','https://www.youtube.com/watch?v=aRRFxrIfHOo','Quest','अक्षरपरिचयाचा क्रम समजतो','2017-01-11 12:05:57','2017-01-11 12:05:57',107101,1,108100,NULL,101101,1,NULL,105105),(42,'अक्षरपरिचयाचे तंत्र','कॉम्पुटर, लॅपटॉप, टॅब, मोबाईल','विडीओ पहा व कृती करा','https://www.youtube.com/watch?v=gcdrYDPBrf0','Quest','अक्षरपरिचयाचे तंत्र समजतो','2017-01-11 12:05:57','2017-01-11 12:05:57',107101,1,108100,NULL,101101,1,NULL,105105),(43,'स्वरचिन्ह परिचय','कॉम्पुटर, लॅपटॉप, टॅब, मोबाईल','विडीओ पहा व कृती करा','https://www.youtube.com/watch?v=8uM4xHt_nYo','Quest','स्वरचिन्ह ओळखण्यास मदत होते','2017-01-11 12:05:57','2017-01-11 12:05:57',107101,1,108100,NULL,101101,1,NULL,105108),(44,'शब्द वाचन, वाक्य वाचन','कॉम्पुटर, लॅपटॉप, टॅब, मोबाईल','विडीओ पहा व कृती करा','https://www.youtube.com/watch?v=U_FfsgIUlSM','Quest','शब्द वाचन, वाक्य वाचन करण्यास मदत होते.','2017-01-11 12:05:57','2017-01-11 12:05:57',107101,1,108100,NULL,101101,1,NULL,105108),(45,'वाचन लेखनाचा सराव','कॉम्पुटर, लॅपटॉप, टॅब, मोबाईल','विडीओ पहा व कृती करा','https://www.youtube.com/watch?v=Mi5RKX7-JTg','Quest','वाचन लेखनाचा सराव होतो','2017-01-11 12:05:57','2017-01-11 12:05:57',107101,1,108100,NULL,101101,1,NULL,105108),(46,'गुणाकार - भागाकाराचा अर्थविस्तार, तक्ता मांडणी करून गुणाकार भागाकार - भाग 01','कॉम्पुटर, लॅपटॉप, टॅब, मोबाईल','विडीओ पहा व कृती करा','https://www.youtube.com/watch?v=rsMrtVGyxG0','Quest','गुणाकार - भागाकाराचा अर्थविस्तार करण्यास मदत होते','2017-01-11 12:05:57','2017-01-11 12:05:57',107101,1,108100,NULL,101101,1,NULL,105105),(47,'गुणाकार - भागाकाराचा अर्थविस्तार, शाब्दिक उदाहरणाचे विश्लेषण भाग 02','कॉम्पुटर, लॅपटॉप, टॅब, मोबाईल','विडीओ पहा व कृती करा','https://www.youtube.com/watch?v=xS3kofz7OE8','Quest','गुणाकार - भागाकाराचा अर्थविस्तार, शाब्दिक उदाहरणाचा सराव होतो','2017-01-11 12:05:57','2017-01-11 12:05:57',107101,1,108100,NULL,101101,1,NULL,105105),(48,'अक्षरपरिचयाचे तंत्र','कॉम्पुटर, लॅपटॉप, टॅब, मोबाईल','विडीओ पहा व कृती करा','https://www.youtube.com/watch?v=gcdrYDPBrf0','Quest','अक्षरपरिचयाचे तंत्र','2017-01-11 12:05:57','2017-01-11 12:05:57',107101,1,108100,NULL,101101,1,NULL,105105),(49,'अपूर्णांक सारखी वाटणी भाग 01','कॉम्पुटर, लॅपटॉप, टॅब, मोबाईल','विडीओ पहा व कृती करा','https://www.youtube.com/watch?v=qLV548C_YxM','Quest','अपूर्णांक सारखी वाटणी समजते','2017-01-11 12:05:57','2017-01-11 12:05:57',107101,1,108100,NULL,101101,1,NULL,105105),(50,'अपूर्णांक सारखी वाटणी सम मुल्याची संकल्पना भाग 04','कॉम्पुटर, लॅपटॉप, टॅब, मोबाईल','विडीओ पहा व कृती करा','https://www.youtube.com/watch?v=0ZuaKY0l_7M','Quest','अपूर्णांक सारखी वाटणी सम मुल्याची संकल्पना समजते','2017-01-11 12:05:57','2017-01-11 12:05:57',107101,1,108100,NULL,101101,1,NULL,105105),(51,'अपूर्णांक - सारखी वाटणी वस्तू पुन्हा पुन्हा अर्धी करणे भाग 02','कॉम्पुटर, लॅपटॉप, टॅब, मोबाईल','विडीओ पहा व कृती करा','https://www.youtube.com/watch?v=-1JLSiXJh_Q','Quest','अपूर्णांक - सारखी वाटणी वस्तू पुन्हा पुन्हा अर्धी करणे समजते','2017-01-11 12:05:57','2017-01-11 12:05:57',107101,1,108100,NULL,101101,1,NULL,105105),(52,'अपूर्णांक - अंशाधिक, पूर्णांकयुक्त अपूर्णांक भाग 01','कॉम्पुटर, लॅपटॉप, टॅब, मोबाईल','विडीओ पहा व कृती करा','https://www.youtube.com/watch?v=T9q9fxFoNJA&spfreload=10','Quest','अपूर्णांक - अंशाधिक, पूर्णांकयुक्त अपूर्णांक समजतात','2017-01-11 12:05:57','2017-01-11 12:05:57',107101,1,108100,NULL,101101,1,NULL,105105),(53,'अपूर्णांक, एकाच वस्तूचे वेगवेगळ्या आकाराचे पाव , भाग - 2','कॉम्पुटर, लॅपटॉप, टॅब, मोबाईल','विडीओ पहा व कृती करा','https://www.youtube.com/watch?v=PmTP7FFdOyE','Quest','अपूर्णांक, एकाच वस्तूचे वेगवेगळ्या आकाराचे पाव ओळखता येतात','2017-01-11 12:05:57','2017-01-11 12:05:57',107101,1,108100,NULL,101101,1,NULL,105105),(54,'दशांश अपूर्णांक तुलना','कॉम्पुटर, लॅपटॉप, टॅब, मोबाईल','विडीओ पहा व कृती करा','https://www.youtube.com/watch?v=8ymRBPrPc5I','Quest','दशांश अपूर्णांक तुलना करता येते','2017-01-11 12:05:57','2017-01-11 12:05:57',107101,1,108100,NULL,101101,1,NULL,105105),(55,'अपूर्णांक, एकक व संयुक्त अपूर्णांक : भाग - 2','कॉम्पुटर, लॅपटॉप, टॅब, मोबाईल','विडीओ पहा व कृती करा','https://www.youtube.com/watch?v=FRQbRNa8wK0','Quest','अपूर्णांक, एकक व संयुक्त अपूर्णांक ओळखता येतात','2017-01-11 12:05:57','2017-01-11 12:05:57',107101,1,108100,NULL,101101,1,NULL,105105),(56,'अपूर्णांक म्हणजे काय? (नवीन)','कॉम्पुटर, लॅपटॉप, टॅब, मोबाईल','विडीओ पहा व कृती करा','https://www.youtube.com/watch?v=WWzrij16KVY','Quest','अपूर्णांक म्हणजे काय? (नवीन) हे समजते','2017-01-11 12:05:57','2017-01-11 12:05:57',107101,1,108100,NULL,101101,1,NULL,105105),(57,'दशांश अपूर्णांक म्हणजे काय? (सुधारित)','कॉम्पुटर, लॅपटॉप, टॅब, मोबाईल','विडीओ पहा व कृती करा','https://www.youtube.com/watch?v=keSCs_-tOK8','Quest','दशांश अपूर्णांक म्हणजे काय? शिकतात','2017-01-11 12:05:57','2017-01-11 12:05:57',107101,1,108100,NULL,101101,1,NULL,105105),(58,'सममूल्य दशांश अपूर्णांक (सुधारित)','कॉम्पुटर, लॅपटॉप, टॅब, मोबाईल','विडीओ पहा व कृती करा','https://www.youtube.com/watch?v=e9uSPcX0Gts','Quest','सममूल्य दशांश अपूर्णांक (सुधारित) ओळखता येतात','2017-01-11 12:05:57','2017-01-11 12:05:57',107101,1,108100,NULL,101101,1,NULL,105105),(59,'अपूर्णांक शिकुया','कॉम्पुटर, लॅपटॉप, टॅब, मोबाईल','विडीओ पहा व कृती करा','https://www.youtube.com/watch?v=oaInqNV6LVU','Quest','अपूर्णांक शिकतात','2017-01-11 12:05:57','2017-01-11 12:05:57',107101,1,108100,NULL,101101,1,NULL,105105),(60,'गणित शिक्षण (अपूर्णांक) ','कॉम्पुटर, लॅपटॉप, टॅब, मोबाईल','विडीओ पहा व कृती करा','https://www.youtube.com/watch?v=ZGjr13kd3GU','Quest','गणित शिक्षण (अपूर्णांक) शिकतात','2017-01-11 12:05:57','2017-01-11 12:05:57',107101,1,108100,NULL,101101,1,NULL,105105),(61,'दशांश अपूर्णांक अंश-छेद रुपात (सुधारित)','कॉम्पुटर, लॅपटॉप, टॅब, मोबाईल','विडीओ पहा व कृती करा','https://www.youtube.com/watch?v=L1Qcs4aHSy4','Quest','दशांश अपूर्णांक अंश-छेद रुपात (सुधारित)','2017-01-11 12:05:57','2017-01-11 12:05:57',107101,1,108100,NULL,101101,1,NULL,105105),(62,'समच्छेद अपूर्णांक/लहान मोठेपणा.','कॉम्पुटर, लॅपटॉप, टॅब, मोबाईल','विडीओ पहा व कृती करा','https://www.youtube.com/watch?v=3kP1rWU_sT4','Quest','समच्छेद अपूर्णांक/लहान मोठेपणा समजतो','2017-01-11 12:05:57','2017-01-11 12:05:57',107101,1,108100,NULL,101101,1,NULL,105105),(63,'अपूर्णांक म्हणजे काय?','कॉम्पुटर, लॅपटॉप, टॅब, मोबाईल','विडीओ पहा व कृती करा','https://www.youtube.com/watch?v=hVNT2_DNltA','Quest','अपूर्णांक म्हणजे काय? समजते','2017-01-11 12:05:57','2017-01-11 12:05:57',107101,1,108100,NULL,101101,1,NULL,105105),(64,'शब्दाच्या जाती','कॉम्पुटर, लॅपटॉप, टॅब, मोबाईल','विडीओ पहा व कृती करा','https://www.youtube.com/watch?v=0B82Y7BtpAQ','नेटभेट','MS Excel कसे वापरतात हे समजते','2017-01-11 12:05:57','2017-01-11 12:05:57',107101,1,108100,NULL,101101,1,NULL,105108),(65,'मराठी व्याकरण','कॉम्पुटर, लॅपटॉप, टॅब, मोबाईल','विडीओ पहा व कृती करा','https://www.youtube.com/watch?v=PgcZoo6_muM','नेटभेट','MS Excel कसे वापरतात हे समजते','2017-01-11 12:05:57','2017-01-11 12:05:57',107101,1,108100,NULL,101101,1,NULL,105108),(66,'वेळ वेग अंतर','कॉम्पुटर, लॅपटॉप, टॅब, मोबाईल','विडीओ पहा व कृती करा','https://www.youtube.com/watch?v=OmfPwqrZZmg','नेटभेट','MS Excel कसे वापरतात हे समजते','2017-01-11 12:05:57','2017-01-11 12:05:57',107101,1,108100,NULL,101101,1,NULL,105105),(67,'अंकगणित','कॉम्पुटर, लॅपटॉप, टॅब, मोबाईल','विडीओ पहा व कृती करा','https://www.youtube.com/watch?v=LzmMCw4J8q8','नेटभेट','MS Excel कसे वापरतात हे समजते','2017-01-11 12:05:57','2017-01-11 12:05:57',107101,1,108100,NULL,101101,1,NULL,105105),(68,'लसावि व मसावि','कॉम्पुटर, लॅपटॉप, टॅब, मोबाईल','विडीओ पहा व कृती करा','https://www.youtube.com/watch?v=5UzUT1zrLYU','नेटभेट','MS Excel कसे वापरतात हे समजते','2017-01-11 12:05:57','2017-01-11 12:05:57',107101,1,108100,NULL,101101,1,NULL,105105),(69,'पूर्वतयारी अपूर्णांक','कॉम्पुटर, लॅपटॉप, टॅब, मोबाईल','विडीओ पहा व कृती करा','https://www.youtube.com/watch?v=2r4mf1gbgrA','नेटभेट','MS Excel कसे वापरतात हे समजते','2017-01-11 12:05:57','2017-01-11 12:05:57',107101,1,108100,NULL,101101,1,NULL,105105),(70,'समच्छेद अपूर्णांक/लहान मोठेपणा.','कॉम्पुटर, लॅपटॉप, टॅब, मोबाईल','विडीओ पहा व कृती करा','https://www.youtube.com/watch?v=3kP1rWU_sT4','नेटभेट','MS Excel कसे वापरतात हे समजते','2017-01-11 12:05:57','2017-01-11 12:05:57',107101,1,108100,NULL,101101,1,NULL,105105),(71,'क्रियापद','कॉम्पुटर, लॅपटॉप, टॅब, मोबाईल','विडीओ पहा व कृती करा','https://www.youtube.com/watch?v=VgJ-0xVOruA','नेटभेट','MS Excel कसे वापरतात हे समजते','2017-01-11 12:05:57','2017-01-11 12:05:57',107101,1,108100,NULL,101101,1,NULL,105108),(72,'प्रयोग','कॉम्पुटर, लॅपटॉप, टॅब, मोबाईल','विडीओ पहा व कृती करा','https://www.youtube.com/watch?v=5VzT8BClzRw&list=PLW2TPY5w5obbTce_cqnYxJpuA--ZYwix2&index=8','नेटभेट','MS Excel कसे वापरतात हे समजते','2017-01-11 12:05:57','2017-01-11 12:05:57',107101,1,108100,NULL,101101,1,NULL,105108),(73,'मराठी टायपिंगचा सर्वात सोपा मार्ग','कॉम्पुटर, लॅपटॉप, टॅब, मोबाईल','विडीओ पहा व कृती करा','https://www.youtube.com/watch?v=Ke8XcIQ0t98','नेटभेट','MS Excel कसे वापरतात हे समजते','2017-01-11 12:05:57','2017-01-11 12:05:57',107101,1,108100,NULL,101101,1,NULL,105100),(74,'MS Excel मध्ये व्यक्तीचे वय कसे मोजावे ?','कॉम्पुटर, लॅपटॉप, टॅब, मोबाईल','विडीओ पहा व कृती करा','https://www.youtube.com/watch?v=q9UQBnJhfJU','नेटभेट','MS Excel कसे वापरतात हे समजते','2017-01-11 12:05:57','2017-01-11 12:05:57',107101,1,108100,NULL,101101,1,NULL,105100),(75,'VLOOKUP FUNCTION','कॉम्पुटर, लॅपटॉप, टॅब, मोबाईल','विडीओ पहा व कृती करा','https://www.youtube.com/watch?v=B7vzaIoa7QA','नेटभेट','MS Excel कसे वापरतात हे समजते','2017-01-11 12:05:57','2017-01-11 12:05:57',107101,1,108100,NULL,101101,1,NULL,105100),(76,'CtrlD and CtrlR','कॉम्पुटर, लॅपटॉप, टॅब, मोबाईल','विडीओ पहा व कृती करा','https://www.youtube.com/watch?v=4y5o4YKIE7c&list=PL2B1577E911880F8E','नेटभेट','MS Excel कसे वापरतात हे समजते','2017-01-11 12:05:57','2017-01-11 12:05:57',107101,1,108100,NULL,101101,1,NULL,105100),(77,'Ctrl Enter','कॉम्पुटर, लॅपटॉप, टॅब, मोबाईल','विडीओ पहा व कृती करा','https://www.youtube.com/watch?v=gGjyecNqbfs&index=3&list=PL2B1577E911880F8E','नेटभेट','MS Excel कसे वापरतात हे समजते','2017-01-11 12:05:57','2017-01-11 12:05:57',107101,1,108100,NULL,101101,1,NULL,105100),(78,'MS EXCEL मध्ये गृहकर्जाचा मासिक हप्ता (Homeloan EMI) कसा काढावा ?','कॉम्पुटर, लॅपटॉप, टॅब, मोबाईल','विडीओ पहा व कृती करा','https://www.youtube.com/watch?v=gGjyecNqbfs&index=3&list=PL2B1577E911880F8E','नेटभेट','MS Excel कसे वापरतात हे समजते','2017-01-11 12:05:57','2017-01-11 12:05:57',107101,1,108100,NULL,101101,1,NULL,105100),(79,'इक्सल  सोर्ट फनकश्यन','कॉम्पुटर, लॅपटॉप, टॅब, मोबाईल','विडीओ पहा व कृती करा','https://www.youtube.com/watch?v=WmAjtkTv_nA&index=4&list=PL2B1577E911880F8E','नेटभेट','MS Excel कसे वापरतात हे समजते','2017-01-11 12:05:57','2017-01-11 12:05:57',107101,1,108100,NULL,101101,1,NULL,105100),(80,'मिनिमम आणि म्याक्झीमम फनकश्यन','कॉम्पुटर, लॅपटॉप, टॅब, मोबाईल','विडीओ पहा व कृती करा','https://www.youtube.com/watch?v=XxDHIlI5NLk&list=PL2B1577E911880F8E&index=5','नेटभेट','MS Excel कसे वापरतात हे समजते','2017-01-11 12:05:57','2017-01-11 12:05:57',107101,1,108100,NULL,101101,1,NULL,105100),(81,'AVERAGE function','कॉम्पुटर, लॅपटॉप, टॅब, मोबाईल','विडीओ पहा व कृती करा','https://www.youtube.com/watch?v=i1rDuxDKLnw&list=PL2B1577E911880F8E&index=6','नेटभेट','MS Excel कसे वापरतात हे समजते','2017-01-11 12:05:57','2017-01-11 12:05:57',107101,1,108100,NULL,101101,1,NULL,105100),(82,'COUNT फंक्शन','कॉम्पुटर, लॅपटॉप, टॅब, मोबाईल','विडीओ पहा व कृती करा','https://www.youtube.com/watch?v=gZSChueULpE&list=PL2B1577E911880F8E&index=7','नेटभेट','MS Excel कसे वापरतात हे समजते','2017-01-11 12:05:57','2017-01-11 12:05:57',107101,1,108100,NULL,101101,1,NULL,105100),(83,'मायक्रोसॉफ्ट एक्सेल IF फंक्शन','कॉम्पुटर, लॅपटॉप, टॅब, मोबाईल','विडीओ पहा व कृती करा','https://www.youtube.com/watch?v=TIc-Mks2b0k&list=PL2B1577E911880F8E&index=8','नेटभेट','MS Excel कसे वापरतात हे समजते','2017-01-11 12:05:57','2017-01-11 12:05:57',107101,1,108100,NULL,101101,1,NULL,105100),(84,'CONCATENATE Function In Microsoft Excel','कॉम्पुटर, लॅपटॉप, टॅब, मोबाईल','विडीओ पहा व कृती करा','https://www.youtube.com/watch?v=7JgakTWoHvY&index=9&list=PL2B1577E911880F8E','नेटभेट','MS Excel कसे वापरतात हे समजते','2017-01-11 12:05:57','2017-01-11 12:05:57',107101,1,108100,NULL,101101,1,NULL,105100),(85,'COUNTIF function in MS Excel','कॉम्पुटर, लॅपटॉप, टॅब, मोबाईल','विडीओ पहा व कृती करा','https://www.youtube.com/watch?v=uZGYQeeb4vo&list=PL2B1577E911880F8E&index=10','नेटभेट','MS Excel कसे वापरतात हे समजते','2017-01-11 12:05:57','2017-01-11 12:05:57',107101,1,108100,NULL,101101,1,NULL,105100),(86,'TRIM function of MS Excel','कॉम्पुटर, लॅपटॉप, टॅब, मोबाईल','विडीओ पहा व कृती करा','https://www.youtube.com/watch?v=oZzC3ChNBr4&list=PL2B1577E911880F8E&index=12','नेटभेट','MS Excel कसे वापरतात हे समजते','2017-01-11 12:05:57','2017-01-11 12:05:57',107101,1,108100,NULL,101101,1,NULL,105100),(87,'Conditional Formatting - Marathi Computer training','कॉम्पुटर, लॅपटॉप, टॅब, मोबाईल','विडीओ पहा व कृती करा','https://www.youtube.com/watch?v=3hE3A6Bpmfc&list=PL2B1577E911880F8E&index=13','नेटभेट','MS Excel कसे वापरतात हे समजते','2017-01-11 12:05:57','2017-01-11 12:05:57',107101,1,108100,NULL,101101,1,NULL,105100),(88,'MS Excel मध्ये R1C1 च्या ऐवजी A1 cell reference कसे आणावे.','कॉम्पुटर, लॅपटॉप, टॅब, मोबाईल','विडीओ पहा व कृती करा','https://www.youtube.com/watch?v=eE7ONFt2xdU&index=14&list=PL2B1577E911880F8E','नेटभेट','MS Excel कसे वापरतात हे समजते','2017-01-11 12:05:57','2017-01-11 12:05:57',107101,1,108100,NULL,101101,1,NULL,105100),(89,'MS Excel मध्ये व्यक्तीचे वय कसे मोजावे ?','कॉम्पुटर, लॅपटॉप, टॅब, मोबाईल','विडीओ पहा व कृती करा','https://www.youtube.com/watch?v=q9UQBnJhfJU&list=PL2B1577E911880F8E&index=15','नेटभेट','MS Excel कसे वापरतात हे समजते','2017-01-11 12:05:57','2017-01-11 12:05:57',107101,1,108100,NULL,101101,1,NULL,105100),(90,'How to use EXACT function in MS Excel','कॉम्पुटर, लॅपटॉप, टॅब, मोबाईल','विडीओ पहा व कृती करा','https://www.youtube.com/watch?v=3q9BvygsJNc&list=PL2B1577E911880F8E&index=16','नेटभेट','MS Excel कसे वापरतात हे समजते','2017-01-11 12:05:57','2017-01-11 12:05:57',107101,1,108100,NULL,101101,1,NULL,105100),(91,'MS Excel मध्ये R1C1 च्या ऐवजी A1 cell reference कसे आणावे.','कॉम्पुटर, लॅपटॉप, टॅब, मोबाईल','विडीओ पहा व कृती करा','https://www.youtube.com/watch?v=eE7ONFt2xdU&index=17&list=PL2B1577E911880F8E','नेटभेट','MS Excel कसे वापरतात हे समजते','2017-01-11 12:05:57','2017-01-11 12:05:57',107101,1,108100,NULL,101101,1,NULL,105100),(92,'LEN function in MS Excel','कॉम्पुटर, लॅपटॉप, टॅब, मोबाईल','विडीओ पहा व कृती करा','https://www.youtube.com/watch?v=d7CNQjk47wk&list=PL2B1577E911880F8E&index=18','नेटभेट','MS Excel कसे वापरतात हे समजते','2017-01-11 12:05:57','2017-01-11 12:05:57',107101,1,108100,NULL,101101,1,NULL,105100),(93,'Use RIGHT, LEFT and MID function in MS Excel','कॉम्पुटर, लॅपटॉप, टॅब, मोबाईल','विडीओ पहा व कृती करा','https://www.youtube.com/watch?v=O8sCAgzBzWk&list=PL2B1577E911880F8E&index=19','नेटभेट','MS Excel कसे वापरतात हे समजते','2017-01-11 12:05:57','2017-01-11 12:05:57',107101,1,108100,NULL,101101,1,NULL,105100),(94,'MS Excel - UPPER आणि LOWER हे फंक्शन्स कसे वापरावे?','कॉम्पुटर, लॅपटॉप, टॅब, मोबाईल','विडीओ पहा व कृती करा','https://www.youtube.com/watch?v=TSJmLnGJAIA&list=PL2B1577E911880F8E&index=20','नेटभेट','MS Excel कसे वापरतात हे समजते','2017-01-11 12:05:57','2017-01-11 12:05:57',107101,1,108100,NULL,101101,1,NULL,105100),(95,'MS Excel मध्ये PROPER हे फंक्शन कसे वापरावे ?','कॉम्पुटर, लॅपटॉप, टॅब, मोबाईल','विडीओ पहा व कृती करा','https://www.youtube.com/watch?v=QzhVeG7oNxw&index=21&list=PL2B1577E911880F8E','नेटभेट','MS Excel कसे वापरतात हे समजते','2017-01-11 12:05:57','2017-01-11 12:05:57',107101,1,108100,NULL,101101,1,NULL,105100),(96,'MS Excel मध्ये PROPER हे फंक्शन कसे वापरावे ?','कॉम्पुटर, लॅपटॉप, टॅब, मोबाईल','विडीओ पहा व कृती करा','https://www.youtube.com/watch?v=QzhVeG7oNxw&index=21&list=PL2B1577E911880F8E','नेटभेट','MS Excel कसे वापरतात हे समजते','2017-01-11 12:05:57','2017-01-11 12:05:57',107101,1,108100,NULL,101101,1,NULL,105100),(97,'Number formatting - Part 1','कॉम्पुटर, लॅपटॉप, टॅब, मोबाईल','विडीओ पहा व कृती करा','https://www.youtube.com/watch?v=ENbZbL4csXA&list=PL2B1577E911880F8E&index=22','नेटभेट','MS Excel कसे वापरतात हे समजते','2017-01-11 12:05:57','2017-01-11 12:05:57',107101,1,108100,NULL,101101,1,NULL,105100),(98,'CUSTOM CELL FORMATTING कसे वापरावे ?','कॉम्पुटर, लॅपटॉप, टॅब, मोबाईल','विडीओ पहा व कृती करा','https://www.youtube.com/watch?v=RMRNh72V2iE&index=23&list=PL2B1577E911880F8E','नेटभेट','MS Excel कसे वापरतात हे समजते','2017-01-11 12:05:57','2017-01-11 12:05:57',107101,1,108100,NULL,101101,1,NULL,105100),(99,'Keyboard Shortcuts Microsoft Excel','कॉम्पुटर, लॅपटॉप, टॅब, मोबाईल','विडीओ पहा व कृती करा','https://www.youtube.com/watch?v=Ys2XX4qhS7k&list=PL2B1577E911880F8E&index=24','नेटभेट','MS Excel कसे वापरतात हे समजते','2017-01-11 12:05:57','2017-01-11 12:05:57',107101,1,108100,NULL,101101,1,NULL,105100),(100,'Microsoft एक्सेलमध्ये CELL ALIGNMENT कसे वापरावे ?','कॉम्पुटर, लॅपटॉप, टॅब, मोबाईल','विडीओ पहा व कृती करा','https://www.youtube.com/watch?v=6CtkyCvSqos&list=PL2B1577E911880F8E&index=25','नेटभेट','MS Excel कसे वापरतात हे समजते','2017-01-11 12:05:57','2017-01-11 12:05:57',107101,1,108100,NULL,101101,1,NULL,105100),(101,'MS एक्सेलमध्ये CUSTOM CELL FORMATTING कसे वापरावे ?','कॉम्पुटर, लॅपटॉप, टॅब, मोबाईल','विडीओ पहा व कृती करा','https://www.youtube.com/watch?v=RMRNh72V2iE&index=26&list=PL2B1577E911880F8E','नेटभेट','MS Excel कसे वापरतात हे समजते','2017-01-11 12:05:57','2017-01-11 12:05:57',107101,1,108100,NULL,101101,1,NULL,105100),(102,'Key Board shortcuts - Part 2 - Alt Key','कॉम्पुटर, लॅपटॉप, टॅब, मोबाईल','विडीओ पहा व कृती करा','https://www.youtube.com/watch?v=GLvT_72J-3g&index=28&list=PL2B1577E911880F8E','नेटभेट','MS Excel कसे वापरतात हे समजते','2017-01-11 12:05:57','2017-01-11 12:05:57',107101,1,108100,NULL,101101,1,NULL,105100),(103,'Key board Shortcuts 4 - Ctrl Semicolon','कॉम्पुटर, लॅपटॉप, टॅब, मोबाईल','विडीओ पहा व कृती करा','https://www.youtube.com/watch?v=QB5WWTILW24&list=PL2B1577E911880F8E&index=29','नेटभेट','MS Excel कसे वापरतात हे समजते','2017-01-11 12:05:57','2017-01-11 12:05:57',107101,1,108100,NULL,101101,1,NULL,105100),(104,'मायक्रोसॉफ्ट एक्सेल मधील HLOOKUP FUNCTION कसे वापरावे ? (','कॉम्पुटर, लॅपटॉप, टॅब, मोबाईल','विडीओ पहा व कृती करा','https://www.youtube.com/watch?v=O63dB0c-J80&list=PL2B1577E911880F8E&index=30','नेटभेट','MS Excel कसे वापरतात हे समजते','2017-01-11 12:05:57','2017-01-11 12:05:57',107101,1,108100,NULL,101101,1,NULL,105100),(105,'मायक्रोसॉफ्ट एक्सेल मधील Key Board Short Cuts - 5','कॉम्पुटर, लॅपटॉप, टॅब, मोबाईल','विडीओ पहा व कृती करा','https://www.youtube.com/watch?v=UfR7vvLR3Pg&index=31&list=PL2B1577E911880F8E','नेटभेट','MS Excel कसे वापरतात हे समजते','2017-01-11 12:05:57','2017-01-11 12:05:57',107101,1,108100,NULL,101101,1,NULL,105100),(106,'\"Fill justify\" function in Excel','कॉम्पुटर, लॅपटॉप, टॅब, मोबाईल','विडीओ पहा व कृती करा','https://www.youtube.com/watch?v=3L95AoPwOmA&list=PL2B1577E911880F8E&index=32','नेटभेट','MS Excel कसे वापरतात हे समजते','2017-01-11 12:05:57','2017-01-11 12:05:57',107101,1,108100,NULL,101101,1,NULL,105100),(107,'ONLY VISIBLE CELLS IN EXCEL ?','कॉम्पुटर, लॅपटॉप, टॅब, मोबाईल','विडीओ पहा व कृती करा','https://www.youtube.com/watch?v=3x6GpgVYhoo&index=33&list=PL2B1577E911880F8E','नेटभेट','MS Excel कसे वापरतात हे समजते','2017-01-11 12:05:57','2017-01-11 12:05:57',107101,1,108100,NULL,101101,1,NULL,105100),(108,'Excel keyboard shortcut for Print preview','कॉम्पुटर, लॅपटॉप, टॅब, मोबाईल','विडीओ पहा व कृती करा','https://www.youtube.com/watch?v=_vbhc-qN8_M&list=PL2B1577E911880F8E&index=34','नेटभेट','MS Excel कसे वापरतात हे समजते','2017-01-11 12:05:57','2017-01-11 12:05:57',107101,1,108100,NULL,101101,1,NULL,105100),(109,'calculate Compound Interest in MS Excel','कॉम्पुटर, लॅपटॉप, टॅब, मोबाईल','विडीओ पहा व कृती करा','https://www.youtube.com/watch?v=dOKSLHFB4eQ&list=PL2B1577E911880F8E&index=35','नेटभेट','MS Excel कसे वापरतात हे समजते','2017-01-11 12:05:57','2017-01-11 12:05:57',107101,1,108100,NULL,101101,1,NULL,105100),(110,'Large and Small functions','कॉम्पुटर, लॅपटॉप, टॅब, मोबाईल','विडीओ पहा व कृती करा','https://www.youtube.com/watch?v=yu-EyLuVk0s&index=38&list=PL2B1577E911880F8E','नेटभेट','MS Excel कसे वापरतात हे समजते','2017-01-11 12:05:57','2017-01-11 12:05:57',107101,1,108100,NULL,101101,1,NULL,105100),(111,'Edit PDF Documents in MS Word','कॉम्पुटर, लॅपटॉप, टॅब, मोबाईल','विडीओ पहा व कृती करा','https://www.youtube.com/watch?v=oL9UZhoUyDc','नेटभेट','Edit PDF Documents in MS Word','2017-01-11 12:05:57','2017-01-11 12:05:57',107101,1,108100,NULL,101101,1,NULL,105100),(112,'1 Gmail Productivity Expert','कॉम्पुटर, लॅपटॉप, टॅब, मोबाईल','विडीओ पहा व कृती करा','https://www.youtube.com/watch?v=3Gi2_4_fd-o','नेटभेट','1 Gmail Productivity Expert','2017-01-11 12:05:57','2017-01-11 12:05:57',107101,1,108100,NULL,101101,1,NULL,105104),(113,'2 Gmail quick action button','कॉम्पुटर, लॅपटॉप, टॅब, मोबाईल','विडीओ पहा व कृती करा','https://www.youtube.com/watch?v=9p-sCEOBXMg','नेटभेट','2 Gmail quick action button','2017-01-11 12:05:57','2017-01-11 12:05:57',107101,1,108100,NULL,101101,1,NULL,105104),(114,'3 Gmail Mute Conversation','कॉम्पुटर, लॅपटॉप, टॅब, मोबाईल','विडीओ पहा व कृती करा','https://www.youtube.com/watch?v=HdD3YM7AHmw','नेटभेट','3 Gmail Mute Conversation','2017-01-11 12:05:57','2017-01-11 12:05:57',107101,1,108100,NULL,101101,1,NULL,105104),(115,'Understanding use of labels in Gmail','कॉम्पुटर, लॅपटॉप, टॅब, मोबाईल','विडीओ पहा व कृती करा','https://www.youtube.com/watch?v=G8z291RlXvA','नेटभेट','Understanding use of labels in Gmail','2017-01-11 12:05:57','2017-01-11 12:05:57',107101,1,108100,NULL,101101,1,NULL,105104),(116,'MOVE MESSAGES OUT OF INBOX','कॉम्पुटर, लॅपटॉप, टॅब, मोबाईल','विडीओ पहा व कृती करा','https://www.youtube.com/watch?v=0INkasNKpfE','नेटभेट','MOVE MESSAGES OUT OF INBOX','2017-01-11 12:05:57','2017-01-11 12:05:57',107101,1,108100,NULL,101101,1,NULL,105104),(117,'Archive and Delete Messages','कॉम्पुटर, लॅपटॉप, टॅब, मोबाईल','विडीओ पहा व कृती करा','https://www.youtube.com/watch?v=B5xMCN00Mzs','नेटभेट','Archive and Delete Messages','2017-01-11 12:05:57','2017-01-11 12:05:57',107101,1,108100,NULL,101101,1,NULL,105104),(118,'USE STARS TO ORGANIZE EMAILS','कॉम्पुटर, लॅपटॉप, टॅब, मोबाईल','विडीओ पहा व कृती करा','https://www.youtube.com/watch?v=50qU5OjvpQE','नेटभेट','USE STARS TO ORGANIZE EMAILS','2017-01-11 12:05:57','2017-01-11 12:05:57',107101,1,108100,NULL,101101,1,NULL,105104),(119,'USE FILTERS TO AUTOMATICALLY PROCESS EMAILS','कॉम्पुटर, लॅपटॉप, टॅब, मोबाईल','विडीओ पहा व कृती करा','https://www.youtube.com/watch?v=j5XeDfTYKzE','नेटभेट','USE FILTERS TO AUTOMATICALLY PROCESS EMAILS','2017-01-11 12:05:57','2017-01-11 12:05:57',107101,1,108100,NULL,101101,1,NULL,105104),(120,'SEARCH EMAILS','कॉम्पुटर, लॅपटॉप, टॅब, मोबाईल','विडीओ पहा व कृती करा','https://www.youtube.com/watch?v=xE3WSdOMqc8','नेटभेट','SEARCH EMAILS','2017-01-11 12:05:57','2017-01-11 12:05:57',107101,1,108100,NULL,101101,1,NULL,105104),(121,'Advance search operators','कॉम्पुटर, लॅपटॉप, टॅब, मोबाईल','विडीओ पहा व कृती करा','https://www.youtube.com/watch?v=flotlPTkrZE','नेटभेट','Advance search operators','2017-01-11 12:05:57','2017-01-11 12:05:57',107101,1,108100,NULL,101101,1,NULL,105104),(122,'easy unsubscribe','कॉम्पुटर, लॅपटॉप, टॅब, मोबाईल','विडीओ पहा व कृती करा','https://www.youtube.com/watch?v=HdpT1-584nY','नेटभेट','easy unsubscribe','2017-01-11 12:05:57','2017-01-11 12:05:57',107101,1,108100,NULL,101101,1,NULL,105104),(123,'find corespondence quickly','कॉम्पुटर, लॅपटॉप, टॅब, मोबाईल','विडीओ पहा व कृती करा','https://www.youtube.com/watch?v=igCD2ySlQVA','नेटभेट','find corespondence quickly','2017-01-11 12:05:57','2017-01-11 12:05:57',107101,1,108100,NULL,101101,1,NULL,105104),(124,'Save email as pdf','कॉम्पुटर, लॅपटॉप, टॅब, मोबाईल','विडीओ पहा व कृती करा','https://www.youtube.com/watch?v=3qZ7hnJKntE','नेटभेट','Save email as pdf','2017-01-11 12:05:57','2017-01-11 12:05:57',107101,1,108100,NULL,101101,1,NULL,105104),(125,'Download Gmail Data','कॉम्पुटर, लॅपटॉप, टॅब, मोबाईल','विडीओ पहा व कृती करा','https://www.youtube.com/watch?v=A-wtv2xQ_vE','नेटभेट','Download Gmail Data','2017-01-11 12:05:57','2017-01-11 12:05:57',107101,1,108100,NULL,101101,1,NULL,105104),(126,'Attach Large files from google drive','कॉम्पुटर, लॅपटॉप, टॅब, मोबाईल','विडीओ पहा व कृती करा','https://www.youtube.com/watch?v=lyRy3kolqg0','नेटभेट','Attach Large files from google drive','2017-01-11 12:05:57','2017-01-11 12:05:57',107101,1,108100,NULL,101101,1,NULL,105104),(127,'Set Up Gmail Delegation','कॉम्पुटर, लॅपटॉप, टॅब, मोबाईल','विडीओ पहा व कृती करा','https://www.youtube.com/watch?v=67HjueOHeGk','नेटभेट','Set Up Gmail Delegation','2017-01-11 12:05:57','2017-01-11 12:05:57',107101,1,108100,NULL,101101,1,NULL,105104),(128,'Canned Response','कॉम्पुटर, लॅपटॉप, टॅब, मोबाईल','विडीओ पहा व कृती करा','https://www.youtube.com/watch?v=JMvQjB9elyg','नेटभेट','Canned Response','2017-01-11 12:05:57','2017-01-11 12:05:57',107101,1,108100,NULL,101101,1,NULL,105104),(129,'Add signature','कॉम्पुटर, लॅपटॉप, टॅब, मोबाईल','विडीओ पहा व कृती करा','https://www.youtube.com/watch?v=hDHy6lZL6mE','नेटभेट','Add signature','2017-01-11 12:05:57','2017-01-11 12:05:57',107101,1,108100,NULL,101101,1,NULL,105104),(130,'Pin tab in chrome','कॉम्पुटर, लॅपटॉप, टॅब, मोबाईल','विडीओ पहा व कृती करा','https://www.youtube.com/watch?v=kHgrRwhClow','नेटभेट','Pin tab in chrome','2017-01-11 12:05:57','2017-01-11 12:05:57',107101,1,108100,NULL,101101,1,NULL,105104),(131,'se Gmail offline','कॉम्पुटर, लॅपटॉप, टॅब, मोबाईल','विडीओ पहा व कृती करा','https://www.youtube.com/watch?v=3D4RhBKpFCE','नेटभेट','se Gmail offline','2017-01-11 12:05:57','2017-01-11 12:05:57',107101,1,108100,NULL,101101,1,NULL,105104),(132,'How to track your emails in Gmail','कॉम्पुटर, लॅपटॉप, टॅब, मोबाईल','विडीओ पहा व कृती करा','https://www.youtube.com/watch?v=ZHHKMTiLSUE','नेटभेट','How to track your emails in Gmail','2017-01-11 12:05:57','2017-01-11 12:05:57',107101,1,108100,NULL,101101,1,NULL,105104),(133,'How to restrict editing in a MS word document','कॉम्पुटर, लॅपटॉप, टॅब, मोबाईल','विडीओ पहा व कृती करा','https://www.youtube.com/watch?v=LaWZsQqlU8E','नेटभेट','How to restrict editing in a MS word document','2017-01-11 12:05:57','2017-01-11 12:05:57',107101,1,108100,NULL,101101,1,NULL,105104),(134,'google drive कसे वापरतात','कॉम्पुटर, लॅपटॉप, टॅब, मोबाईल','विडीओ पहा व कृती करा','https://www.youtube.com/watch?v=WQns_solDNI','नेटभेट','google drive कसे वापरतात','2017-01-11 12:05:57','2017-01-11 12:05:57',107101,1,108100,NULL,101101,1,NULL,105104),(135,'Basic Computer Paint','कॉम्पुटर, लॅपटॉप, टॅब, मोबाईल','विडीओ पहा व कृती करा','https://www.youtube.com/watch?v=lj9M71CX1ac','नेटभेट','Basic Computer Paint','2017-01-11 12:05:57','2017-01-11 12:05:57',107101,1,108100,NULL,101101,1,NULL,105100),(136,'Computer Basics in Marathi','कॉम्पुटर, लॅपटॉप, टॅब, मोबाईल','विडीओ पहा व कृती करा','https://www.youtube.com/watch?v=MdOovykNxLo','नेटभेट','Computer Basics in Marathi','2017-01-11 12:05:57','2017-01-11 12:05:57',107101,1,108100,NULL,101101,1,NULL,105100),(137,'संगणक देखभाल दुरूस्ती प्रशिक्षण','कॉम्पुटर, लॅपटॉप, टॅब, मोबाईल','विडीओ पहा व कृती करा','https://www.youtube.com/watch?v=EOUr-R8BJ9g','नेटभेट','संगणक देखभाल दुरूस्ती प्रशिक्षण','2017-01-11 12:05:57','2017-01-11 12:05:57',107101,1,108100,NULL,101101,1,NULL,105100),(138,'computer','कॉम्पुटर, लॅपटॉप, टॅब, मोबाईल','विडीओ पहा व कृती करा','https://www.youtube.com/watch?v=cjylsf2kBWs&list=PLswaREt774h99ugkNo_tJcmk4kibUHD5P','नेटभेट','Marathi Home Learning CD','2017-01-11 12:05:57','2017-01-11 12:05:57',107101,1,108100,NULL,101101,1,NULL,105100),(139,'COMPUTER HISTORY - computer fundamental - marathicomptraining','कॉम्पुटर, लॅपटॉप, टॅब, मोबाईल','विडीओ पहा व कृती करा','https://www.youtube.com/watch?v=s5VS2TK_IGg&index=3&list=PLswaREt774h99ugkNo_tJcmk4kibUHD5P','नेटभेट','COMPUTER HISTORY - computer fundamental - marathicomptraining','2017-01-11 12:05:57','2017-01-11 12:05:57',107101,1,108100,NULL,101101,1,NULL,105100),(140,'Using YouTube','कॉम्पुटर, लॅपटॉप, टॅब, मोबाईल','विडीओ पहा व कृती करा','https://www.youtube.com/watch?v=m8I120MaXfE&index=3&list=PL9hI_x-esAjNr3ClkzuqEyiL8PHLa2z_a','नेटभेट','Using YouTube','2017-01-11 12:05:57','2017-01-11 12:05:57',107101,1,108100,NULL,101101,1,NULL,105104),(141,'How to use Mouse','कॉम्पुटर, लॅपटॉप, टॅब, मोबाईल','विडीओ पहा व कृती करा','https://www.youtube.com/watch?v=hSXY7w8yQhU&index=4&list=PL9hI_x-esAjNr3ClkzuqEyiL8PHLa2z_a','नेटभेट','How to use Mouse','2017-01-11 12:05:57','2017-01-11 12:05:57',107101,1,108100,NULL,101101,1,NULL,105104),(142,'Create YouTube Playlist','कॉम्पुटर, लॅपटॉप, टॅब, मोबाईल','विडीओ पहा व कृती करा','https://www.youtube.com/watch?v=sH9S2wiRVes&list=PL9hI_x-esAjNr3ClkzuqEyiL8PHLa2z_a&index=6','नेटभेट','Create YouTube Playlist','2017-01-11 12:05:57','2017-01-11 12:05:57',107101,1,108100,NULL,101101,1,NULL,105104),(143,'Using Google Maps','कॉम्पुटर, लॅपटॉप, टॅब, मोबाईल','विडीओ पहा व कृती करा','https://www.youtube.com/watch?v=N_OOAse7tRg&list=PL9hI_x-esAjNr3ClkzuqEyiL8PHLa2z_a&index=7','नेटभेट','Using Google Maps','2017-01-11 12:05:57','2017-01-11 12:05:57',107101,1,108100,NULL,101101,1,NULL,105104),(144,'Video Calls via Google Hangout','कॉम्पुटर, लॅपटॉप, टॅब, मोबाईल','विडीओ पहा व कृती करा','https://www.youtube.com/watch?v=bTPTkp3227c&index=23&list=PL9hI_x-esAjNr3ClkzuqEyiL8PHLa2z_a','नेटभेट','Video Calls via Google Hangout','2017-01-11 12:05:57','2017-01-11 12:05:57',107101,1,108100,NULL,101101,1,NULL,105104),(145,'Heart','कॉम्पुटर, लॅपटॉप, टॅब, मोबाईल','विडीओ पहा व कृती करा','https://www.youtube.com/watch?v=stOW76_1UHo','नेटभेट','Heart','2017-01-11 12:05:57','2017-01-11 12:05:57',107101,1,108100,NULL,101101,1,NULL,105109),(146,'आपले शरीर','कॉम्पुटर, लॅपटॉप, टॅब, मोबाईल','विडीओ पहा व कृती करा','https://www.youtube.com/watch?v=vWAz4LoT4q0','नेटभेट','आपले शरीर','2017-01-11 12:05:57','2017-01-11 12:05:57',107101,1,108100,NULL,101101,1,NULL,105100),(147,'Google Form तयार करणे १','कॉम्पुटर, लॅपटॉप, टॅब, मोबाईल','विडीओ पहा व कृती करा','https://www.youtube.com/watch?v=x0StwLeo_Ms&t=35s','नेटभेट','Google Form तयार करणे ','2017-01-11 12:05:57','2017-01-11 12:05:57',107101,1,108100,NULL,101101,1,NULL,105104),(148,'Conversation for Shopping','कॉम्पुटर, लॅपटॉप, टॅब, मोबाईल','विडीओ पहा व कृती करा','https://www.youtube.com/watch?v=p38g-cy6MxA&list=PLc_xOozqdSAF1bxPmgWwp4-aR1cy1dhEZ','पेबल्स','Conversation for Shopping','2017-01-11 12:05:57','2017-01-11 12:05:57',107101,1,108100,NULL,101101,1,NULL,105110),(149,'Telephone Conversation','कॉम्पुटर, लॅपटॉप, टॅब, मोबाईल','विडीओ पहा व कृती करा','https://www.youtube.com/watch?v=ccnMT1uxvto&list=PLc_xOozqdSAF1bxPmgWwp4-aR1cy1dhEZ&index=2','पेबल्स','Telephone Conversation','2017-01-11 12:05:57','2017-01-11 12:05:57',107101,1,108100,NULL,101101,1,NULL,105110),(150,'Google Form तयार करणे २','कॉम्पुटर, लॅपटॉप, टॅब, मोबाईल','विडीओ पहा व कृती करा','https://www.youtube.com/watch?v=Fx4w3LGpUko','नेटभेट','Google Form तयार करणे ','2017-01-11 12:05:57','2017-01-11 12:05:57',107101,1,108100,NULL,101101,1,NULL,105104),(151,'Google Form तयार करणे 3','कॉम्पुटर, लॅपटॉप, टॅब, मोबाईल','विडीओ पहा व कृती करा','https://www.youtube.com/watch?v=NrOaoL74gHg&t=1s','नेटभेट','Google Form तयार करणे ','2017-01-11 12:05:57','2017-01-11 12:05:57',107101,1,108100,NULL,101101,1,NULL,105104),(152,'सामान्यरूप','कॉम्पुटर, लॅपटॉप, टॅब, मोबाईल','विडीओ पहा व कृती करा','https://www.youtube.com/watch?v=8G1fGGspk98&index=3&list=PLW2TPY5w5obbTce_cqnYxJpuA--ZYwix2','रोबोमेट','सामान्यरूप \nसमजते','2017-01-11 12:05:57','2017-01-11 12:05:57',107101,1,108100,NULL,101101,1,NULL,105108),(153,'शब्दांच्या जाती','कॉम्पुटर, लॅपटॉप, टॅब, मोबाईल','विडीओ पहा व कृती करा','https://www.youtube.com/watch?v=feaNaUBuIbI&index=4&list=PLW2TPY5w5obbTce_cqnYxJpuA--ZYwix2','महेश ट्युटोरिअल','शब्दांच्या जाती\n समजतात','2017-01-11 12:05:57','2017-01-11 12:05:57',107101,1,108100,NULL,101101,1,NULL,105108),(154,'पाढे सोपे कसे करावेत','कॉम्पुटर, लॅपटॉप, टॅब, मोबाईल','विडीओ पहा व कृती करा','https://www.youtube.com/watch?v=hNop-Vs3ZBQ&index=15&list=PLW2TPY5w5obbTce_cqnYxJpuA--ZYwix2','द फ्री मॅथ','पाढे सोपे कसे करावेत \nसमजते','2017-01-11 12:05:57','2017-01-11 12:05:57',107101,1,108100,NULL,101101,1,NULL,105108),(155,'काळ','कॉम्पुटर, लॅपटॉप, टॅब, मोबाईल','विडीओ पहा व कृती करा','https://www.youtube.com/watch?v=eieW5lsIqVE&list=PLW2TPY5w5obbTce_cqnYxJpuA--ZYwix2&index=17','द विनर्स करिअर पॉइंट','काळ समजतात','2017-01-11 12:05:57','2017-01-11 12:05:57',107101,1,108100,NULL,101101,1,NULL,105110),(156,'क्रियाविशेषण अव्यय','कॉम्पुटर, लॅपटॉप, टॅब, मोबाईल','विडीओ पहा व कृती करा','https://www.youtube.com/watch?v=fuRrtwHngBc&list=PLW2TPY5w5obbTce_cqnYxJpuA--ZYwix2&index=19','द विनर्स करिअर पॉइंट','क्रियाविशेषण अव्यय समजतात','2017-01-11 12:05:57','2017-01-11 12:05:57',107101,1,108100,NULL,101101,1,NULL,105110),(157,'वाक्य पृथक्करण \n१','कॉम्पुटर, लॅपटॉप, टॅब, मोबाईल','विडीओ पहा व कृती करा','https://www.youtube.com/watch?v=GjY8mE47yaI&list=PLW2TPY5w5obbTce_cqnYxJpuA--ZYwix2&index=21','द विनर्स करिअर पॉइंट','वाक्य पृथक्करण \n१ करता येते ','2017-01-11 12:05:57','2017-01-11 12:05:57',107101,1,108100,NULL,101101,1,NULL,105108),(158,'वाक्य पृथक्करण \n२','कॉम्पुटर, लॅपटॉप, टॅब, मोबाईल','विडीओ पहा व कृती करा','https://www.youtube.com/watch?v=mah1j3AJqoY&list=PLW2TPY5w5obbTce_cqnYxJpuA--ZYwix2&index=22','द विनर्स करिअर पॉइंट','वाक्य पृथक्करण \n२ करता येते','2017-01-11 12:05:57','2017-01-11 12:05:57',107101,1,108100,NULL,101101,1,NULL,105108),(159,'शब्द शक्ती','कॉम्पुटर, लॅपटॉप, टॅब, मोबाईल','विडीओ पहा व कृती करा','https://www.youtube.com/watch?v=ZCZql6mtVVE&index=23&list=PLW2TPY5w5obbTce_cqnYxJpuA--ZYwix2','द विनर्स करिअर पॉइंट','शब्द शक्ती\n समजतात','2017-01-11 12:05:57','2017-01-11 12:05:57',107101,1,108100,NULL,101101,1,NULL,105108),(160,'प्रयोग २','कॉम्पुटर, लॅपटॉप, टॅब, मोबाईल','विडीओ पहा व कृती करा','https://www.youtube.com/watch?v=ZV-BmCxWzjY&list=PLW2TPY5w5obbTce_cqnYxJpuA--ZYwix2&index=35','द विनर्स करिअर पॉइंट','प्रयोग २\n ओळखता येतात','2017-01-11 12:05:57','2017-01-11 12:05:57',107101,1,108100,NULL,101101,1,NULL,105108),(161,'Exclamatory Sentenses','कॉम्पुटर, लॅपटॉप, टॅब, मोबाईल','विडीओ पहा व कृती करा','https://www.youtube.com/watch?v=IjyBjQUIhb8&list=PLW2TPY5w5obbTce_cqnYxJpuA--ZYwix2&index=37','द विनर्स करिअर पॉइंट','उद्गार वाचक शब्द समजतात','2017-01-11 12:05:57','2017-01-11 12:05:57',107101,1,108100,NULL,101101,1,NULL,105110),(162,'Degrees of Comparison','कॉम्पुटर, लॅपटॉप, टॅब, मोबाईल','विडीओ पहा व कृती करा','https://www.youtube.com/watch?v=6yZa9FZamBw&index=44&list=PLW2TPY5w5obbTce_cqnYxJpuA--ZYwix2','द विनर्स करिअर पॉइंट','Degrees of Comparison','2017-01-11 12:05:57','2017-01-11 12:05:57',107101,1,108100,NULL,101101,1,NULL,105110),(163,'Adverb Clauses 3','कॉम्पुटर, लॅपटॉप, टॅब, मोबाईल','विडीओ पहा व कृती करा','https://www.youtube.com/watch?v=NKaSmFFlDlw&list=PLW2TPY5w5obbTce_cqnYxJpuA--ZYwix2&index=46','द विनर्स करिअर पॉइंट','Adverb Clauses 3','2017-01-11 12:05:57','2017-01-11 12:05:57',107101,1,108100,NULL,101101,1,NULL,105110),(164,'वाक्यांचे प्रकार','कॉम्पुटर, लॅपटॉप, टॅब, मोबाईल','विडीओ पहा व कृती करा','https://www.youtube.com/watch?v=NNcIKGbWYmU&list=PLW2TPY5w5obbTce_cqnYxJpuA--ZYwix2&index=53','रोबोमेट','वाक्यांचे प्रकार समजतात','2017-01-11 12:05:57','2017-01-11 12:05:57',107101,1,108100,NULL,101101,1,NULL,105108),(165,'How to register/ sign up','कॉम्पुटर, लॅपटॉप, टॅब, मोबाईल','विडीओ पहा व कृती करा','https://youtu.be/VpQD-ivESPA?list=PL9hI_x-esAjNr3ClkzuqEyiL8PHLa2z_a','24by7exams','नोंदणी कशी करावे हे समजते','2017-01-11 12:05:57','2017-01-11 12:05:57',107101,1,108100,NULL,101101,1,NULL,105104),(166,'अक्षरे','कॉम्पुटर, लॅपटॉप, टॅब, मोबाईल','विडीओ पहा व कृती करा','https://www.youtube.com/watch?v=RUPE8PW2UGs&index=1&list=PLnCcvHTIyuPR0a_wtDYkWu-3JdYZq0kiI','पेबल्स','अक्षरे \nओळखता येतात','2017-01-11 12:05:57','2017-01-11 12:05:57',107101,1,108100,NULL,101101,1,NULL,105108),(167,'अक्षरे लिहायला शिकू या','कॉम्पुटर, लॅपटॉप, टॅब, मोबाईल','विडीओ पहा व कृती करा','https://www.youtube.com/watch?v=150eTkd292I&index=2&list=PLnCcvHTIyuPR0a_wtDYkWu-3JdYZq0kiI','पेबल्स','अक्षरे लिहायला शिकू या','2017-01-11 12:05:57','2017-01-11 12:05:57',107101,1,108100,NULL,101101,1,NULL,105108),(168,'अंक','कॉम्पुटर, लॅपटॉप, टॅब, मोबाईल','विडीओ पहा व कृती करा','https://www.youtube.com/watch?v=nRKwOHx0P6c&index=3&list=PLnCcvHTIyuPR0a_wtDYkWu-3JdYZq0kiI','पेबल्स','अंक\n ओळखता येतात','2017-01-11 12:05:57','2017-01-11 12:05:57',107101,1,108100,NULL,101101,1,NULL,105105),(169,'गणिती क्रिया','कॉम्पुटर, लॅपटॉप, टॅब, मोबाईल','विडीओ पहा व कृती करा','https://www.youtube.com/watch?v=W4ME4oGURQc&index=4&list=PLnCcvHTIyuPR0a_wtDYkWu-3JdYZq0kiI','पेबल्स','गणिती क्रिया \nकरता येतात','2017-01-11 12:05:57','2017-01-11 12:05:57',107101,1,108100,NULL,101101,1,NULL,105105),(170,'फळे.','कॉम्पुटर, लॅपटॉप, टॅब, मोबाईल','विडीओ पहा व कृती करा','https://www.youtube.com/watch?v=3QMk5SqHV7U&index=5&list=PLnCcvHTIyuPR0a_wtDYkWu-3JdYZq0kiI','पेबल्स','फळे ओळखता येतात','2017-01-11 12:05:57','2017-01-11 12:05:57',107101,1,108100,NULL,101101,1,NULL,105111),(171,'पशु पक्षांचे आवाज','कॉम्पुटर, लॅपटॉप, टॅब, मोबाईल','विडीओ पहा व कृती करा','https://www.youtube.com/watch?v=LGDYblSBXkc&index=7&list=PLnCcvHTIyuPR0a_wtDYkWu-3JdYZq0kiI','पेबल्स','पशु पक्षांचे आवाज\n ओळखता येतात','2017-01-11 12:05:57','2017-01-11 12:05:57',107101,1,108100,NULL,101101,1,NULL,105111),(172,'अंक ११ ते २०','कॉम्पुटर, लॅपटॉप, टॅब, मोबाईल','विडीओ पहा व कृती करा','https://www.youtube.com/watch?v=chbn_3Tm3-4&index=8&list=PLnCcvHTIyuPR0a_wtDYkWu-3JdYZq0kiI','पेबल्स','अंक ११ ते २० \nओळखता येतात','2017-01-11 12:05:57','2017-01-11 12:05:57',107101,1,108100,NULL,101101,1,NULL,105105),(173,'रंग','कॉम्पुटर, लॅपटॉप, टॅब, मोबाईल','विडीओ पहा व कृती करा','https://www.youtube.com/watch?v=yhwfTdkaGdE&index=9&list=PLnCcvHTIyuPR0a_wtDYkWu-3JdYZq0kiI','पेबल्स','रंग\n ओळखता येतात','2017-01-11 12:05:57','2017-01-11 12:05:57',107101,1,108100,NULL,101101,1,NULL,105111),(174,'वेळ','कॉम्पुटर, लॅपटॉप, टॅब, मोबाईल','विडीओ पहा व कृती करा','https://www.youtube.com/watch?v=oPkbpjXVktY&index=10&list=PLnCcvHTIyuPR0a_wtDYkWu-3JdYZq0kiI','पेबल्स','वेळ\n सांगता येते','2017-01-11 12:05:57','2017-01-11 12:05:57',107101,1,108100,NULL,101101,1,NULL,105105),(175,'पक्षी','कॉम्पुटर, लॅपटॉप, टॅब, मोबाईल','विडीओ पहा व कृती करा','https://www.youtube.com/watch?v=UlAy8dOnmqM&index=11&list=PLnCcvHTIyuPR0a_wtDYkWu-3JdYZq0kiI','पेबल्स','पक्षी \nओळखता येतात','2017-01-11 12:05:57','2017-01-11 12:05:57',107101,1,108100,NULL,101101,1,NULL,105111),(176,'आपले शरीर','कॉम्पुटर, लॅपटॉप, टॅब, मोबाईल','विडीओ पहा व कृती करा','https://www.youtube.com/watch?v=5z5tt5g_Aqo&index=12&list=PLnCcvHTIyuPR0a_wtDYkWu-3JdYZq0kiI','पेबल्स','आपले शरीर','2017-01-11 12:05:57','2017-01-11 12:05:57',107101,1,108100,NULL,101101,1,NULL,105111),(177,'चांगल्या सवयी','कॉम्पुटर, लॅपटॉप, टॅब, मोबाईल','विडीओ पहा व कृती करा','https://www.youtube.com/watch?v=oCfRcjoZD68&index=14&list=PLnCcvHTIyuPR0a_wtDYkWu-3JdYZq0kiI','पेबल्स','चांगल्या सवयी\n समजतात','2017-01-11 12:05:57','2017-01-11 12:05:57',107101,1,108100,NULL,101101,1,NULL,105111),(178,'भाज्या','कॉम्पुटर, लॅपटॉप, टॅब, मोबाईल','विडीओ पहा व कृती करा','https://www.youtube.com/watch?v=DV80UVtOMkc&index=13&list=PLnCcvHTIyuPR0a_wtDYkWu-3JdYZq0kiI','पेबल्स','भाज्या\n ओळखता येतात','2017-01-11 12:05:57','2017-01-11 12:05:57',107101,1,108100,NULL,101101,1,NULL,105111),(179,'आकार','कॉम्पुटर, लॅपटॉप, टॅब, मोबाईल','विडीओ पहा व कृती करा','https://www.youtube.com/watch?v=jwQff6ty7Is&index=15&list=PLnCcvHTIyuPR0a_wtDYkWu-3JdYZq0kiI','पेबल्स','आकार\n ओळखता येतात','2017-01-11 12:05:57','2017-01-11 12:05:57',107101,1,108100,NULL,101101,1,NULL,105105),(180,'प्राणी','कॉम्पुटर, लॅपटॉप, टॅब, मोबाईल','विडीओ पहा व कृती करा','https://www.youtube.com/watch?v=ab9XU6C-u50&index=16&list=PLnCcvHTIyuPR0a_wtDYkWu-3JdYZq0kiI','पेबल्स','प्राणी\n ओळखता येतात','2017-01-11 12:05:57','2017-01-11 12:05:57',107101,1,108100,NULL,101101,1,NULL,105111),(181,'आपल्या घरात दिसणाऱ्या वस्तू','कॉम्पुटर, लॅपटॉप, टॅब, मोबाईल','विडीओ पहा व कृती करा','https://www.youtube.com/watch?v=TQD37LOGf_0&index=17&list=PLnCcvHTIyuPR0a_wtDYkWu-3JdYZq0kiI','पेबल्स','आपल्या घरात दिसणाऱ्या वस्तू \n सांगता येतात','2017-01-11 12:05:57','2017-01-11 12:05:57',107101,1,108100,NULL,101101,1,NULL,105111),(182,'खाद्य पदार्थ','कॉम्पुटर, लॅपटॉप, टॅब, मोबाईल','विडीओ पहा व कृती करा','https://www.youtube.com/watch?v=L1bcmufx218&index=18&list=PLnCcvHTIyuPR0a_wtDYkWu-3JdYZq0kiI','पेबल्स','खाद्य पदार्थ \nओळखता येतात','2017-01-11 12:05:57','2017-01-11 12:05:57',107101,1,108100,NULL,101101,1,NULL,105111),(183,'मराठी अंक २१ ते २५','कॉम्पुटर, लॅपटॉप, टॅब, मोबाईल','विडीओ पहा व कृती करा','https://www.youtube.com/watch?v=TbJYVvQx1qk&index=19&list=PLnCcvHTIyuPR0a_wtDYkWu-3JdYZq0kiI','पेबल्स','मराठी अंक २१ ते २५ \n ओळखता येतात','2017-01-11 12:05:57','2017-01-11 12:05:57',107101,1,108100,NULL,101101,1,NULL,105105),(184,'माझा परिवार','कॉम्पुटर, लॅपटॉप, टॅब, मोबाईल','विडीओ पहा व कृती करा','https://www.youtube.com/watch?v=W0co9cQfyH8&index=20&list=PLnCcvHTIyuPR0a_wtDYkWu-3JdYZq0kiI','पेबल्स','परिवाराची माहिती देता येते','2017-01-11 12:05:57','2017-01-11 12:05:57',107101,1,108100,NULL,101101,1,NULL,105111),(185,'वाहन','कॉम्पुटर, लॅपटॉप, टॅब, मोबाईल','विडीओ पहा व कृती करा','https://www.youtube.com/watch?v=9-oK9JjcCBg&list=PLnCcvHTIyuPR0a_wtDYkWu-3JdYZq0kiI&index=21','पेबल्स','वाहन\n ओळखता येतात','2017-01-11 12:05:57','2017-01-11 12:05:57',107101,1,108100,NULL,101101,1,NULL,105111),(186,'फुले','कॉम्पुटर, लॅपटॉप, टॅब, मोबाईल','विडीओ पहा व कृती करा','https://www.youtube.com/watch?v=qbMmfphpHog&list=PLnCcvHTIyuPR0a_wtDYkWu-3JdYZq0kiI&index=22','पेबल्स','फुले\n ओळखता येतात','2017-01-11 12:05:57','2017-01-11 12:05:57',107101,1,108100,NULL,101101,1,NULL,105111),(187,'कपडे आणि वस्तू','कॉम्पुटर, लॅपटॉप, टॅब, मोबाईल','विडीओ पहा व कृती करा','https://www.youtube.com/watch?v=22JkYUrMRv4&list=PLnCcvHTIyuPR0a_wtDYkWu-3JdYZq0kiI&index=23','पेबल्स','कपडे आणि वस्तू सांगता येतात','2017-01-11 12:05:57','2017-01-11 12:05:57',107101,1,108100,NULL,101101,1,NULL,105111),(188,'मोजमाप / तुलना','कॉम्पुटर, लॅपटॉप, टॅब, मोबाईल','विडीओ पहा व कृती करा','https://www.youtube.com/watch?v=0q_ITHraY2U&list=PLnCcvHTIyuPR0a_wtDYkWu-3JdYZq0kiI&index=24','पेबल्स','मोजमाप / तुलना \nकरता येते','2017-01-11 12:05:57','2017-01-11 12:05:57',107101,1,108100,NULL,101101,1,NULL,105105),(189,'संगीत आणि वाद्य','कॉम्पुटर, लॅपटॉप, टॅब, मोबाईल','विडीओ पहा व कृती करा','https://www.youtube.com/watch?v=ihPQzxJyoyc&list=PLnCcvHTIyuPR0a_wtDYkWu-3JdYZq0kiI&index=25','पेबल्स','संगीत आणि वाद्य ओळखता येतात','2017-01-11 12:05:57','2017-01-11 12:05:57',107101,1,108100,NULL,101101,1,NULL,105111),(190,'आपले शहर','कॉम्पुटर, लॅपटॉप, टॅब, मोबाईल','विडीओ पहा व कृती करा','https://www.youtube.com/watch?v=uNMmXqX2o08&list=PLnCcvHTIyuPR0a_wtDYkWu-3JdYZq0kiI&index=26','पेबल्स','आपले शहराबद्दल माहिती देता येते','2017-01-11 12:05:57','2017-01-11 12:05:57',107101,1,108100,NULL,101101,1,NULL,105111),(191,'नैसर्गिक संसाधने हवा पाणी','कॉम्पुटर, लॅपटॉप, टॅब, मोबाईल','विडीओ पहा व कृती करा','https://www.youtube.com/watch?v=tMFiBvxfVrQ&list=PLnCcvHTIyuPR0a_wtDYkWu-3JdYZq0kiI&index=27','पेबल्स','नैसर्गिक संसाधने हवा पाणी \nमाहिती सांगता येते','2017-01-11 12:05:57','2017-01-11 12:05:57',107101,1,108100,NULL,101101,1,NULL,105111),(192,'इंग्रजी बोलायला शिका','कॉम्पुटर, लॅपटॉप, टॅब, मोबाईल','विडीओ पहा व कृती करा','https://www.youtube.com/watch?v=juK7LNGfBiE&list=PLnCcvHTIyuPTjeTD3LbjGssnHrsnZC-em&index=1','पेबल्स','इंग्रजी बोलायला शिका','2017-01-11 12:05:57','2017-01-11 12:05:57',107101,1,108100,NULL,101101,1,NULL,105110),(193,'इंग्रजी बोला - संवाद - शिक्षकांची भेट','कॉम्पुटर, लॅपटॉप, टॅब, मोबाईल','विडीओ पहा व कृती करा','https://www.youtube.com/watch?v=nYJ_9_k1KN8&list=PLnCcvHTIyuPTjeTD3LbjGssnHrsnZC-em&index=2','पेबल्स','इंग्रजी बोला - संवाद - शिक्षकांची भेट','2017-01-11 12:05:57','2017-01-11 12:05:57',107101,1,108100,NULL,101101,1,NULL,105110),(194,'इंग्रजी बोला - संवाद - शॉपिंग माॅल','कॉम्पुटर, लॅपटॉप, टॅब, मोबाईल','विडीओ पहा व कृती करा','https://www.youtube.com/watch?v=rpZtqKSxx4A&list=PLnCcvHTIyuPTjeTD3LbjGssnHrsnZC-em&index=3','पेबल्स','इंग्रजी बोला - संवाद - शॉपिंग माॅल','2017-01-11 12:05:57','2017-01-11 12:05:57',107101,1,108100,NULL,101101,1,NULL,105110),(195,'इंग्रजी बोला - संवाद - व्हिडिओ लायब्ररी','कॉम्पुटर, लॅपटॉप, टॅब, मोबाईल','विडीओ पहा व कृती करा','https://www.youtube.com/watch?v=hwMGBCwxGCY&list=PLnCcvHTIyuPTjeTD3LbjGssnHrsnZC-em&index=4','पेबल्स','इंग्रजी बोला - संवाद - व्हिडिओ लायब्ररी','2017-01-11 12:05:57','2017-01-11 12:05:57',107101,1,108100,NULL,101101,1,NULL,105110),(196,'इंग्रजी बोला - संवाद - ब्युटी पार्लर','कॉम्पुटर, लॅपटॉप, टॅब, मोबाईल','विडीओ पहा व कृती करा','https://www.youtube.com/watch?v=9mJo7WsFa7c&list=PLnCcvHTIyuPTjeTD3LbjGssnHrsnZC-em&index=5','पेबल्स','इंग्रजी बोला - संवाद - ब्युटी पार्लर','2017-01-11 12:05:57','2017-01-11 12:05:57',107101,1,108100,NULL,101101,1,NULL,105110),(197,'इंग्रजी बोला - संवाद -  टेलर','कॉम्पुटर, लॅपटॉप, टॅब, मोबाईल','विडीओ पहा व कृती करा','https://www.youtube.com/watch?v=7Yuav7_50Gw&list=PLnCcvHTIyuPTjeTD3LbjGssnHrsnZC-em&index=6','पेबल्स','इंग्रजी बोला - संवाद -  टेलर','2017-01-11 12:05:57','2017-01-11 12:05:57',107101,1,108100,NULL,101101,1,NULL,105110),(198,'इंग्रजी बोला - संवाद - हॉटेल','कॉम्पुटर, लॅपटॉप, टॅब, मोबाईल','विडीओ पहा व कृती करा','https://www.youtube.com/watch?v=X5izcl6ZKMg&list=PLnCcvHTIyuPTjeTD3LbjGssnHrsnZC-em&index=7','पेबल्स','इंग्रजी बोला - संवाद - हॉटेल','2017-01-11 12:05:57','2017-01-11 12:05:57',107101,1,108100,NULL,101101,1,NULL,105110),(199,'इंग्रजी बोला - संवाद - दूरध्वनी संभाषण','कॉम्पुटर, लॅपटॉप, टॅब, मोबाईल','विडीओ पहा व कृती करा','https://www.youtube.com/watch?v=d0D9qMfbHPk&list=PLnCcvHTIyuPTjeTD3LbjGssnHrsnZC-em&index=10','पेबल्स','इंग्रजी बोला - संवाद - दूरध्वनी संभाषण','2017-01-11 12:05:57','2017-01-11 12:05:57',107101,1,108100,NULL,101101,1,NULL,105110),(200,'How many trees in my garden?','','','https://youtu.be/5err-Vfh-ko','CEQUE','In this lesson students from grade 1-3 learn to count objects and graphical represent them and do simple operations using graphical representation','2017-01-11 12:05:57','2017-01-11 12:05:57',107101,1,108100,104100,101101,1,NULL,105105),(201,'How many trees in my garden?','','','https://youtu.be/5err-Vfh-ko','CEQUE','In this lesson students from grade 1-3 learn to count objects and graphical represent them and do simple operations using graphical representation','2017-01-11 12:05:57','2017-01-11 12:05:57',107101,1,108100,104101,101101,1,NULL,105105),(202,'How many trees in my garden?','','','https://youtu.be/5err-Vfh-ko','CEQUE','In this lesson students from grade 1-3 learn to count objects and graphical represent them and do simple operations using graphical representation','2017-01-11 12:05:57','2017-01-11 12:05:57',107101,1,108100,104102,101101,1,NULL,105105),(203,'Preparing Multiplication tables','','','https://youtu.be/0PMoM5LXwjk?list=PL4JRCWeATj-i9K-i2MayMbI6CkHGJq_Cx','CEQUE','Is there a way to understand multiplication tables other than rote? Watch how Ms. Abjal Kazi helps her students first understand and then construct multiplication tables.','2017-01-11 12:05:57','2017-01-11 12:05:57',107101,1,108100,104101,101101,1,NULL,105105),(204,'Preparing Multiplication tables','','','https://youtu.be/0PMoM5LXwjk?list=PL4JRCWeATj-i9K-i2MayMbI6CkHGJq_Cx','CEQUE','Is there a way to understand multiplication tables other than rote? Watch how Ms. Abjal Kazi helps her students first understand and then construct multiplication tables.','2017-01-11 12:05:57','2017-01-11 12:05:57',107101,1,108100,104102,101101,1,NULL,105105),(205,'A Story to Solve Mathematical Expressions','','','https://youtu.be/Lbtc_FCrvfY?list=PL4JRCWeATj-i9K-i2MayMbI6CkHGJq_Cx','CEQUE','How to teach students to solve mathematics expressions using a story','2017-01-11 12:05:57','2017-01-11 12:05:57',107101,1,108100,104102,101101,1,NULL,105105),(206,'A Story to Solve Mathematical Expressions','','','https://youtu.be/Lbtc_FCrvfY?list=PL4JRCWeATj-i9K-i2MayMbI6CkHGJq_Cx','CEQUE','How to teach students to solve mathematics expressions using a story','2017-01-11 12:05:57','2017-01-11 12:05:57',107101,1,108100,104103,101101,1,NULL,105105),(207,'Currency transactions in a Bazaar','','','https://youtu.be/0qEG8Jhfv7c?list=PL4JRCWeATj-i9K-i2MayMbI6CkHGJq_Cx','CEQUE','How to teach students to use currency in real life situations','2017-01-11 12:05:57','2017-01-11 12:05:57',107101,1,108100,104101,101101,1,NULL,105105),(208,'Word Circle','','','https://youtu.be/eTBkiMvt66o','CEQUE','How to use children’s vocabulary to develop reading skills through the Word Circle strategy','2017-01-11 12:05:57','2017-01-11 12:05:57',107101,1,108100,104100,101101,1,NULL,105106),(209,'Constructing words and sentences','','','https://youtu.be/_xmrlDHuftE','CEQUE',' Encourage  students to construct their own words and sentences, so that they become confident readers and writers.','2017-01-11 12:05:57','2017-01-11 12:05:57',107101,1,108100,104100,101101,1,NULL,105106),(210,'Action Words','','','https://youtu.be/PuYF3ZQ6TiY','CEQUE','Introduce your students to ‘action words’, enabling them to read and identify these with ease.','2017-01-11 12:05:57','2017-01-11 12:05:57',107101,1,108100,104104,101101,1,NULL,105106),(211,'Using English in Present Progressive tense ','','','https://youtu.be/VGyMlfz28c0','CEQUE','Use actions and pictures to teach your students how to use Present Progressive Tense in English','2017-01-11 12:05:57','2017-01-11 12:05:57',107101,1,108100,104104,101101,1,NULL,105106),(212,'Learn Excel in Marathi','','','https://youtu.be/rx2XgBqZgSE','Sunil Aloorkar','Learn Microsoft Excel Basic','2017-01-11 12:05:57','2017-01-11 12:05:57',107101,1,108100,NULL,101101,1,NULL,105107),(213,'Intro to multiplication','','','https://youtu.be/5sPrnIOMtiQ?list=PLtEE_f-r695vKV5Xc2CK83uc5c_39CqoY','Khan Academy','Teach your students the concept of multiplication','2017-01-11 12:05:57','2017-01-11 12:05:57',107101,1,108100,104104,101102,1,NULL,105105),(214,'Intro to Division','','','https://youtu.be/LbOMK3DmPaE?list=PLtEE_f-r695vKV5Xc2CK83uc5c_39CqoY','Khan Academy','Teach your students the concept of division','2017-01-11 12:05:57','2017-01-11 12:05:57',107101,1,108100,104104,101102,1,NULL,105105),(215,'अनुस्वाराचे शब्दांचे वाचन व लेखन','कॉम्पुटर, लॅपटॉप, टॅब, मोबाईल ','१) व्हिडीओ सुरु करावा. मुलांना प्रथम तो कोणतीही कृती न करता फक्त पाहण्यास सांगावे. मुले पाहतील आणि ऐकतील. यातून त्यांचे श्रवण कौशल्य विकसित होईल.\n २) व्हिडीओ पाहून झाल्यावर मुलांना त्याचा आवाज एकूण पाठीमागे म्हणण्याची सूचना करावी.\n ३) व्हिडीओ सुरु करून त्याचा आवाज बंद करावा. मुलांना पाहून तो पाहून शब्द वाचण्यास सांगावे.\n ४) त्यानंतर मुलांना आवाज बंद ठेऊन शब्द पाहून लिहिण्यास सांगावे.\n ५) आता व्हिडीओचा आवाज सुरु करावा. मुलांना एकूण लिहिण्यास सांगावे. येथे श्रुतलेखन अपेक्षित आहे. यासाठी आपण स्क्रीन बंद ठेऊ शकतो.','https://www.youtube.com/watch?v=jPnQZrR0d4s','श्री. सुरेश भारती','मुले अनुस्वाराचे शब्दांचे वाचन व लेखन हे शिकतील','2017-01-11 12:05:57','2017-01-11 12:05:57',107100,1,108100,104100,101101,1,103101,NULL),(216,'काना दोन मात्रे शब्दांचे वाचन व लेखन','कॉम्पुटर, लॅपटॉप, टॅब, मोबाईल ','१) व्हिडीओ सुरु करावा. मुलांना प्रथम तो कोणतीही कृती न करता फक्त पाहण्यास सांगावे. मुले पाहतील आणि ऐकतील. यातून त्यांचे श्रवण कौशल्य विकसित होईल.\n २) व्हिडीओ पाहून झाल्यावर मुलांना त्याचा आवाज एकूण पाठीमागे म्हणण्याची सूचना करावी.\n ३) व्हिडीओ सुरु करून त्याचा आवाज बंद करावा. मुलांना पाहून तो पाहून शब्द वाचण्यास सांगावे.\n ४) त्यानंतर मुलांना आवाज बंद ठेऊन शब्द पाहून लिहिण्यास सांगावे.\n ५) आता व्हिडीओचा आवाज सुरु करावा. मुलांना एकूण लिहिण्यास सांगावे. येथे श्रुतलेखन अपेक्षित आहे. यासाठी आपण स्क्रीन बंद ठेऊ शकतो.','https://www.youtube.com/watch?v=MuF0oyPqQoQ','श्री. सुरेश भारती','मुले काना दोन मात्रे शब्दांचे वाचन व लेखन हे शिकतील','2017-01-11 12:05:57','2017-01-11 12:05:57',107100,1,108100,104100,101101,1,103101,NULL),(217,'काना एक मात्रा शब्दांचे वाचन व लेखन','कॉम्पुटर, लॅपटॉप, टॅब, मोबाईल ','१) व्हिडीओ सुरु करावा. मुलांना प्रथम तो कोणतीही कृती न करता फक्त पाहण्यास सांगावे. मुले पाहतील आणि ऐकतील. यातून त्यांचे श्रवण कौशल्य विकसित होईल.\n २) व्हिडीओ पाहून झाल्यावर मुलांना त्याचा आवाज एकूण पाठीमागे म्हणण्याची सूचना करावी.\n ३) व्हिडीओ सुरु करून त्याचा आवाज बंद करावा. मुलांना पाहून तो पाहून शब्द वाचण्यास सांगावे.\n ४) त्यानंतर मुलांना आवाज बंद ठेऊन शब्द पाहून लिहिण्यास सांगावे.\n ५) आता व्हिडीओचा आवाज सुरु करावा. मुलांना एकूण लिहिण्यास सांगावे. येथे श्रुतलेखन अपेक्षित आहे. यासाठी आपण स्क्रीन बंद ठेऊ शकतो.','https://www.youtube.com/watch?v=YLk-q-heqS0','श्री. सुरेश भारती','मुले काना एक मात्रा शब्दांचे वाचन व लेखन हे शिकतील','2017-01-11 12:05:57','2017-01-11 12:05:57',107100,1,108100,104100,101101,1,103101,NULL),(218,'दोन मात्रे शब्दांचे वाचन व लेखन','कॉम्पुटर, लॅपटॉप, टॅब, मोबाईल ','१) व्हिडीओ सुरु करावा. मुलांना प्रथम तो कोणतीही कृती न करता फक्त पाहण्यास सांगावे. मुले पाहतील आणि ऐकतील. यातून त्यांचे श्रवण कौशल्य विकसित होईल.\n २) व्हिडीओ पाहून झाल्यावर मुलांना त्याचा आवाज एकूण पाठीमागे म्हणण्याची सूचना करावी.\n ३) व्हिडीओ सुरु करून त्याचा आवाज बंद करावा. मुलांना पाहून तो पाहून शब्द वाचण्यास सांगावे.\n ४) त्यानंतर मुलांना आवाज बंद ठेऊन शब्द पाहून लिहिण्यास सांगावे.\n ५) आता व्हिडीओचा आवाज सुरु करावा. मुलांना एकूण लिहिण्यास सांगावे. येथे श्रुतलेखन अपेक्षित आहे. यासाठी आपण स्क्रीन बंद ठेऊ शकतो.','https://www.youtube.com/watch?v=scF7OhmeEHk','श्री. सुरेश भारती','मुले दोन मात्रे शब्दांचे वाचन व लेखन हे शिकतील','2017-01-11 12:05:57','2017-01-11 12:05:57',107100,1,108100,104100,101101,1,103101,NULL),(219,'एक मात्रा शब्दांचे वाचन व लेखन','कॉम्पुटर, लॅपटॉप, टॅब, मोबाईल ','१) व्हिडीओ सुरु करावा. मुलांना प्रथम तो कोणतीही कृती न करता फक्त पाहण्यास सांगावे. मुले पाहतील आणि ऐकतील. यातून त्यांचे श्रवण कौशल्य विकसित होईल.\n २) व्हिडीओ पाहून झाल्यावर मुलांना त्याचा आवाज एकूण पाठीमागे म्हणण्याची सूचना करावी.\n ३) व्हिडीओ सुरु करून त्याचा आवाज बंद करावा. मुलांना पाहून तो पाहून शब्द वाचण्यास सांगावे.\n ४) त्यानंतर मुलांना आवाज बंद ठेऊन शब्द पाहून लिहिण्यास सांगावे.\n ५) आता व्हिडीओचा आवाज सुरु करावा. मुलांना एकूण लिहिण्यास सांगावे. येथे श्रुतलेखन अपेक्षित आहे. यासाठी आपण स्क्रीन बंद ठेऊ शकतो.','https://www.youtube.com/watch?v=bY0C0XwYLGA','श्री. सुरेश भारती','मुले एक मात्रा शब्दांचे वाचन व लेखन हे शिकतील','2017-01-11 12:05:57','2017-01-11 12:05:57',107100,1,108100,104100,101101,1,103101,NULL),(220,'दुसरा उकार शब्दांचे वाचन व लेखन','कॉम्पुटर, लॅपटॉप, टॅब, मोबाईल ','१) व्हिडीओ सुरु करावा. मुलांना प्रथम तो कोणतीही कृती न करता फक्त पाहण्यास सांगावे. मुले पाहतील आणि ऐकतील. यातून त्यांचे श्रवण कौशल्य विकसित होईल.\n २) व्हिडीओ पाहून झाल्यावर मुलांना त्याचा आवाज एकूण पाठीमागे म्हणण्याची सूचना करावी.\n ३) व्हिडीओ सुरु करून त्याचा आवाज बंद करावा. मुलांना पाहून तो पाहून शब्द वाचण्यास सांगावे.\n ४) त्यानंतर मुलांना आवाज बंद ठेऊन शब्द पाहून लिहिण्यास सांगावे.\n ५) आता व्हिडीओचा आवाज सुरु करावा. मुलांना एकूण लिहिण्यास सांगावे. येथे श्रुतलेखन अपेक्षित आहे. यासाठी आपण स्क्रीन बंद ठेऊ शकतो.','https://www.youtube.com/watch?v=pqOjdQn42pY','श्री. सुरेश भारती','मुले दुसरा उकार शब्दांचे वाचन व लेखन हे शिकतील','2017-01-11 12:05:57','2017-01-11 12:05:57',107100,1,108100,104100,101101,1,103101,NULL),(221,'एक मात्रा शब्दांचे वाचन व लेखन','कॉम्पुटर, लॅपटॉप, टॅब, मोबाईल ','१) व्हिडीओ सुरु करावा. मुलांना प्रथम तो कोणतीही कृती न करता फक्त पाहण्यास सांगावे. मुले पाहतील आणि ऐकतील. यातून त्यांचे श्रवण कौशल्य विकसित होईल.\n २) व्हिडीओ पाहून झाल्यावर मुलांना त्याचा आवाज एकूण पाठीमागे म्हणण्याची सूचना करावी.\n ३) व्हिडीओ सुरु करून त्याचा आवाज बंद करावा. मुलांना पाहून तो पाहून शब्द वाचण्यास सांगावे.\n ४) त्यानंतर मुलांना आवाज बंद ठेऊन शब्द पाहून लिहिण्यास सांगावे.\n ५) आता व्हिडीओचा आवाज सुरु करावा. मुलांना एकूण लिहिण्यास सांगावे. येथे श्रुतलेखन अपेक्षित आहे. यासाठी आपण स्क्रीन बंद ठेऊ शकतो.','https://www.youtube.com/watch?v=bY0C0XwYLGA','श्री. सुरेश भारती','मुले एक मात्रा शब्दांचे वाचन व लेखन हे शिकतील','2017-01-11 12:05:57','2017-01-11 12:05:57',107100,1,108100,104100,101101,1,103101,NULL),(222,'काना शब्दांचे वाचन व लेखन','कॉम्पुटर, लॅपटॉप, टॅब, मोबाईल ','१) व्हिडीओ सुरु करावा. मुलांना प्रथम तो कोणतीही कृती न करता फक्त पाहण्यास सांगावे. मुले पाहतील आणि ऐकतील. यातून त्यांचे श्रवण कौशल्य विकसित होईल.\n २) व्हिडीओ पाहून झाल्यावर मुलांना त्याचा आवाज एकूण पाठीमागे म्हणण्याची सूचना करावी.\n ३) व्हिडीओ सुरु करून त्याचा आवाज बंद करावा. मुलांना पाहून तो पाहून शब्द वाचण्यास सांगावे.\n ४) त्यानंतर मुलांना आवाज बंद ठेऊन शब्द पाहून लिहिण्यास सांगावे.\n ५) आता व्हिडीओचा आवाज सुरु करावा. मुलांना एकूण लिहिण्यास सांगावे. येथे श्रुतलेखन अपेक्षित आहे. यासाठी आपण स्क्रीन बंद ठेऊ शकतो.','https://www.youtube.com/watch?v=yjjHF4zkFm4','श्री. सुरेश भारती','मुले काना शब्दांचे वाचन व लेखन हे शिकतील','2017-01-11 12:05:57','2017-01-11 12:05:57',107100,1,108100,104100,101101,1,103101,NULL),(223,'पहिला उकार शब्दांचे वाचन व लेखन','कॉम्पुटर, लॅपटॉप, टॅब, मोबाईल ','१) व्हिडीओ सुरु करावा. मुलांना प्रथम तो कोणतीही कृती न करता फक्त पाहण्यास सांगावे. मुले पाहतील आणि ऐकतील. यातून त्यांचे श्रवण कौशल्य विकसित होईल.\n २) व्हिडीओ पाहून झाल्यावर मुलांना त्याचा आवाज एकूण पाठीमागे म्हणण्याची सूचना करावी.\n ३) व्हिडीओ सुरु करून त्याचा आवाज बंद करावा. मुलांना पाहून तो पाहून शब्द वाचण्यास सांगावे.\n ४) त्यानंतर मुलांना आवाज बंद ठेऊन शब्द पाहून लिहिण्यास सांगावे.\n ५) आता व्हिडीओचा आवाज सुरु करावा. मुलांना एकूण लिहिण्यास सांगावे. येथे श्रुतलेखन अपेक्षित आहे. यासाठी आपण स्क्रीन बंद ठेऊ शकतो.','https://www.youtube.com/watch?v=t1wdXcx1JHg','श्री. सुरेश भारती','मुले पहिला उकार शब्दांचे वाचन व लेखन हे शिकतील','2017-01-11 12:05:57','2017-01-11 12:05:57',107100,1,108100,104100,101101,1,103101,NULL),(224,'दुसरी वेलांटी शब्दांचे वाचन व लेखन','कॉम्पुटर, लॅपटॉप, टॅब, मोबाईल ','१) व्हिडीओ सुरु करावा. मुलांना प्रथम तो कोणतीही कृती न करता फक्त पाहण्यास सांगावे. मुले पाहतील आणि ऐकतील. यातून त्यांचे श्रवण कौशल्य विकसित होईल.\n २) व्हिडीओ पाहून झाल्यावर मुलांना त्याचा आवाज एकूण पाठीमागे म्हणण्याची सूचना करावी.\n ३) व्हिडीओ सुरु करून त्याचा आवाज बंद करावा. मुलांना पाहून तो पाहून शब्द वाचण्यास सांगावे.\n ४) त्यानंतर मुलांना आवाज बंद ठेऊन शब्द पाहून लिहिण्यास सांगावे.\n ५) आता व्हिडीओचा आवाज सुरु करावा. मुलांना एकूण लिहिण्यास सांगावे. येथे श्रुतलेखन अपेक्षित आहे. यासाठी आपण स्क्रीन बंद ठेऊ शकतो.','https://www.youtube.com/watch?v=yS5Lcc-dkOk','श्री. सुरेश भारती','मुले दुसरी वेलांटी शब्दांचे मुले वाचन व लेखन हे शिकतील','2017-01-11 12:05:57','2017-01-11 12:05:57',107100,1,108100,104100,101101,1,103101,NULL),(225,'पहिली वेलांटी शब्दांचे वाचन व लेखन','कॉम्पुटर, लॅपटॉप, टॅब, मोबाईल ','१) व्हिडीओ सुरु करावा. मुलांना प्रथम तो कोणतीही कृती न करता फक्त पाहण्यास सांगावे. मुले पाहतील आणि ऐकतील. यातून त्यांचे श्रवण कौशल्य विकसित होईल.\n २) व्हिडीओ पाहून झाल्यावर मुलांना त्याचा आवाज एकूण पाठीमागे म्हणण्याची सूचना करावी.\n ३) व्हिडीओ सुरु करून त्याचा आवाज बंद करावा. मुलांना पाहून तो पाहून शब्द वाचण्यास सांगावे.\n ४) त्यानंतर मुलांना आवाज बंद ठेऊन शब्द पाहून लिहिण्यास सांगावे.\n ५) आता व्हिडीओचा आवाज सुरु करावा. मुलांना एकूण लिहिण्यास सांगावे. येथे श्रुतलेखन अपेक्षित आहे. यासाठी आपण स्क्रीन बंद ठेऊ शकतो.','https://www.youtube.com/watch?v=W0kXDwCgsvs','श्री. सुरेश भारती','पहिली वेलांटी शब्दांचे वाचन व लेखन हे शिकतील','2017-01-11 12:05:57','2017-01-11 12:05:57',107100,1,108100,104100,101101,1,103101,NULL),(226,'अन्नपचन कसे होते ?','कॉम्पुटर, लॅपटॉप, टॅब, मोबाईल ','१) व्हिडीओ सुरु करावा. मुलांना प्रथम तो कोणतीही कृती न करता फक्त पाहण्यास सांगावे. मुले पाहतील आणि ऐकतील. यातून अन्नपचन कसे होते हे समजून घेतील.','https://www.youtube.com/watch?v=h3m-N6FPOeM','श्री. सुरेश भारती','मुले अन्नपचन कसे होते हे शिकतील हे शिकतील','2017-01-11 12:05:57','2017-01-11 12:05:57',107100,1,108100,104100,101101,1,103101,NULL),(227,'स्वरचिन्ह विरहित शब्दांचे १ वाचन व लेखन','कॉम्पुटर, लॅपटॉप, टॅब, मोबाईल ','१) व्हिडीओ सुरु करावा. मुलांना प्रथम तो कोणतीही कृती न करता फक्त पाहण्यास सांगावे. मुले पाहतील आणि ऐकतील. यातून त्यांचे श्रवण कौशल्य विकसित होईल.\n २) व्हिडीओ पाहून झाल्यावर मुलांना त्याचा आवाज एकूण पाठीमागे म्हणण्याची सूचना करावी.\n ३) व्हिडीओ सुरु करून त्याचा आवाज बंद करावा. मुलांना पाहून तो पाहून शब्द वाचण्यास सांगावे.\n ४) त्यानंतर मुलांना आवाज बंद ठेऊन शब्द पाहून लिहिण्यास सांगावे.\n ५) आता व्हिडीओचा आवाज सुरु करावा. मुलांना एकूण लिहिण्यास सांगावे. येथे श्रुतलेखन अपेक्षित आहे. यासाठी आपण स्क्रीन बंद ठेऊ शकतो.','https://www.youtube.com/watch?v=XXLZiewaJtc','श्री. सुरेश भारती','मुले स्वरचिन्ह विरहित शब्दांचे १ वाचन व लेखन हे शिकतील','2017-01-11 12:05:57','2017-01-11 12:05:57',107100,1,108100,104100,101101,1,103101,NULL),(228,'स्वरचिन्ह विरहित शब्दांचे २ वाचन व लेखन','कॉम्पुटर, लॅपटॉप, टॅब, मोबाईल ','१) व्हिडीओ सुरु करावा. मुलांना प्रथम तो कोणतीही कृती न करता फक्त पाहण्यास सांगावे. मुले पाहतील आणि ऐकतील. यातून त्यांचे श्रवण कौशल्य विकसित होईल.\n २) व्हिडीओ पाहून झाल्यावर मुलांना त्याचा आवाज एकूण पाठीमागे म्हणण्याची सूचना करावी.\n ३) व्हिडीओ सुरु करून त्याचा आवाज बंद करावा. मुलांना पाहून तो पाहून शब्द वाचण्यास सांगावे.\n ४) त्यानंतर मुलांना आवाज बंद ठेऊन शब्द पाहून लिहिण्यास सांगावे.\n ५) आता व्हिडीओचा आवाज सुरु करावा. मुलांना एकूण लिहिण्यास सांगावे. येथे श्रुतलेखन अपेक्षित आहे. यासाठी आपण स्क्रीन बंद ठेऊ शकतो.','https://www.youtube.com/watch?v=ZFKxr3KEroM','श्री. सुरेश भारती','मुले स्वरचिन्ह विरहित शब्दांचे २ वाचन व लेखन हे शिकतील','2017-01-11 12:05:57','2017-01-11 12:05:57',107100,1,108100,104100,101101,1,103101,NULL),(229,'स्वरचिन्ह विरहित शब्दांचे ३ वाचन व लेखन','कॉम्पुटर, लॅपटॉप, टॅब, मोबाईल ','१) व्हिडीओ सुरु करावा. मुलांना प्रथम तो कोणतीही कृती न करता फक्त पाहण्यास सांगावे. मुले पाहतील आणि ऐकतील. यातून त्यांचे श्रवण कौशल्य विकसित होईल.\n २) व्हिडीओ पाहून झाल्यावर मुलांना त्याचा आवाज एकूण पाठीमागे म्हणण्याची सूचना करावी.\n ३) व्हिडीओ सुरु करून त्याचा आवाज बंद करावा. मुलांना पाहून तो पाहून शब्द वाचण्यास सांगावे.\n ४) त्यानंतर मुलांना आवाज बंद ठेऊन शब्द पाहून लिहिण्यास सांगावे.\n ५) आता व्हिडीओचा आवाज सुरु करावा. मुलांना एकूण लिहिण्यास सांगावे. येथे श्रुतलेखन अपेक्षित आहे. यासाठी आपण स्क्रीन बंद ठेऊ शकतो.','https://www.youtube.com/watch?v=TTL9Q_2ZneI','श्री. सुरेश भारती','मुले स्वरचिन्ह विरहित शब्दांचे ३ वाचन व लेखन हे शिकतील','2017-01-11 12:05:57','2017-01-11 12:05:57',107100,1,108100,104100,101101,1,103101,NULL),(230,'पाळीव प्राणी','कॉम्पुटर, लॅपटॉप, टॅब, मोबाईल ','१) मुलांना विडीओ दाखवावा','','सौ. कल्पना सुपेकर','मुलांना पाळीव प्राण्याची माहिती मिळते','2017-01-11 12:05:57','2017-01-11 12:05:57',107100,1,108100,104101,101101,1,103101,NULL),(231,'इंग्रजीतील यमक जुळणारे शब्द','कॉम्पुटर, लॅपटॉप, टॅब, मोबाईल ','१) मुलांना विडीओ दाखवावा','https://youtu.be/4DuyZrZTmy0','समीर सय्यद','मुलांना इंग्रजी तील यमक जुळणाऱ्या शब्दांचा परिचय होतो','2017-01-11 12:05:57','2017-01-11 12:05:57',107100,1,108100,104100,101100,1,103100,NULL),(232,'नाम आणि विशेषणे','कॉम्पुटर, लॅपटॉप, टॅब, मोबाईल ','मराठी भाषेचे अध्यापन करताना व्याकरणाचे संबोध समजावून \nदेणे थोडे कठीण जाते. या विडीओ तून नाम आणि विशेषणाची संकल्पना स्पष्ट होईल ','https://drive.google.com/file/d/1TLBJI-YxdnNnrlEmWpdp-X7z7aYPFKW1yQ/view?usp=drivesdk','माधुरी देवरुखकर','मुलांना सहजपणे व्याकरणाचे संबोध स्पष्ट होतील','2017-01-11 12:05:57','2017-01-11 12:05:57',107100,1,108100,104105,101101,1,103101,NULL),(233,'हडप्पा संस्कृती','कॉम्पुटर, लॅपटॉप, टॅब, मोबाईल ','१) मुलांना विडीओ दाखविणे 2) विडीओ चा आवाज बंद करून पुन्हा विडीओ दाखविणे ३) तो  विडीओ पाहून त्यांना माहिती विचारणे  4) विडीओ वर आधारित प्रश्न विचारणे ','','मनिषा गिरी','मुलांना हडप्पा संस्कृती सहज सुलभपणे पाहता येईल व क्लिष्ट अशी माहिती सोप्या पद्धतीने आत्मसात करतील','2017-01-11 12:05:57','2017-01-11 12:05:57',107100,1,108100,104105,101101,1,103101,NULL),(234,'जंगलाती दौलत','कॉम्पुटर, लॅपटॉप, टॅब, मोबाईल ','1) मुलांना विडीओ दाखविणे 2) विडीओ वर आधारित प्रश्न विचारणे','https://youtu.be/xf-SKq1ZhNQ','तौसीफ परवेज एम.मुजफ्फर','मुलांना जंगलाची माहिती कळेल','2017-01-11 12:05:57','2017-01-11 12:05:57',107100,1,108100,104103,101103,1,103105,NULL),(235,'हमारी जरुरते','कॉम्पुटर, लॅपटॉप, टॅब, मोबाईल ','1) मुलांना विडीओ दाखविणे 2) विडीओ वर आधारित प्रश्न विचारणे','https://youtu.be/miX8lvEtofc','तौसीफ परवेज एम.मुजफ्फर','मुलांना दैनंदिन जीवनात मुलभूत गरजा पूर्ण करणाऱ्या लोकांचा परिचय होतो.','2017-01-11 12:05:57','2017-01-11 12:05:57',107100,1,108100,104102,101103,1,103105,NULL),(236,'डोंन्टस पान नं .४','कॉम्पुटर, लॅपटॉप, टॅब, मोबाईल ','घटक शिकविण्याच्या अगोदर तुम्ही हा विडीओ मुलांना दाखवा.मुलांना उत्सुकता निर्माण होईल.व घटक शिकवल्यानंतर दृढीकरणासाठी या विडीओ चा वापर करता येईल.','http://goo.gl/6BExyP','किर्ती पालवे','','2017-01-11 12:05:57','2017-01-11 12:05:57',107100,1,108100,104101,101100,1,103100,NULL),(237,'संख्यांची तोंड ओळख','कॉम्पुटर, लॅपटॉप, टॅब, मोबाईल','','https://youtu.be/UyumH5Kqyyo','thefreemath.org','विद्यार्थ्याला गणन करता येणे','2017-01-11 12:05:57','2017-01-11 12:05:57',107100,1,108100,104100,101101,1,103102,NULL),(238,'चित्रांवरून बेरीज','कॉम्पुटर, लॅपटॉप, टॅब, मोबाईल','','https://youtu.be/0PEq6_SVrfY','thefreemath.org','विद्यार्थ्याला बेरीज करता येणे','2017-01-11 12:05:57','2017-01-11 12:05:57',107100,1,108100,104100,101101,1,103102,NULL),(239,'वजाबाकी भाग १','कॉम्पुटर, लॅपटॉप, टॅब, मोबाईल','','https://youtu.be/qKnWwrvMmPc','thefreemath.org','विद्यार्थ्याला बेरीज व वजाबाकी करता येणे','2017-01-11 12:05:57','2017-01-11 12:05:57',107100,1,108100,104101,101101,1,103102,NULL),(240,'कोन','कॉम्पुटर, लॅपटॉप, टॅब, मोबाईल','','https://youtu.be/TKKpihENPrA','thefreemath.org','विद्यार्थ्याला भौमितिक आकृत्यान्चे ज्ञान होते ','2017-01-11 12:05:57','2017-01-11 12:05:57',107100,1,108100,104103,101101,1,103102,NULL),(241,'कोणाचे प्रकार','कॉम्पुटर, लॅपटॉप, टॅब, मोबाईल','','https://youtu.be/8tlcGAxb1b4','thefreemath.org','विद्यार्थ्याला भौमितिक आकृत्यान्चे ज्ञान होते ','2017-01-11 12:05:57','2017-01-11 12:05:57',107100,1,108100,104103,101101,1,103102,NULL),(242,'दोन अंकी संख्यांचा गुणाकार','कॉम्पुटर, लॅपटॉप, टॅब, मोबाईल','','https://drive.google.com/open?id=0B1D_kgxKHejmZzV1LS1mVEVDS3M','योगेश महामीने','विद्यार्थ्यांना गुणाकार करता येणे','2017-01-11 12:05:57','2017-01-11 12:05:57',107100,1,108103,104102,101101,1,103102,NULL),(243,'आकार आणि बहुभुज आकृत्या','कॉम्पुटर, लॅपटॉप, टॅब, मोबाईल','','https://youtu.be/EX6HjnYoatk','thefreemath.org','सममिती म्हणजे काय हे सांगतो ','2017-01-11 12:05:57','2017-01-11 12:05:57',107100,1,108100,104102,101101,1,103102,NULL),(244,'तीन अंकी संख्यांचा गुणाकार','कॉम्पुटर, लॅपटॉप, टॅब, मोबाईल','','https://drive.google.com/open?id=0B1D_kgxKHejmS2tGbkxYbVlTZnc','योगेश महामीने','विद्यार्थ्याला गुणाकार व भागाकार करता येतो ','2017-01-11 12:05:57','2017-01-11 12:05:57',107100,1,108103,104103,101101,1,103102,NULL),(245,'तीन अंकी संख्यांचा गुणाकार','कॉम्पुटर, लॅपटॉप, टॅब, मोबाईल','','https://drive.google.com/open?id=0B1D_kgxKHejmZzZPb20wanRxZDg','योगेश महामीने','विद्यार्थ्याला गुणाकार व भागाकार करता येतो ','2017-01-11 12:05:57','2017-01-11 12:05:57',107100,1,108103,104103,101101,1,103102,NULL),(246,'चार अंकी संख्यांची वजाबाकी','कॉम्पुटर, लॅपटॉप, टॅब, मोबाईल','','https://drive.google.com/open?id=0B1D_kgxKHejmdHVjR0Y1cndsMVk','योगेश महामीने','विद्यार्थ्याला बेरीज व वजाबाकी करता येते ','2017-01-11 12:05:57','2017-01-11 12:05:57',107100,1,108103,104103,101101,1,103102,NULL),(247,'पाच अंकी संख्यांची वजाबाकी','कॉम्पुटर, लॅपटॉप, टॅब, मोबाईल','','https://drive.google.com/open?id=0B1D_kgxKHejmVElhZTROa2NDTEE','योगेश महामीने','विद्यार्थ्याला बेरीज व वजाबाकी करता येते ','2017-01-11 12:05:57','2017-01-11 12:05:57',107100,1,108103,104104,101101,1,103102,NULL),(248,'चार अंकी संख्यांची बेरीज','कॉम्पुटर, लॅपटॉप, टॅब, मोबाईल','','https://drive.google.com/open?id=0B1D_kgxKHejmNG50U2hzbXU0ek0','योगेश महामीने','विद्यार्थ्याला बेरीज व वजाबाकी करता येते ','2017-01-11 12:05:57','2017-01-11 12:05:57',107100,1,108103,104103,101101,1,103102,NULL),(249,'पाच अंकी संख्यांची बेरीज','कॉम्पुटर, लॅपटॉप, टॅब, मोबाईल','','https://drive.google.com/open?id=0B1D_kgxKHejmWHB6dk1yT1UwVW8','योगेश महामीने','विद्यार्थ्याला बेरीज व वजाबाकी करता येते ','2017-01-11 12:05:57','2017-01-11 12:05:57',107100,1,108103,104104,101101,1,103102,NULL),(250,'अपूर्णांक म्हणजे काय?','कॉम्पुटर, लॅपटॉप, टॅब, मोबाईल','','https://youtu.be/WWzrij16KVY','thefreemath.org','विद्यार्थ्याला अपूर्णांक संकल्पना समजून देता येते ','2017-01-11 12:05:57','2017-01-11 12:05:57',107100,1,108100,104104,101101,1,103102,NULL),(251,'दशांश अपूर्णांक अंश-छेद रूपात','कॉम्पुटर, लॅपटॉप, टॅब, मोबाईल','','https://youtu.be/VVrhs40iMUc','thefreemath.org','विद्यार्थ्याला अपूर्णांक संकल्पना समजून देता येते ','2017-01-11 12:05:57','2017-01-11 12:05:57',107100,1,108100,104104,101101,1,103102,NULL),(252,'अपूर्णांकांची तुलना - लहान, मोठा','कॉम्पुटर, लॅपटॉप, टॅब, मोबाईल','','https://youtu.be/20L3UQ9SiV0','thefreemath.org','विद्यार्थ्याला अपूर्णांक संकल्पना समजून देता येते ','2017-01-11 12:05:57','2017-01-11 12:05:57',107100,1,108100,104104,101101,1,103102,NULL),(253,'अपूर्णांकाचे अतिसंक्षिप्त रूप','कॉम्पुटर, लॅपटॉप, टॅब, मोबाईल','','https://youtu.be/Jn6SZazMcu8','thefreemath.org','विद्यार्थ्याला अपूर्णांक संकल्पना समजून देता येते ','2017-01-11 12:05:57','2017-01-11 12:05:57',107100,1,108100,104104,101101,1,103102,NULL),(254,'अपूर्णांक बेरीज','कॉम्पुटर, लॅपटॉप, टॅब, मोबाईल','','https://youtu.be/OpfvJ4js0To','thefreemath.org','विद्यार्थ्याला अपूर्णांक संकल्पना समजून देता येते ','2017-01-11 12:05:57','2017-01-11 12:05:57',107100,1,108100,104104,101101,1,103102,NULL),(255,'अपूर्णांक वजाबाकी','कॉम्पुटर, लॅपटॉप, टॅब, मोबाईल','','https://youtu.be/a7RMCOxcoGg','thefreemath.org','विद्यार्थ्याला अपूर्णांक संकल्पना समजून देता येते ','2017-01-11 12:05:57','2017-01-11 12:05:57',107100,1,108100,104104,101101,1,103102,NULL),(256,'अंशाधिक अपूर्णांक अपुर्णानांकयुक्त अपूर्णांक','कॉम्पुटर, लॅपटॉप, टॅब, मोबाईल','','https://youtu.be/tTQCmx2mrlI','thefreemath.org','विद्यार्थ्याला अपूर्णांक संकल्पना समजून देता येते ','2017-01-11 12:05:57','2017-01-11 12:05:57',107100,1,108100,104104,101101,1,103102,NULL),(257,'कोन','कॉम्पुटर, लॅपटॉप, टॅब, मोबाईल','','https://youtu.be/TKKpihENPrA','thefreemath.org','कोन','2017-01-11 12:05:57','2017-01-11 12:05:57',107100,1,108100,104104,101101,1,103102,NULL),(258,'कोनांचे प्रकार','कॉम्पुटर, लॅपटॉप, टॅब, मोबाईल','','https://youtu.be/8tlcGAxb1b4','thefreemath.org','कोन','2017-01-11 12:05:57','2017-01-11 12:05:57',107100,1,108100,104104,101101,1,103102,NULL),(259,'वर्तुळ','कॉम्पुटर, लॅपटॉप, टॅब, मोबाईल','','https://youtu.be/7oNTNoYlqKg','thefreemath.org','वर्तुळ','2017-01-11 12:05:57','2017-01-11 12:05:57',107100,1,108100,104104,101101,1,103102,NULL),(260,'संख्याज्ञान','कॉम्पुटर, लॅपटॉप, टॅब, मोबाईल','','https://drive.google.com/open?id=0B1D_kgxKHejmVk1LNEVyMFN1d1k','योगेश महामीने','संख्या लेखन','2017-01-11 12:05:57','2017-01-11 12:05:57',107100,1,108104,104100,101101,1,103102,NULL),(261,'संख्याज्ञान','कॉम्पुटर, लॅपटॉप, टॅब, मोबाईल','','https://drive.google.com/open?id=0B1D_kgxKHejmazZ4N1JvaDNmUVk','योगेश महामीने','संख्या लेखन','2017-01-11 12:05:57','2017-01-11 12:05:57',107100,1,108104,104100,101101,1,103102,NULL),(262,'संख्याज्ञान','कॉम्पुटर, लॅपटॉप, टॅब, मोबाईल','','https://drive.google.com/open?id=0B1D_kgxKHejmWDFqWGZxUDIzRHM','योगेश महामीने','संख्या लेखन','2017-01-11 12:05:57','2017-01-11 12:05:57',107100,1,108104,104100,101101,1,103102,NULL),(263,'संख्याज्ञान','कॉम्पुटर, लॅपटॉप, टॅब, मोबाईल','','https://drive.google.com/open?id=0B1D_kgxKHejmbjBYSEx1d01zbVk','योगेश महामीने','संख्याज्ञान','2017-01-11 12:05:57','2017-01-11 12:05:57',107100,1,108104,104104,101101,1,103102,NULL),(264,'संख्याज्ञान','कॉम्पुटर, लॅपटॉप, टॅब, मोबाईल','','https://drive.google.com/open?id=0B1D_kgxKHejmZ2cwV295cEtQVDg','योगेश महामीने','संख्याज्ञान','2017-01-11 12:05:57','2017-01-11 12:05:57',107100,1,108104,104104,101101,1,103102,NULL),(265,'संख्याज्ञान','कॉम्पुटर, लॅपटॉप, टॅब, मोबाईल','','https://drive.google.com/open?id=0B1D_kgxKHejmNF95bWNBRlFxV0k','योगेश महामीने','संख्याज्ञान','2017-01-11 12:05:57','2017-01-11 12:05:57',107100,1,108104,104104,101101,1,103102,NULL),(266,'चढता उतरता क्रम','कॉम्पुटर, लॅपटॉप, टॅब, मोबाईल','','https://drive.google.com/open?id=0B1D_kgxKHejmVjYyUHF3MVlWa00','योगेश महामीने','संख्याज्ञान','2017-01-11 12:05:57','2017-01-11 12:05:57',107100,1,108104,104102,101101,1,103102,NULL),(267,'वर्ग,घन आणि वर्गमूळ','कॉम्पुटर, लॅपटॉप, टॅब, मोबाईल','','https://drive.google.com/open?id=0B1D_kgxKHejmQmFrRnUzRTRvdWM','योगेश महामीने','दोन अंकी व तीन अंकी संख्यांचा गुणाकार','2017-01-11 12:05:57','2017-01-11 12:05:57',107100,1,108104,104104,101101,1,103102,NULL),(268,'बेरीज ,वजाबाकी : तोंडी','कॉम्पुटर, लॅपटॉप, टॅब, मोबाईल','','https://youtu.be/oI-TTXGNJH4','thefreemath.org','वजाबाकी','2017-01-11 12:05:57','2017-01-11 12:05:57',107100,1,108100,104103,101101,1,103102,NULL),(269,'नाणी आणि नोटा','कॉम्पुटर, लॅपटॉप, टॅब, मोबाईल','','https://drive.google.com/open?id=0B6fHwektEagONURpc2k3VEFtZVE','योगेश महामीने','नाणी नोटा','2017-01-11 12:05:57','2017-01-11 12:05:57',107100,1,108102,104100,101101,1,103102,NULL),(270,'भिंगरी','कॉम्पुटर, लॅपटॉप, टॅब, मोबाईल','','https://drive.google.com/open?id=0B6fHwektEagOMW5WdGs1ZkREaXM','http://www.primaryteachers.in','भिंग भिंग भिंगरी','2017-01-11 12:05:57','2017-01-11 12:05:57',107100,1,108100,104100,101101,1,103102,NULL),(271,'इंग्रजी महिने','कॉम्पुटर, लॅपटॉप, टॅब, मोबाईल','','https://youtu.be/NjCjKtFhcYk','http://zpguruji.com','इंग्रजी महिने','2017-01-11 12:05:57','2017-01-11 12:05:57',107100,1,108100,104100,101101,1,103102,NULL),(272,'एक अंकी बेरीज','कॉम्पुटर, लॅपटॉप, टॅब, मोबाईल','','https://drive.google.com/open?id=0B7X83ubDTySVcFQ4cVJuOExzMm8','योगेश महामीने','विद्यार्थ्याला बेरीज व वजाबाकी करता येते ','2017-01-11 12:05:57','2017-01-11 12:05:57',107100,1,108104,104101,101101,1,103102,NULL),(273,'एक अंकी बेरीज','कॉम्पुटर, लॅपटॉप, टॅब, मोबाईल','','https://drive.google.com/open?id=0B7X83ubDTySVVDc2UW9JYjFHZHc','योगेश महामीने','विद्यार्थ्याला बेरीज व वजाबाकी करता येते ','2017-01-11 12:05:57','2017-01-11 12:05:57',107100,1,108104,104101,101101,1,103102,NULL),(274,'चढता उतरता क्रम','कॉम्पुटर, लॅपटॉप, टॅब, मोबाईल','','https://drive.google.com/open?id=0B7X83ubDTySVcEFQUU1CQndGY0U','योगेश महामीने','संख्याज्ञान','2017-01-11 12:05:57','2017-01-11 12:05:57',107100,1,108104,104102,101101,1,103102,NULL),(275,'१ ते १०० आकडे','कॉम्पुटर, लॅपटॉप, टॅब, मोबाईल','','https://drive.google.com/open?id=0B7X83ubDTySVbjQ5bmp1Q0g3VDA','योगेश महामीने','१ ते १०० आकडे','2017-01-11 12:05:57','2017-01-11 12:05:57',107100,1,108104,104101,101101,1,103102,NULL),(276,'दोन अंकी संख्यांचा गुणाकार','कॉम्पुटर, लॅपटॉप, टॅब, मोबाईल','','https://drive.google.com/open?id=0B7X83ubDTySVam9JdU5UdU4ycGM','योगेश महामीने','गुणाकार','2017-01-11 12:05:57','2017-01-11 12:05:57',107100,1,108104,104102,101101,1,103102,NULL),(277,'दोन अंकी संख्यांचा गुणाकार','कॉम्पुटर, लॅपटॉप, टॅब, मोबाईल','','https://drive.google.com/open?id=0B7X83ubDTySVR0hYWDIxUlZPTFk','योगेश महामीने','गुणाकार','2017-01-11 12:05:57','2017-01-11 12:05:57',107100,1,108104,104102,101101,1,103102,NULL),(278,'दोन अंकी संख्येचा चढता उतरता क्रम','कॉम्पुटर, लॅपटॉप, टॅब, मोबाईल','','https://drive.google.com/open?id=0B7X83ubDTySVRzc0cTVvSjZfMFk','योगेश महामीने','2.संख्याज्ञान','2017-01-11 12:05:57','2017-01-11 12:05:57',107100,1,108104,104102,101101,1,103102,NULL),(279,'दोन अंकी संख्येची बेरीज','कॉम्पुटर, लॅपटॉप, टॅब, मोबाईल','','https://drive.google.com/open?id=0B7X83ubDTySVaG9GaWpULTNGZ0E','योगेश महामीने','बेरीज बिन्हात्च्याची','2017-01-11 12:05:57','2017-01-11 12:05:57',107100,1,108104,104102,101101,1,103102,NULL),(280,'मागची,पुढची,मधली संख्या : 3 अंकी','कॉम्पुटर, लॅपटॉप, टॅब, मोबाईल','','https://drive.google.com/open?id=0B7X83ubDTySVMngwOW14RXNwUDA','योगेश महामीने','संख्याज्ञान','2017-01-11 12:05:57','2017-01-11 12:05:57',107100,1,108104,104101,101101,1,103102,NULL),(281,'मागची,पुढची,मधली संख्या : 4 अंकी','कॉम्पुटर, लॅपटॉप, टॅब, मोबाईल','','https://drive.google.com/open?id=0B7X83ubDTySVUFJhT2pscGpfRkU','योगेश महामीने','संख्याज्ञान','2017-01-11 12:05:57','2017-01-11 12:05:57',107100,1,108104,104103,101101,1,103102,NULL),(282,'तीन अंकी संख्येचा चढता उतरता क्रम','कॉम्पुटर, लॅपटॉप, टॅब, मोबाईल','','https://drive.google.com/open?id=0B7X83ubDTySVQnhiSmg1RjRxZk0','योगेश महामीने','संख्याज्ञान','2017-01-11 12:05:57','2017-01-11 12:05:57',107100,1,108104,104102,101101,1,103102,NULL),(283,'चार अंकी संख्येचा चढता उतरता क्रम','कॉम्पुटर, लॅपटॉप, टॅब, मोबाईल','','https://drive.google.com/open?id=0B7X83ubDTySVT19wVGE4Rk5PVnM','योगेश महामीने','संख्याज्ञान','2017-01-11 12:05:57','2017-01-11 12:05:57',107100,1,108104,104103,101101,1,103102,NULL),(284,'पाच अंकी संख्येचा चढता उतरता क्रम','कॉम्पुटर, लॅपटॉप, टॅब, मोबाईल','','https://drive.google.com/open?id=0B7X83ubDTySVaW9uelI2QzRoMUU','योगेश महामीने','संख्याज्ञान','2017-01-11 12:05:57','2017-01-11 12:05:57',107100,1,108104,104103,101101,1,103102,NULL),(285,'मागची,पुढची,मधली संख्या : 5 अंकी','कॉम्पुटर, लॅपटॉप, टॅब, मोबाईल','','https://drive.google.com/open?id=0B7X83ubDTySVNWdsY1IzbFQ1UW8','योगेश महामीने','संख्याज्ञान','2017-01-11 12:05:57','2017-01-11 12:05:57',107100,1,108104,104103,101101,1,103102,NULL),(286,'अंकात लिहा','कॉम्पुटर, लॅपटॉप, टॅब, मोबाईल','','https://drive.google.com/open?id=0B7X83ubDTySVMXBfa1FvbUxJWkU','योगेश महामीने','संख्याज्ञान','2017-01-11 12:05:57','2017-01-11 12:05:57',107100,1,108104,104101,101101,1,103102,NULL),(287,'अंक :1 - 100','कॉम्पुटर, लॅपटॉप, टॅब, मोबाईल','','https://drive.google.com/open?id=0B7X83ubDTySVOXUzUUtIQlFlV2M','योगेश महामीने','संख्याज्ञान','2017-01-11 12:05:57','2017-01-11 12:05:57',107100,1,108104,104101,101101,1,103102,NULL),(288,'अंक शब्दात : १ ते १००','कॉम्पुटर, लॅपटॉप, टॅब, मोबाईल','','https://drive.google.com/open?id=0B7X83ubDTySVcjk3V1p3QVE3bms','योगेश महामीने','संख्याज्ञान','2017-01-11 12:05:57','2017-01-11 12:05:57',107100,1,108104,104101,101101,1,103102,NULL),(289,'Alphabates','कॉम्पुटर, लॅपटॉप, टॅब, मोबाईल','','https://drive.google.com/open?id=0B7X83ubDTySVLW1uYVNFSUU0ZUU','योगेश महामीने','अल्फाबेट','2017-01-11 12:05:57','2017-01-11 12:05:57',107100,1,108104,104102,101101,1,103100,NULL),(290,'Rhyming Words','कॉम्पुटर, लॅपटॉप, टॅब, मोबाईल','','https://drive.google.com/open?id=0B7X83ubDTySVMDFaTG81U1B2bW8','योगेश महामीने','rhyming word','2017-01-11 12:05:57','2017-01-11 12:05:57',107100,1,108104,104100,101101,1,103100,NULL),(291,'Opposites','कॉम्पुटर, लॅपटॉप, टॅब, मोबाईल','','https://drive.google.com/open?id=0B7X83ubDTySVSHk3NVl4Nms2Y2M','योगेश महामीने','3.7 Opposites','2017-01-11 12:05:57','2017-01-11 12:05:57',107100,1,108104,104102,101101,1,103100,NULL),(292,'मुळाक्षरे','कॉम्पुटर, लॅपटॉप, टॅब, मोबाईल','','https://drive.google.com/open?id=0B7X83ubDTySVRzZMSU45Z1l1NGc','दीपक जाधव','मुळाक्षरे','2017-01-11 12:05:57','2017-01-11 12:05:57',107100,1,108104,104100,101101,1,103101,NULL),(293,'बाराखडी : अनुस्वार','कॉम्पुटर, लॅपटॉप, टॅब, मोबाईल','','https://drive.google.com/open?id=0B7X83ubDTySVa3BVUGt5N3o4Y2c','योगेश महामीने','बाराखडी : अनुस्वार','2017-01-11 12:05:57','2017-01-11 12:05:57',107100,1,108104,104100,101101,1,103101,NULL),(294,'बाराखडी : उकार','कॉम्पुटर, लॅपटॉप, टॅब, मोबाईल','','https://drive.google.com/open?id=0B7X83ubDTySVSHFHdWFTR19aX0E','योगेश महामीने','बाराखडी : उकार','2017-01-11 12:05:57','2017-01-11 12:05:57',107100,1,108104,104100,101101,1,103101,NULL),(295,'बाराखडी : ऊकार','कॉम्पुटर, लॅपटॉप, टॅब, मोबाईल','','https://drive.google.com/open?id=0B7X83ubDTySVdzZnbHVGd0JpSTg','योगेश महामीने','बाराखडी : ऊकार','2017-01-11 12:05:57','2017-01-11 12:05:57',107100,1,108104,104100,101101,1,103101,NULL),(296,'बाराखडी : एक काना एक मात्रा','कॉम्पुटर, लॅपटॉप, टॅब, मोबाईल','','https://drive.google.com/open?id=0B7X83ubDTySVV19nVWVmbjhVQjQ','योगेश महामीने','बाराखडी : एक काना एक मात्रा','2017-01-11 12:05:57','2017-01-11 12:05:57',107100,1,108104,104100,101101,1,103101,NULL),(297,'बाराखडी : एक काना दोन मात्रा','कॉम्पुटर, लॅपटॉप, टॅब, मोबाईल','','https://drive.google.com/open?id=0B7X83ubDTySVWXl4UGhCYTdoQXM','योगेश महामीने','बाराखडी : एक काना दोन मात्रा','2017-01-11 12:05:57','2017-01-11 12:05:57',107100,1,108104,104100,101101,1,103101,NULL),(298,'बाराखडी : काना','कॉम्पुटर, लॅपटॉप, टॅब, मोबाईल','','https://drive.google.com/open?id=0B7X83ubDTySVWHBWZ3FtRHMyYms','योगेश महामीने','बाराखडी : काना','2017-01-11 12:05:57','2017-01-11 12:05:57',107100,1,108104,104100,101101,1,103101,NULL),(299,'बाराखडी : २ मात्रा','कॉम्पुटर, लॅपटॉप, टॅब, मोबाईल','','https://drive.google.com/open?id=0B7X83ubDTySVcDY0MXZ2MWExZTQ','योगेश महामीने','बाराखडी : २ मात्रा','2017-01-11 12:05:57','2017-01-11 12:05:57',107100,1,108104,104100,101101,1,103101,NULL),(300,'बाराखडी : मात्रा','कॉम्पुटर, लॅपटॉप, टॅब, मोबाईल','','https://drive.google.com/open?id=0B7X83ubDTySVNXk1cVRHdzZkNDA','योगेश महामीने','बाराखडी : मात्रा','2017-01-11 12:05:57','2017-01-11 12:05:57',107100,1,108104,104100,101101,1,103101,NULL),(301,'बाराखडी : वेलांटी 1','कॉम्पुटर, लॅपटॉप, टॅब, मोबाईल','','https://drive.google.com/open?id=0B7X83ubDTySVV2hZWmhockx3LWs','योगेश महामीने','बाराखडी : वेलांटी 1','2017-01-11 12:05:57','2017-01-11 12:05:57',107100,1,108104,104100,101101,1,103101,NULL),(302,'बाराखडी : वेलांटी 2','कॉम्पुटर, लॅपटॉप, टॅब, मोबाईल','','https://drive.google.com/open?id=0B7X83ubDTySVZGdKVmlPN0U0ak0','योगेश महामीने','बाराखडी : वेलांटी 2','2017-01-11 12:05:57','2017-01-11 12:05:57',107100,1,108104,104100,101101,1,103101,NULL),(303,'क्रियापद : उदाहरण','कॉम्पुटर, लॅपटॉप, टॅब, मोबाईल','','https://drive.google.com/open?id=0B7X83ubDTySVWEdjTE9rRk1uWG8','योगेश महामीने','क्रियापद : उदाहरण','2017-01-11 12:05:57','2017-01-11 12:05:57',107100,1,108104,104102,101101,1,103101,NULL),(304,'नाम : उदाहरण','कॉम्पुटर, लॅपटॉप, टॅब, मोबाईल','','https://drive.google.com/open?id=0B7X83ubDTySVeTg4UFNkdFE0SzQ','योगेश महामीने','सावरपाडा एक्सप्रेस','2017-01-11 12:05:57','2017-01-11 12:05:57',107100,1,108104,104104,101101,1,103101,NULL),(305,'लिंग : उदाहरण','कॉम्पुटर, लॅपटॉप, टॅब, मोबाईल','','https://drive.google.com/open?id=0B7X83ubDTySVRUZ4THo3bGl2M2M','योगेश महामीने','लिंग : उदाहरण','2017-01-11 12:05:57','2017-01-11 12:05:57',107100,1,108104,104102,101101,1,103101,NULL),(306,'विरुद्धार्थी शब्द','कॉम्पुटर, लॅपटॉप, टॅब, मोबाईल','','https://drive.google.com/open?id=0B7X83ubDTySVdHhYRl8zX3pCbGs','योगेश महामीने','विरुद्धार्थी शब्द','2017-01-11 12:05:57','2017-01-11 12:05:57',107100,1,108104,104101,101101,1,103101,NULL),(307,'विशेषण','कॉम्पुटर, लॅपटॉप, टॅब, मोबाईल','','https://drive.google.com/open?id=0B7X83ubDTySVVlhUbTJ2NU5Kd2c','योगेश महामीने','मलीन गाव एक घटना','2017-01-11 12:05:57','2017-01-11 12:05:57',107100,1,108104,104104,101101,1,103101,NULL),(308,'समानार्थी शब्द','कॉम्पुटर, लॅपटॉप, टॅब, मोबाईल','','https://drive.google.com/open?id=0B7X83ubDTySVbFpsUTVael9lVjg','योगेश महामीने','समानार्थी शब्द','2017-01-11 12:05:57','2017-01-11 12:05:57',107100,1,108104,104101,101101,1,103101,NULL),(309,'सर्वनाम','कॉम्पुटर, लॅपटॉप, टॅब, मोबाईल','','https://drive.google.com/open?id=0B7X83ubDTySVVXRNcnBDTzRHNmM','योगेश महामीने','माहेर','2017-01-11 12:05:57','2017-01-11 12:05:57',107100,1,108104,104104,101101,1,103101,NULL),(310,'वेलांटी 1: शब्द','कॉम्पुटर, लॅपटॉप, टॅब, मोबाईल','','https://drive.google.com/open?id=0B7X83ubDTySVelkxQy1mNDRPT00','दीपक जाधव','वेलांटी 1: शब्द','2017-01-11 12:05:57','2017-01-11 12:05:57',107100,1,108104,104100,101101,1,103101,NULL),(311,'वेलांटी 2: शब्द','कॉम्पुटर, लॅपटॉप, टॅब, मोबाईल','','https://drive.google.com/open?id=0B7X83ubDTySVeHpvbC1mM2J0dkE','दीपक जाधव','वेलांटी 2: शब्द','2017-01-11 12:05:57','2017-01-11 12:05:57',107100,1,108104,104100,101101,1,103101,NULL),(312,'बाराखडी : विसर्ग','कॉम्पुटर, लॅपटॉप, टॅब, मोबाईल','','https://drive.google.com/open?id=0B7X83ubDTySVVHpUZldqTS1FT00','दीपक जाधव','बाराखडी : विसर्ग','2017-01-11 12:05:57','2017-01-11 12:05:57',107100,1,108104,104100,101101,1,103101,NULL),(313,'१ ते १००: अंकात व अक्षरात','कॉम्पुटर, लॅपटॉप, टॅब, मोबाईल','','https://drive.google.com/open?id=0B7X83ubDTySVenBEN0xSNWFkUE0','योगेश महामीने','विद्यार्थ्याला संख्याज्ञान करून देता येते ','2017-01-11 12:05:57','2017-01-11 12:05:57',107100,1,108104,104101,101101,1,103102,NULL),(314,'दोन अंकी संख्या तयार करा','कॉम्पुटर, लॅपटॉप, टॅब, मोबाईल','','https://drive.google.com/open?id=0B7X83ubDTySVTWRxRkEyRTM1d2c','योगेश महामीने','विद्यार्थ्याला संख्याज्ञान करून देता येते ','2017-01-11 12:05:57','2017-01-11 12:05:57',107100,1,108104,104101,101101,1,103102,NULL),(315,'चौकटीत योग्य संख्या लिहा','कॉम्पुटर, लॅपटॉप, टॅब, मोबाईल','','https://drive.google.com/open?id=0B7X83ubDTySVQ2tENk8zQ0hkQUE','योगेश महामीने','विद्यार्थ्याला संख्याज्ञान करून देता येते ','2017-01-11 12:05:57','2017-01-11 12:05:57',107100,1,108104,104101,101101,1,103102,NULL),(316,'दशक व एकक संख्या लिहा','कॉम्पुटर, लॅपटॉप, टॅब, मोबाईल','','https://drive.google.com/open?id=0B7X83ubDTySVbnBYUmtjZzh3MVk','योगेश महामीने','विद्यार्थ्याला संख्याज्ञान करून देता येते ','2017-01-11 12:05:57','2017-01-11 12:05:57',107100,1,108104,104101,101101,1,103102,NULL),(317,'१ ते १० अंक ओळख','कॉम्पुटर, लॅपटॉप, टॅब, मोबाईल','','https://youtu.be/60HeDlzIML4','काटवटे राजाराम प्रकाश','संख्याज्ञान','2017-01-11 12:05:57','2017-01-11 12:05:57',107100,1,108100,104100,101101,1,103102,NULL),(318,'11 ते 20 अंक ओळख','कॉम्पुटर, लॅपटॉप, टॅब, मोबाईल','','https://youtu.be/ZRnStqZ1wN8','काटवटे राजाराम प्रकाश','संख्याज्ञान','2017-01-11 12:05:57','2017-01-11 12:05:57',107100,1,108100,104100,101101,1,103102,NULL),(319,'21 ते 30 अंक ओळख','कॉम्पुटर, लॅपटॉप, टॅब, मोबाईल','','https://youtu.be/W1W7fFJ9nSc','काटवटे राजाराम प्रकाश','संख्याज्ञान','2017-01-11 12:05:57','2017-01-11 12:05:57',107100,1,108100,104100,101101,1,103102,NULL),(320,'31 ते 40 अंक ओळख','कॉम्पुटर, लॅपटॉप, टॅब, मोबाईल','','https://youtu.be/XbQ2AZWVq_E','काटवटे राजाराम प्रकाश','संख्याज्ञान','2017-01-11 12:05:57','2017-01-11 12:05:57',107100,1,108100,104100,101101,1,103102,NULL),(321,'४१ ते ५० संख्या ओळख','कॉम्पुटर, लॅपटॉप, टॅब, मोबाईल','','https://youtu.be/gd6Z-f2wMKY','काटवटे राजाराम प्रकाश','संख्याज्ञान','2017-01-11 12:05:57','2017-01-11 12:05:57',107100,1,108100,104100,101101,1,103102,NULL),(322,'५१ ते ६० ओळख','कॉम्पुटर, लॅपटॉप, टॅब, मोबाईल','','https://youtu.be/WkqjLDliouU','काटवटे राजाराम प्रकाश','संख्याज्ञान','2017-01-11 12:05:57','2017-01-11 12:05:57',107100,1,108100,104100,101101,1,103102,NULL),(323,'६१ ते ७० ओळख','कॉम्पुटर, लॅपटॉप, टॅब, मोबाईल','','https://youtu.be/kSnBdOXpqpk','काटवटे राजाराम प्रकाश','संख्याज्ञान','2017-01-11 12:05:57','2017-01-11 12:05:57',107100,1,108100,104100,101101,1,103102,NULL),(324,'७१ ते ८० ओळख','कॉम्पुटर, लॅपटॉप, टॅब, मोबाईल','','https://youtu.be/RfeIi05Jdu4','काटवटे राजाराम प्रकाश','संख्याज्ञान','2017-01-11 12:05:57','2017-01-11 12:05:57',107100,1,108100,104100,101101,1,103102,NULL),(325,'८१ ते 90 ओळख','कॉम्पुटर, लॅपटॉप, टॅब, मोबाईल','','https://youtu.be/EWDm8gGyLcI','काटवटे राजाराम प्रकाश','संख्याज्ञान','2017-01-11 12:05:57','2017-01-11 12:05:57',107100,1,108100,104100,101101,1,103102,NULL),(326,'९१ ते १०० ओळख','कॉम्पुटर, लॅपटॉप, टॅब, मोबाईल','','https://youtu.be/wQIqWYr3GYw','काटवटे राजाराम प्रकाश','संख्याज्ञान','2017-01-11 12:05:57','2017-01-11 12:05:57',107100,1,108100,104100,101101,1,103102,NULL),(327,'१ दशक ते १० दशक ओळख','कॉम्पुटर, लॅपटॉप, टॅब, मोबाईल','','https://youtu.be/XvxUqrqp9ZA','काटवटे राजाराम प्रकाश','संख्याज्ञान','2017-01-11 12:05:57','2017-01-11 12:05:57',107100,1,108100,104100,101101,1,103102,NULL),(328,'एक अंकी बेरीज','कॉम्पुटर, लॅपटॉप, टॅब, मोबाईल','','https://youtu.be/lZdtEOwgTTU','काटवटे राजाराम प्रकाश','बेरीज','2017-01-11 12:05:57','2017-01-11 12:05:57',107100,1,108100,104100,101101,1,103102,NULL),(329,'एक अंकी वजाबाकी','कॉम्पुटर, लॅपटॉप, टॅब, मोबाईल','','https://youtu.be/lewApOp9qg8','काटवटे राजाराम प्रकाश','वजाबाकी','2017-01-11 12:05:57','2017-01-11 12:05:57',107100,1,108100,104100,101101,1,103102,NULL),(330,'कालमापन भाग 1 घड्याळातील वेळेचे वाचन','कॉम्पुटर, लॅपटॉप, टॅब, मोबाईल','','https://m.youtube.com/watch?v=gwf3JjiDEkI','RANVIR RAGHUNATH RATHOD','इतर','2017-01-11 12:05:57','2017-01-11 12:05:57',107100,1,108100,104102,101101,1,103102,NULL),(331,'बेरीज बिनहातच्याची व हातच्याची','कॉम्पुटर, लॅपटॉप, टॅब, मोबाईल','','https://m.youtube.com/watch?v=Sw3d5eLFflQ','RANVIR RAGHUNATH RATHOD','बेरीज','2017-01-11 12:05:57','2017-01-11 12:05:57',107100,1,108100,104102,101101,1,103102,NULL),(332,'चिन्हांचा वापर करून संख्यांचा लहान मोठेपणा ठरवणे संपूर्ण उदाहरणासहीत','कॉम्पुटर, लॅपटॉप, टॅब, मोबाईल','','https://m.youtube.com/watch?v=0tQCOl5VWqM','RANVIR RAGHUNATH RATHOD','संख्याज्ञान','2017-01-11 12:05:57','2017-01-11 12:05:57',107100,1,108100,104102,101101,1,103102,NULL),(333,'भागाकार','कॉम्पुटर, लॅपटॉप, टॅब, मोबाईल','','https://m.youtube.com/watch?v=YSaUL8TMg3E','RANVIR RAGHUNATH RATHOD','भागाकार','2017-01-11 12:05:57','2017-01-11 12:05:57',107100,1,108100,104102,101101,1,103102,NULL),(334,'भागाकार भाग 2','कॉम्पुटर, लॅपटॉप, टॅब, मोबाईल','','https://m.youtube.com/watch?v=ne5Hgkw2S3c','RANVIR RAGHUNATH RATHOD','भागाकार','2017-01-11 12:05:57','2017-01-11 12:05:57',107100,1,108100,104103,101101,1,103102,NULL),(335,'कालमापन भाग 2 ( पाव, अर्धा, पाऊन )','कॉम्पुटर, लॅपटॉप, टॅब, मोबाईल','','https://m.youtube.com/watch?v=qUBAJqVGYD0','RANVIR RAGHUNATH RATHOD','इतर','2017-01-11 12:05:57','2017-01-11 12:05:57',107100,1,108100,104103,101101,1,103102,NULL),(336,'Action Time','कॉम्पुटर, लॅपटॉप, टॅब, मोबाईल','','https://youtu.be/DupILFwPSe4','डाकरे प्रविण','श्रवण','2017-01-11 12:05:57','2017-01-11 12:05:57',107100,1,108100,104100,101100,1,103100,NULL),(337,'English Numbres','कॉम्पुटर, लॅपटॉप, टॅब, मोबाईल','','https://www.youtube.com/watch?v=93LHNywcTDM','प्रकाश चव्हाण','संख्याज्ञान','2017-01-11 12:05:57','2017-01-11 12:05:57',107100,1,108100,104100,101100,1,103100,NULL),(338,'Alphabeats','कॉम्पुटर, लॅपटॉप, टॅब, मोबाईल','','https://www.youtube.com/watch?v=zx36Hn8YuBc','प्रकाश चव्हाण','वाचन','2017-01-11 12:05:57','2017-01-11 12:05:57',107100,1,108100,104100,101100,1,103100,NULL),(339,'Lets conversation','कॉम्पुटर, लॅपटॉप, टॅब, मोबाईल','','https://youtu.be/M0uCNO9frFQ','प्रदीप चासकर','संभाषण','2017-01-11 12:05:57','2017-01-11 12:05:57',107100,1,108100,104100,101100,1,103100,NULL),(340,'Tall ears','कॉम्पुटर, लॅपटॉप, टॅब, मोबाईल','','https://youtu.be/CDD1geuX808','भालेराव अमृता','पद्य','2017-01-11 12:05:57','2017-01-11 12:05:57',107100,1,108100,104100,101100,1,103100,NULL),(341,'Name of colours','कॉम्पुटर, लॅपटॉप, टॅब, मोबाईल','','https://youtu.be/sIPMa3FdZMw','अहिरे सारिका','इतर','2017-01-11 12:05:57','2017-01-11 12:05:57',107100,1,108100,104100,101100,1,103100,NULL),(342,'Atoz words video','कॉम्पुटर, लॅपटॉप, टॅब, मोबाईल','','https://youtu.be/Kn2Gb7GCvnQ','Gawande Ankush','वाचन','2017-01-11 12:05:57','2017-01-11 12:05:57',107100,1,108100,104100,101100,1,103100,NULL),(343,'words for std 2nd','कॉम्पुटर, लॅपटॉप, टॅब, मोबाईल','','https://youtu.be/uQ3svfTzSls','पगार नयना','श्रवण','2017-01-11 12:05:57','2017-01-11 12:05:57',107100,1,108100,104101,101100,1,103100,NULL),(344,'Dramatization','कॉम्पुटर, लॅपटॉप, टॅब, मोबाईल','','https://youtu.be/WmPapuFoofU','पगार नयना','संभाषण','2017-01-11 12:05:57','2017-01-11 12:05:57',107100,1,108100,104101,101100,1,103100,NULL),(345,'dhamal masti ani mule','कॉम्पुटर, लॅपटॉप, टॅब, मोबाईल','','http://youtu.be/jgh-Pqv-2c8','Bachhav pratima','पद्य','2017-01-11 12:05:57','2017-01-11 12:05:57',107100,1,108100,104101,101100,1,103100,NULL),(346,'Dramatization','कॉम्पुटर, लॅपटॉप, टॅब, मोबाईल','','https://youtu.be/UFbCu8P4a-s','पगार नयना','संभाषण','2017-01-11 12:05:57','2017-01-11 12:05:57',107100,1,108100,104101,101100,1,103100,NULL),(347,'vegetables','कॉम्पुटर, लॅपटॉप, टॅब, मोबाईल','','https://youtu.be/JJM22B7Q2S8','पगार नयना','वाचन','2017-01-11 12:05:57','2017-01-11 12:05:57',107100,1,108100,104101,101100,1,103100,NULL),(348,'English Words Std 2','कॉम्पुटर, लॅपटॉप, टॅब, मोबाईल','','https://youtu.be/QHyhL60CrN8','SANDEEP LUTE','श्रवण','2017-01-11 12:05:57','2017-01-11 12:05:57',107100,1,108100,104101,101100,1,103100,NULL),(349,'काना ओळख','कॉम्पुटर, लॅपटॉप, टॅब, मोबाईल','','https://youtu.be/9843xowoamY','राठोड निरंजन','वाचन','2017-01-11 12:05:57','2017-01-11 12:05:57',107100,1,108100,104101,101100,1,103100,NULL),(350,'ऱ्हस्व वेलांटी','कॉम्पुटर, लॅपटॉप, टॅब, मोबाईल','','https://youtu.be/fre-lq2YF9M','राठोड निरंजन','वाचन','2017-01-11 12:05:57','2017-01-11 12:05:57',107100,1,108100,104101,101100,1,103100,NULL),(351,'basic 300 sentences','कॉम्पुटर, लॅपटॉप, टॅब, मोबाईल','','https://m.youtube.com/watch?v=WYrZxHJJFCQ','निहाळ श्रीकृष्ण','श्रवण','2017-01-11 12:05:57','2017-01-11 12:05:57',107100,1,108100,104101,101100,1,103100,NULL),(352,'Animation Video : 3rd Standard, MAGIC PLANT , UNIT no 3 Marathi Medium','कॉम्पुटर, लॅपटॉप, टॅब, मोबाईल','','https://www.youtube.com/watch?v=1eWzVbisBcs','Eschool','श्रवण','2017-01-11 12:05:57','2017-01-11 12:05:57',107100,1,108100,104102,101100,1,103100,NULL),(353,'वासाची किंमत , Vasachi kimmat Topic no 2','कॉम्पुटर, लॅपटॉप, टॅब, मोबाईल','','https://www.youtube.com/watch?v=D-tCnd2HLCA','Eschool','इतर','2017-01-11 12:05:57','2017-01-11 12:05:57',107100,1,108100,104102,101100,1,103100,NULL),(354,'Riddels','कॉम्पुटर, लॅपटॉप, टॅब, मोबाईल','','https://www.youtube.com/watch?v=JYmpdRDnKro&t=5s','देवरे प्रदिप','भाषण','2017-01-11 12:05:57','2017-01-11 12:05:57',107100,1,108100,104102,101100,1,103100,NULL),(355,'Lots to do with letters','कॉम्पुटर, लॅपटॉप, टॅब, मोबाईल','','https://www.youtube.com/watch?v=pKVIPzPsyrE','देवरे प्रदिप','श्रवण','2017-01-11 12:05:57','2017-01-11 12:05:57',107100,1,108100,104102,101100,1,103100,NULL),(356,'letters','कॉम्पुटर, लॅपटॉप, टॅब, मोबाईल','','https://www.youtube.com/watch?v=N5UYUMxuyyY','देवरे प्रदिप','वाचन','2017-01-11 12:05:57','2017-01-11 12:05:57',107100,1,108100,104102,101100,1,103100,NULL),(357,'Animation Video : 3rd Standard, MAGIC PLANT , UNIT no 3 Marathi Medium','कॉम्पुटर, लॅपटॉप, टॅब, मोबाईल','','https://www.youtube.com/watch?v=1eWzVbisBcs','Eschool','श्रवण','2017-01-11 12:05:57','2017-01-11 12:05:57',107100,1,108100,104102,101100,1,103100,NULL),(358,'वासाची किंमत , Vasachi kimmat Topic no 2','कॉम्पुटर, लॅपटॉप, टॅब, मोबाईल','','https://www.youtube.com/watch?v=D-tCnd2HLCA','Eschool','इतर','2017-01-11 12:05:57','2017-01-11 12:05:57',107100,1,108100,104102,101100,1,103100,NULL),(359,'Riddels','कॉम्पुटर, लॅपटॉप, टॅब, मोबाईल','','https://www.youtube.com/watch?v=JYmpdRDnKro&t=5s','देवरे प्रदिप','भाषण','2017-01-11 12:05:57','2017-01-11 12:05:57',107100,1,108100,104102,101100,1,103100,NULL),(360,'Lots to do with letters','कॉम्पुटर, लॅपटॉप, टॅब, मोबाईल','','https://www.youtube.com/watch?v=pKVIPzPsyrE','देवरे प्रदिप','श्रवण','2017-01-11 12:05:57','2017-01-11 12:05:57',107100,1,108100,104102,101100,1,103100,NULL),(361,'letters','कॉम्पुटर, लॅपटॉप, टॅब, मोबाईल','','https://www.youtube.com/watch?v=N5UYUMxuyyY','देवरे प्रदिप','वाचन','2017-01-11 12:05:57','2017-01-11 12:05:57',107100,1,108100,104102,101100,1,103100,NULL),(362,'Clock Reading','कॉम्पुटर, लॅपटॉप, टॅब, मोबाईल','','https://youtu.be/PAnE5tTdGLQ','श्री. लाड नवनाथ','वाचन','2017-01-11 12:05:57','2017-01-11 12:05:57',107100,1,108100,104104,101100,1,103100,NULL),(363,'इंग्रजी बाराखडी','कॉम्पुटर, लॅपटॉप, टॅब, मोबाईल','','https://youtu.be/2VRefM9_2gc','राठोड प्रेमचंद','वाचन','2017-01-11 12:05:57','2017-01-11 12:05:57',107100,1,108100,104104,101100,1,103100,NULL),(364,'D पासून सुरू क्होणारे शब्द','कॉम्पुटर, लॅपटॉप, टॅब, मोबाईल','','https://youtu.be/RQLXoA2WOWE','राठोड प्रेमचंद','वाचन','2017-01-11 12:05:57','2017-01-11 12:05:57',107100,1,108100,104104,101100,1,103100,NULL),(365,'C पासून सुरू होणारे शब्द','कॉम्पुटर, लॅपटॉप, टॅब, मोबाईल','','https://youtu.be/MI1SK6issY0','राठोड प्रेमचंद','वाचन','2017-01-11 12:05:57','2017-01-11 12:05:57',107100,1,108100,104104,101100,1,103100,NULL),(366,'C पासून सुरू होणारे शब्द','कॉम्पुटर, लॅपटॉप, टॅब, मोबाईल','','https://youtu.be/Gtjmnv3KlVE','राठोड प्रेमचंद','वाचन','2017-01-11 12:05:57','2017-01-11 12:05:57',107100,1,108100,104104,101100,1,103100,NULL),(367,'H पासून सुरू होणारे शब्द','कॉम्पुटर, लॅपटॉप, टॅब, मोबाईल','','https://youtu.be/fdGNgcSjOeE','राठोड प्रेमचंद','वाचन','2017-01-11 12:05:57','2017-01-11 12:05:57',107100,1,108100,104104,101100,1,103100,NULL),(368,'N पासून सुरू होणारे शब्द','कॉम्पुटर, लॅपटॉप, टॅब, मोबाईल','','https://youtu.be/L7PSaL2ScTI','राठोड प्रेमचंद','वाचन','2017-01-11 12:05:57','2017-01-11 12:05:57',107100,1,108100,104104,101100,1,103100,NULL),(369,'M पासून सुरू होणारे शब्द','कॉम्पुटर, लॅपटॉप, टॅब, मोबाईल','','https://youtu.be/SHsSiFaXtMI','राठोड प्रेमचंद','वाचन','2017-01-11 12:05:57','2017-01-11 12:05:57',107100,1,108100,104104,101100,1,103100,NULL),(370,'P पासून सुरू होणारे शब्द','कॉम्पुटर, लॅपटॉप, टॅब, मोबाईल','','https://youtu.be/wkfvlWdpy4A','राठोड प्रेमचंद','वाचन','2017-01-11 12:05:57','2017-01-11 12:05:57',107100,1,108100,104104,101100,1,103100,NULL),(371,'L पासून सुरू होणारे शब्द','कॉम्पुटर, लॅपटॉप, टॅब, मोबाईल','','https://youtu.be/wmFVrSCTZL0','राठोड प्रेमचंद','वाचन','2017-01-11 12:05:57','2017-01-11 12:05:57',107100,1,108100,104104,101100,1,103100,NULL),(372,'I पासून सुरू होणारे शब्द','कॉम्पुटर, लॅपटॉप, टॅब, मोबाईल','','https://youtu.be/l6RrCiN17SA','राठोड प्रेमचंद','वाचन','2017-01-11 12:05:57','2017-01-11 12:05:57',107100,1,108100,104104,101100,1,103100,NULL),(373,'Q पासून सुरू होणारे शब्द','कॉम्पुटर, लॅपटॉप, टॅब, मोबाईल','','https://youtu.be/ubY67fFw16A','राठोड प्रेमचंद','वाचन','2017-01-11 12:05:57','2017-01-11 12:05:57',107100,1,108100,104104,101100,1,103100,NULL),(374,'O पासून सुरू होणारे शब्द','कॉम्पुटर, लॅपटॉप, टॅब, मोबाईल','','https://youtu.be/bMXmiOodKlQ','राठोड प्रेमचंद','वाचन','2017-01-11 12:05:57','2017-01-11 12:05:57',107100,1,108100,104104,101100,1,103100,NULL),(375,'G पासून सुरू होणारे शब्द','कॉम्पुटर, लॅपटॉप, टॅब, मोबाईल','','https://youtu.be/KuDxf910648','राठोड प्रेमचंद','वाचन','2017-01-11 12:05:57','2017-01-11 12:05:57',107100,1,108100,104104,101100,1,103100,NULL),(376,'A पासून सुरू होणारे शब्द','कॉम्पुटर, लॅपटॉप, टॅब, मोबाईल','','https://youtu.be/_R_DGdv7KN4','राठोड प्रेमचंद','वाचन','2017-01-11 12:05:57','2017-01-11 12:05:57',107100,1,108100,104104,101100,1,103100,NULL),(377,'E पासून सुरू होणारे शब्द','कॉम्पुटर, लॅपटॉप, टॅब, मोबाईल','','https://youtu.be/-xFHxwGzIq0','राठोड प्रेमचंद','वाचन','2017-01-11 12:05:57','2017-01-11 12:05:57',107100,1,108100,104104,101100,1,103100,NULL),(378,'B पासून सुरू होणारे शब्द','कॉम्पुटर, लॅपटॉप, टॅब, मोबाईल','','https://youtu.be/4m3jmHR_524','राठोड प्रेमचंद','वाचन','2017-01-11 12:05:57','2017-01-11 12:05:57',107100,1,108100,104104,101100,1,103100,NULL),(379,'J पासून सुरू होणारे शब्द','कॉम्पुटर, लॅपटॉप, टॅब, मोबाईल','','https://youtu.be/cGGiOpB9bcY','राठोड प्रेमचंद','वाचन','2017-01-11 12:05:57','2017-01-11 12:05:57',107100,1,108100,104104,101100,1,103100,NULL),(380,'K पासून सुरू होणारे शब्द','कॉम्पुटर, लॅपटॉप, टॅब, मोबाईल','','https://youtu.be/Ml9kjVa2bTs','राठोड प्रेमचंद','वाचन','2017-01-11 12:05:57','2017-01-11 12:05:57',107100,1,108100,104104,101100,1,103100,NULL),(381,'ट ते ण इंग्रजी बाराखडी','कॉम्पुटर, लॅपटॉप, टॅब, मोबाईल','','https://youtu.be/82dP3X1ifKg','राठोड प्रेमचंद','वाचन','2017-01-11 12:05:57','2017-01-11 12:05:57',107100,1,108100,104104,101100,1,103100,NULL),(382,'श ते ह इंग्रजी बाराखडी','कॉम्पुटर, लॅपटॉप, टॅब, मोबाईल','','https://youtu.be/3KUTpjbIU_4','राठोड प्रेमचंद','वाचन','2017-01-11 12:05:57','2017-01-11 12:05:57',107100,1,108100,104104,101100,1,103100,NULL),(383,'मराठी स्वर इंग्रजी मधून','कॉम्पुटर, लॅपटॉप, टॅब, मोबाईल','','https://youtu.be/gqJ0vGB6Jhg','राठोड प्रेमचंद','वाचन','2017-01-11 12:05:57','2017-01-11 12:05:57',107100,1,108100,104104,101100,1,103100,NULL),(384,'य ते व बाराखडी','कॉम्पुटर, लॅपटॉप, टॅब, मोबाईल','','https://youtu.be/dbtOXduN99w','राठोड प्रेमचंद','वाचन','2017-01-11 12:05:57','2017-01-11 12:05:57',107100,1,108100,104104,101100,1,103100,NULL),(385,'प ते म बाराखडी','कॉम्पुटर, लॅपटॉप, टॅब, मोबाईल','','https://youtu.be/Hb6v7J43awU','राठोड प्रेमचंद','वाचन','2017-01-11 12:05:57','2017-01-11 12:05:57',107100,1,108100,104104,101100,1,103100,NULL),(386,'त ते न बाराखडी','कॉम्पुटर, लॅपटॉप, टॅब, मोबाईल','','https://youtu.be/hvRyX6DRhrA','राठोड प्रेमचंद','वाचन','2017-01-11 12:05:57','2017-01-11 12:05:57',107100,1,108100,104104,101100,1,103100,NULL),(387,'ळ ते ज्ञ बाराखडी','कॉम्पुटर, लॅपटॉप, टॅब, मोबाईल','','https://youtu.be/d4Jg4LqaB4A','राठोड प्रेमचंद','वाचन','2017-01-11 12:05:57','2017-01-11 12:05:57',107100,1,108100,104104,101100,1,103100,NULL),(388,'Prepositions','कॉम्पुटर, लॅपटॉप, टॅब, मोबाईल','','https://youtu.be/WLH7xhu6_Ks','गवळे विलास जगन्नाथ','व्याकरण','2017-01-11 12:05:57','2017-01-11 12:05:57',107100,1,108100,104106,101100,1,103100,NULL),(389,'मुळाक्षरे वाचन लेखन','कॉम्पुटर, लॅपटॉप, टॅब, मोबाईल','१) व्हिडीओ सुरु करावा. मुलांना प्रथम तो कोणतीही कृती न करता फक्त पाहण्यास सांगावे. मुले पाहतील आणि ऐकतील. यातून त्यांचे श्रवण कौशल्य विकसित होईल.\n २) व्हिडीओ पाहून झाल्यावर मुलांना त्याचा आवाज एकूण पाठीमागे म्हणण्याची सूचना करावी.\n ३) व्हिडीओ सुरु करून त्याचा आवाज बंद करावा. मुलांना पाहून तो पाहून शब्द वाचण्यास सांगावे.\n ४) त्यानंतर मुलांना आवाज बंद ठेऊन शब्द पाहून लिहिण्यास सांगावे.\n ५) आता व्हिडीओचा आवाज सुरु करावा. मुलांना एकूण लिहिण्यास सांगावे. येथे श्रुतलेखन अपेक्षित आहे. यासाठी आपण स्क्रीन बंद ठेऊ शकतो.','https://www.youtube.com/watch?v=x7xwoVZjphc','कु.हर्षल रौंदळ 3 री','मुले मु्ळाक्षरांचे वाचन व लेखन हे शिकतील','2017-01-11 12:05:57','2017-01-11 12:05:57',107100,1,108100,104100,101101,1,103101,NULL),(390,'साधे शब्द दोन अक्षरी','कॉम्पुटर, लॅपटॉप, टॅब, मोबाईल','१) व्हिडीओ सुरु करावा. मुलांना प्रथम तो कोणतीही कृती न करता फक्त पाहण्यास सांगावे. मुले पाहतील आणि ऐकतील. यातून त्यांचे श्रवण कौशल्य विकसित होईल.\n २) व्हिडीओ पाहून झाल्यावर मुलांना त्याचा आवाज एकूण पाठीमागे म्हणण्याची सूचना करावी.\n ३) व्हिडीओ सुरु करून त्याचा आवाज बंद करावा. मुलांना पाहून तो पाहून शब्द वाचण्यास सांगावे.\n ४) त्यानंतर मुलांना आवाज बंद ठेऊन शब्द पाहून लिहिण्यास सांगावे.\n ५) आता व्हिडीओचा आवाज सुरु करावा. मुलांना एकूण लिहिण्यास सांगावे. येथे श्रुतलेखन अपेक्षित आहे. यासाठी आपण स्क्रीन बंद ठेऊ शकतो.','https://www.youtube.com/watch?v=bf6R3scIWac','कु.प्रमोद रौंदळ 3 री','विद्यार्थी शब्दांचे वाचन व लेखन हे शिकतील','2017-01-11 12:05:57','2017-01-11 12:05:57',107100,1,108100,104100,101101,1,103101,NULL),(391,'साधे शब्द तीन अक्षरी','कॉम्पुटर, लॅपटॉप, टॅब, मोबाईल','१) व्हिडीओ सुरु करावा. मुलांना प्रथम तो कोणतीही कृती न करता फक्त पाहण्यास सांगावे. मुले पाहतील आणि ऐकतील. यातून त्यांचे श्रवण कौशल्य विकसित होईल.\n २) व्हिडीओ पाहून झाल्यावर मुलांना त्याचा आवाज एकूण पाठीमागे म्हणण्याची सूचना करावी.\n ३) व्हिडीओ सुरु करून त्याचा आवाज बंद करावा. मुलांना पाहून तो पाहून शब्द वाचण्यास सांगावे.\n ४) त्यानंतर मुलांना आवाज बंद ठेऊन शब्द पाहून लिहिण्यास सांगावे.\n ५) आता व्हिडीओचा आवाज सुरु करावा. मुलांना एकूण लिहिण्यास सांगावे. येथे श्रुतलेखन अपेक्षित आहे. यासाठी आपण स्क्रीन बंद ठेऊ शकतो.','https://www.youtube.com/watch?v=3-vgnkKLU2I','कु.निशा रौंदळ 4 थी','विद्यार्थी शब्दांचे वाचन व लेखन हे शिकतील','2017-01-11 12:05:57','2017-01-11 12:05:57',107100,1,108100,104100,101101,1,103101,NULL),(392,'वेलांटी शब्द','कॉम्पुटर, लॅपटॉप, टॅब, मोबाईल','१) व्हिडीओ सुरु करावा. मुलांना प्रथम तो कोणतीही कृती न करता फक्त पाहण्यास सांगावे. मुले पाहतील आणि ऐकतील. यातून त्यांचे श्रवण कौशल्य विकसित होईल.\n २) व्हिडीओ पाहून झाल्यावर मुलांना त्याचा आवाज एकूण पाठीमागे म्हणण्याची सूचना करावी.\n ३) व्हिडीओ सुरु करून त्याचा आवाज बंद करावा. मुलांना पाहून तो पाहून शब्द वाचण्यास सांगावे.\n ४) त्यानंतर मुलांना आवाज बंद ठेऊन शब्द पाहून लिहिण्यास सांगावे.\n ५) आता व्हिडीओचा आवाज सुरु करावा. मुलांना एकूण लिहिण्यास सांगावे. येथे श्रुतलेखन अपेक्षित आहे. यासाठी आपण स्क्रीन बंद ठेऊ शकतो.','https://www.youtube.com/watch?v=6n7NzmPn8aE','कु.प्रमोद रौंदळ 4 थी','विद्यार्थी शब्दांचे वाचन व लेखन हे शिकतील','2017-01-11 12:05:57','2017-01-11 12:05:57',107100,1,108100,104100,101101,1,103101,NULL),(393,'नावे वाचा','कॉम्पुटर, लॅपटॉप, टॅब, मोबाईल','१) व्हिडीओ सुरु करावा. मुलांना प्रथम तो कोणतीही कृती न करता फक्त पाहण्यास सांगावे. मुले पाहतील आणि ऐकतील. यातून त्यांचे श्रवण कौशल्य विकसित होईल.\n २) व्हिडीओ पाहून झाल्यावर मुलांना त्याचा आवाज एकूण पाठीमागे म्हणण्याची सूचना करावी.\n ३) व्हिडीओ सुरु करून त्याचा आवाज बंद करावा. मुलांना पाहून तो पाहून शब्द वाचण्यास सांगावे.\n ४) त्यानंतर मुलांना आवाज बंद ठेऊन शब्द पाहून लिहिण्यास सांगावे.\n ५) आता व्हिडीओचा आवाज सुरु करावा. मुलांना एकूण लिहिण्यास सांगावे. येथे श्रुतलेखन अपेक्षित आहे. यासाठी आपण स्क्रीन बंद ठेऊ शकतो.','https://www.youtube.com/watch?v=V_6wqLBOz4E','कु.सायली मोरे 4 थी','विद्यार्थी शब्दांचे वाचन व लेखन हे शिकतील','2017-01-11 12:05:57','2017-01-11 12:05:57',107100,1,108100,104100,101101,1,103101,NULL),(394,'काना शब्द','कॉम्पुटर, लॅपटॉप, टॅब, मोबाईल','१) व्हिडीओ सुरु करावा. मुलांना प्रथम तो कोणतीही कृती न करता फक्त पाहण्यास सांगावे. मुले पाहतील आणि ऐकतील. यातून त्यांचे श्रवण कौशल्य विकसित होईल.\n २) व्हिडीओ पाहून झाल्यावर मुलांना त्याचा आवाज एकूण पाठीमागे म्हणण्याची सूचना करावी.\n ३) व्हिडीओ सुरु करून त्याचा आवाज बंद करावा. मुलांना पाहून तो पाहून शब्द वाचण्यास सांगावे.\n ४) त्यानंतर मुलांना आवाज बंद ठेऊन शब्द पाहून लिहिण्यास सांगावे.\n ५) आता व्हिडीओचा आवाज सुरु करावा. मुलांना एकूण लिहिण्यास सांगावे. येथे श्रुतलेखन अपेक्षित आहे. यासाठी आपण स्क्रीन बंद ठेऊ शकतो.','https://www.youtube.com/watch?v=g8ZHNrQ-zlc','कु.प्रथमेश बागुल 4 थी','विद्यार्थी शब्दांचे वाचन व लेखन हे शिकतील','2017-01-11 12:05:57','2017-01-11 12:05:57',107100,1,108100,104100,101101,1,103101,NULL),(395,'ग्रेगरियन महिने','कॉम्पुटर, लॅपटॉप, टॅब, मोबाईल','१) व्हिडीओ सुरु करावा. मुलांना प्रथम तो कोणतीही कृती न करता फक्त पाहण्यास सांगावे. मुले पाहतील आणि ऐकतील. यातून त्यांचे श्रवण कौशल्य विकसित होईल.\n २) व्हिडीओ पाहून झाल्यावर मुलांना त्याचा आवाज एकूण पाठीमागे म्हणण्याची सूचना करावी.\n ३) व्हिडीओ सुरु करून त्याचा आवाज बंद करावा. मुलांना पाहून तो पाहून शब्द वाचण्यास सांगावे.\n ४) त्यानंतर मुलांना आवाज बंद ठेऊन शब्द पाहून लिहिण्यास सांगावे.\n ५) आता व्हिडीओचा आवाज सुरु करावा. मुलांना एकूण लिहिण्यास सांगावे. येथे श्रुतलेखन अपेक्षित आहे. यासाठी आपण स्क्रीन बंद ठेऊ शकतो.','https://www.youtube.com/watch?v=7cDjqiHK6lw','कु.प्रथमेश बागुल 4 थी','विद्यार्थी महिन्यांचे वाचन व लेखन हे शिकतील','2017-01-11 12:05:57','2017-01-11 12:05:57',107100,1,108100,104100,101101,1,103101,NULL),(396,'ग्रेगरियन महिने','कॉम्पुटर, लॅपटॉप, टॅब, मोबाईल','१) व्हिडीओ सुरु करावा. मुलांना प्रथम तो कोणतीही कृती न करता फक्त पाहण्यास सांगावे. मुले पाहतील आणि ऐकतील. यातून त्यांचे श्रवण कौशल्य विकसित होईल.\n २) व्हिडीओ पाहून झाल्यावर मुलांना त्याचा आवाज एकूण पाठीमागे म्हणण्याची सूचना करावी.\n ३) व्हिडीओ सुरु करून त्याचा आवाज बंद करावा. मुलांना पाहून तो पाहून शब्द वाचण्यास सांगावे.\n ४) त्यानंतर मुलांना आवाज बंद ठेऊन शब्द पाहून लिहिण्यास सांगावे.\n ५) आता व्हिडीओचा आवाज सुरु करावा. मुलांना एकूण लिहिण्यास सांगावे. येथे श्रुतलेखन अपेक्षित आहे. यासाठी आपण स्क्रीन बंद ठेऊ शकतो.','https://www.youtube.com/watch?v=7cDjqiHK6lw','कु.प्रथमेश बागुल 4 थी','विद्यार्थी महिन्यांचे वाचन व लेखन हे शिकतील','2017-01-11 12:05:57','2017-01-11 12:05:57',107100,1,108100,104101,101101,1,103101,NULL),(397,'नावे','कॉम्पुटर, लॅपटॉप, टॅब, मोबाईल','१) व्हिडीओ सुरु करावा. मुलांना प्रथम तो कोणतीही कृती न करता फक्त पाहण्यास सांगावे. मुले पाहतील आणि ऐकतील. यातून त्यांचे श्रवण कौशल्य विकसित होईल.\n २) व्हिडीओ पाहून झाल्यावर मुलांना त्याचा आवाज एकूण पाठीमागे म्हणण्याची सूचना करावी.\n ३) व्हिडीओ सुरु करून त्याचा आवाज बंद करावा. मुलांना पाहून तो पाहून शब्द वाचण्यास सांगावे.\n ४) त्यानंतर मुलांना आवाज बंद ठेऊन शब्द पाहून लिहिण्यास सांगावे.\n ५) आता व्हिडीओचा आवाज सुरु करावा. मुलांना एकूण लिहिण्यास सांगावे. येथे श्रुतलेखन अपेक्षित आहे. यासाठी आपण स्क्रीन बंद ठेऊ शकतो.','https://www.youtube.com/watch?v=36FdHwvyJcg','कु.प्रमोद रौंदळ 3 री','विद्यार्थी शब्दांचे वाचन व लेखन हे शिकतील','2017-01-11 12:05:57','2017-01-11 12:05:57',107100,1,108100,104100,101101,1,103101,NULL),(398,'जोडाक्षरे','कॉम्पुटर, लॅपटॉप, टॅब, मोबाईल','१) व्हिडीओ सुरु करावा. मुलांना प्रथम तो कोणतीही कृती न करता फक्त पाहण्यास सांगावे. मुले पाहतील आणि ऐकतील. यातून त्यांचे श्रवण कौशल्य विकसित होईल.\n २) व्हिडीओ पाहून झाल्यावर मुलांना त्याचा आवाज एकूण पाठीमागे म्हणण्याची सूचना करावी.\n ३) व्हिडीओ सुरु करून त्याचा आवाज बंद करावा. मुलांना पाहून तो पाहून शब्द वाचण्यास सांगावे.\n ४) त्यानंतर मुलांना आवाज बंद ठेऊन शब्द पाहून लिहिण्यास सांगावे.\n ५) आता व्हिडीओचा आवाज सुरु करावा. मुलांना एकूण लिहिण्यास सांगावे. येथे श्रुतलेखन अपेक्षित आहे. यासाठी आपण स्क्रीन बंद ठेऊ शकतो.','https://www.youtube.com/watch?v=C1Hyl5vDI1g','कु.निशा रौंदळ 4 थी','विद्यार्थी शब्दांचे वाचन व लेखन हे शिकतील','2017-01-11 12:05:57','2017-01-11 12:05:57',107100,1,108100,104100,101101,1,103101,NULL),(399,'जोडाक्षरे 1','कॉम्पुटर, लॅपटॉप, टॅब, मोबाईल','१) व्हिडीओ सुरु करावा. मुलांना प्रथम तो कोणतीही कृती न करता फक्त पाहण्यास सांगावे. मुले पाहतील आणि ऐकतील. यातून त्यांचे श्रवण कौशल्य विकसित होईल.\n २) व्हिडीओ पाहून झाल्यावर मुलांना त्याचा आवाज एकूण पाठीमागे म्हणण्याची सूचना करावी.\n ३) व्हिडीओ सुरु करून त्याचा आवाज बंद करावा. मुलांना पाहून तो पाहून शब्द वाचण्यास सांगावे.\n ४) त्यानंतर मुलांना आवाज बंद ठेऊन शब्द पाहून लिहिण्यास सांगावे.\n ५) आता व्हिडीओचा आवाज सुरु करावा. मुलांना एकूण लिहिण्यास सांगावे. येथे श्रुतलेखन अपेक्षित आहे. यासाठी आपण स्क्रीन बंद ठेऊ शकतो.','https://www.youtube.com/watch?v=U_w2G2DIl30','कु.जाग्रुती जगताप 3 री','विद्यार्थी शब्दांचे वाचन व लेखन हे शिकतील','2017-01-11 12:05:57','2017-01-11 12:05:57',107100,1,108100,104100,101101,1,103101,NULL),(400,'जोडाक्षरे 2','कॉम्पुटर, लॅपटॉप, टॅब, मोबाईल','१) व्हिडीओ सुरु करावा. मुलांना प्रथम तो कोणतीही कृती न करता फक्त पाहण्यास सांगावे. मुले पाहतील आणि ऐकतील. यातून त्यांचे श्रवण कौशल्य विकसित होईल.\n २) व्हिडीओ पाहून झाल्यावर मुलांना त्याचा आवाज एकूण पाठीमागे म्हणण्याची सूचना करावी.\n ३) व्हिडीओ सुरु करून त्याचा आवाज बंद करावा. मुलांना पाहून तो पाहून शब्द वाचण्यास सांगावे.\n ४) त्यानंतर मुलांना आवाज बंद ठेऊन शब्द पाहून लिहिण्यास सांगावे.\n ५) आता व्हिडीओचा आवाज सुरु करावा. मुलांना एकूण लिहिण्यास सांगावे. येथे श्रुतलेखन अपेक्षित आहे. यासाठी आपण स्क्रीन बंद ठेऊ शकतो.','https://www.youtube.com/watch?v=qYqbyQmO_QY','कु.पुजा रौंदळ 4 थी','विद्यार्थी शब्दांचे वाचन व लेखन हे शिकतील','2017-01-11 12:05:57','2017-01-11 12:05:57',107100,1,108100,104100,101101,1,103101,NULL),(401,'भाज्या','कॉम्पुटर, लॅपटॉप, टॅब, मोबाईल','१) व्हिडीओ सुरु करावा. मुलांना प्रथम तो कोणतीही कृती न करता फक्त पाहण्यास सांगावे. मुले पाहतील आणि ऐकतील. यातून त्यांचे श्रवण कौशल्य विकसित होईल.\n २) व्हिडीओ पाहून झाल्यावर मुलांना त्याचा आवाज एकूण पाठीमागे म्हणण्याची सूचना करावी.\n ३) व्हिडीओ सुरु करून त्याचा आवाज बंद करावा. मुलांना पाहून तो पाहून शब्द वाचण्यास सांगावे.\n ४) त्यानंतर मुलांना आवाज बंद ठेऊन शब्द पाहून लिहिण्यास सांगावे.\n ५) आता व्हिडीओचा आवाज सुरु करावा. मुलांना एकूण लिहिण्यास सांगावे. येथे श्रुतलेखन अपेक्षित आहे. यासाठी आपण स्क्रीन बंद ठेऊ शकतो.','https://www.youtube.com/watch?v=fac51_LQvAo','कु.निशा रौंदळ 4 थी','विद्यार्थी भाज्या वाचन व लेखन हे शिकतील','2017-01-11 12:05:57','2017-01-11 12:05:57',107100,1,108100,104100,101101,1,103101,NULL),(402,'मराठी महिने','कॉम्पुटर, लॅपटॉप, टॅब, मोबाईल','१) व्हिडीओ सुरु करावा. मुलांना प्रथम तो कोणतीही कृती न करता फक्त पाहण्यास सांगावे. मुले पाहतील आणि ऐकतील. यातून त्यांचे श्रवण कौशल्य विकसित होईल.\n २) व्हिडीओ पाहून झाल्यावर मुलांना त्याचा आवाज एकूण पाठीमागे म्हणण्याची सूचना करावी.\n ३) व्हिडीओ सुरु करून त्याचा आवाज बंद करावा. मुलांना पाहून तो पाहून शब्द वाचण्यास सांगावे.\n ४) त्यानंतर मुलांना आवाज बंद ठेऊन शब्द पाहून लिहिण्यास सांगावे.\n ५) आता व्हिडीओचा आवाज सुरु करावा. मुलांना एकूण लिहिण्यास सांगावे. येथे श्रुतलेखन अपेक्षित आहे. यासाठी आपण स्क्रीन बंद ठेऊ शकतो.','https://www.youtube.com/watch?v=UStDJN0Ww9E','कु.जाग्रुती जगताप 3 री','विद्यार्थी महिन्यांचे वाचन व लेखन हे शिकतील','2017-01-11 12:05:57','2017-01-11 12:05:57',107100,1,108100,104100,101101,1,103101,NULL),(403,'मराठी महिने','कॉम्पुटर, लॅपटॉप, टॅब, मोबाईल','१) व्हिडीओ सुरु करावा. मुलांना प्रथम तो कोणतीही कृती न करता फक्त पाहण्यास सांगावे. मुले पाहतील आणि ऐकतील. यातून त्यांचे श्रवण कौशल्य विकसित होईल.\n २) व्हिडीओ पाहून झाल्यावर मुलांना त्याचा आवाज एकूण पाठीमागे म्हणण्याची सूचना करावी.\n ३) व्हिडीओ सुरु करून त्याचा आवाज बंद करावा. मुलांना पाहून तो पाहून शब्द वाचण्यास सांगावे.\n ४) त्यानंतर मुलांना आवाज बंद ठेऊन शब्द पाहून लिहिण्यास सांगावे.\n ५) आता व्हिडीओचा आवाज सुरु करावा. मुलांना एकूण लिहिण्यास सांगावे. येथे श्रुतलेखन अपेक्षित आहे. यासाठी आपण स्क्रीन बंद ठेऊ शकतो.','https://www.youtube.com/watch?v=UStDJN0Ww9E','कु.जाग्रुती जगताप 3 री','विद्यार्थी महिन्यांचे वाचन व लेखन हे शिकतील','2017-01-11 12:05:57','2017-01-11 12:05:57',107100,1,108100,104101,101101,1,103101,NULL),(404,'साधे शब्द','कॉम्पुटर, लॅपटॉप, टॅब, मोबाईल','१) व्हिडीओ सुरु करावा. मुलांना प्रथम तो कोणतीही कृती न करता फक्त पाहण्यास सांगावे. मुले पाहतील आणि ऐकतील. यातून त्यांचे श्रवण कौशल्य विकसित होईल.\n २) व्हिडीओ पाहून झाल्यावर मुलांना त्याचा आवाज एकूण पाठीमागे म्हणण्याची सूचना करावी.\n ३) व्हिडीओ सुरु करून त्याचा आवाज बंद करावा. मुलांना पाहून तो पाहून शब्द वाचण्यास सांगावे.\n ४) त्यानंतर मुलांना आवाज बंद ठेऊन शब्द पाहून लिहिण्यास सांगावे.\n ५) आता व्हिडीओचा आवाज सुरु करावा. मुलांना एकूण लिहिण्यास सांगावे. येथे श्रुतलेखन अपेक्षित आहे. यासाठी आपण स्क्रीन बंद ठेऊ शकतो.','https://www.youtube.com/watch?v=9xocFy46ulw','कु.दिक्षा जाधव 3 री','विद्यार्थी शब्दांचे वाचन व लेखन हे शिकतील','2017-01-11 12:05:57','2017-01-11 12:05:57',107100,1,108100,104100,101101,1,103101,NULL),(405,'फ़ुलांचे नावे','कॉम्पुटर, लॅपटॉप, टॅब, मोबाईल','१) व्हिडीओ सुरु करावा. मुलांना प्रथम तो कोणतीही कृती न करता फक्त पाहण्यास सांगावे. मुले पाहतील आणि ऐकतील. यातून त्यांचे श्रवण कौशल्य विकसित होईल.\n २) व्हिडीओ पाहून झाल्यावर मुलांना त्याचा आवाज एकूण पाठीमागे म्हणण्याची सूचना करावी.\n ३) व्हिडीओ सुरु करून त्याचा आवाज बंद करावा. मुलांना पाहून तो पाहून शब्द वाचण्यास सांगावे.\n ४) त्यानंतर मुलांना आवाज बंद ठेऊन शब्द पाहून लिहिण्यास सांगावे.\n ५) आता व्हिडीओचा आवाज सुरु करावा. मुलांना एकूण लिहिण्यास सांगावे. येथे श्रुतलेखन अपेक्षित आहे. यासाठी आपण स्क्रीन बंद ठेऊ शकतो.','https://www.youtube.com/watch?v=N-DRgDH1PQw','कु.जाग्रुती जगताप 3 री','विद्यार्थी शब्दांचे वाचन व लेखन हे शिकतील','2017-01-11 12:05:57','2017-01-11 12:05:57',107100,1,108100,104100,101101,1,103101,NULL),(406,'फ़ुलांचे नावे 1','कॉम्पुटर, लॅपटॉप, टॅब, मोबाईल','१) व्हिडीओ सुरु करावा. मुलांना प्रथम तो कोणतीही कृती न करता फक्त पाहण्यास सांगावे. मुले पाहतील आणि ऐकतील. यातून त्यांचे श्रवण कौशल्य विकसित होईल.\n २) व्हिडीओ पाहून झाल्यावर मुलांना त्याचा आवाज एकूण पाठीमागे म्हणण्याची सूचना करावी.\n ३) व्हिडीओ सुरु करून त्याचा आवाज बंद करावा. मुलांना पाहून तो पाहून शब्द वाचण्यास सांगावे.\n ४) त्यानंतर मुलांना आवाज बंद ठेऊन शब्द पाहून लिहिण्यास सांगावे.\n ५) आता व्हिडीओचा आवाज सुरु करावा. मुलांना एकूण लिहिण्यास सांगावे. येथे श्रुतलेखन अपेक्षित आहे. यासाठी आपण स्क्रीन बंद ठेऊ शकतो.','https://www.youtube.com/watch?v=G6-5oROg4mY','कु.जाग्रुती जगताप 3 री','विद्यार्थी शब्दांचे वाचन व लेखन हे शिकतील','2017-01-11 12:05:57','2017-01-11 12:05:57',107100,1,108100,104100,101101,1,103101,NULL),(407,'मुळाक्षरे','कॉम्पुटर, लॅपटॉप, टॅब, मोबाईल','१) व्हिडीओ सुरु करावा. मुलांना प्रथम तो कोणतीही कृती न करता फक्त पाहण्यास सांगावे. मुले पाहतील आणि ऐकतील. यातून त्यांचे श्रवण कौशल्य विकसित होईल.\n २) व्हिडीओ पाहून झाल्यावर मुलांना त्याचा आवाज एकूण पाठीमागे म्हणण्याची सूचना करावी.\n ३) व्हिडीओ सुरु करून त्याचा आवाज बंद करावा. मुलांना पाहून तो पाहून शब्द वाचण्यास सांगावे.\n ४) त्यानंतर मुलांना आवाज बंद ठेऊन शब्द पाहून लिहिण्यास सांगावे.\n ५) आता व्हिडीओचा आवाज सुरु करावा. मुलांना एकूण लिहिण्यास सांगावे. येथे श्रुतलेखन अपेक्षित आहे. यासाठी आपण स्क्रीन बंद ठेऊ शकतो.','https://www.youtube.com/watch?v=LkD4CgCue-k&t=2s','कु.दिक्षा जाधव 3 री','विद्यार्थी अक्षरांचे वाचन व लेखन हे शिकतील','2017-01-11 12:05:57','2017-01-11 12:05:57',107100,1,108100,104100,101101,1,103101,NULL),(408,'फ़ुलांचे चित्र','कॉम्पुटर, लॅपटॉप, टॅब, मोबाईल','१) व्हिडीओ सुरु करावा. मुलांना प्रथम तो कोणतीही कृती न करता फक्त पाहण्यास सांगावे. मुले पाहतील आणि ऐकतील. यातून त्यांचे श्रवण कौशल्य विकसित होईल.\n २) व्हिडीओ पाहून झाल्यावर मुलांना त्याचा आवाज एकूण पाठीमागे म्हणण्याची सूचना करावी.\n ३) व्हिडीओ सुरु करून त्याचा आवाज बंद करावा. मुलांना पाहून तो पाहून शब्द वाचण्यास सांगावे.\n ४) त्यानंतर मुलांना आवाज बंद ठेऊन शब्द पाहून लिहिण्यास सांगावे.\n ५) आता व्हिडीओचा आवाज सुरु करावा. मुलांना एकूण लिहिण्यास सांगावे. येथे श्रुतलेखन अपेक्षित आहे. यासाठी आपण स्क्रीन बंद ठेऊ शकतो.','https://www.youtube.com/watch?v=4AMbuS2B90M','कु.गायत्री भालेराव 3 री','विद्यार्थी चित्रवाचन शिकतील','2017-01-11 12:05:57','2017-01-11 12:05:57',107100,1,108100,104100,101101,1,103101,NULL),(409,'पक्षी','कॉम्पुटर, लॅपटॉप, टॅब, मोबाईल','१) व्हिडीओ सुरु करावा. मुलांना प्रथम तो कोणतीही कृती न करता फक्त पाहण्यास सांगावे. मुले पाहतील आणि ऐकतील. यातून त्यांचे श्रवण कौशल्य विकसित होईल.\n २) व्हिडीओ पाहून झाल्यावर मुलांना त्याचा आवाज एकूण पाठीमागे म्हणण्याची सूचना करावी.\n ३) व्हिडीओ सुरु करून त्याचा आवाज बंद करावा. मुलांना पाहून तो पाहून शब्द वाचण्यास सांगावे.\n ४) त्यानंतर मुलांना आवाज बंद ठेऊन शब्द पाहून लिहिण्यास सांगावे.\n ५) आता व्हिडीओचा आवाज सुरु करावा. मुलांना एकूण लिहिण्यास सांगावे. येथे श्रुतलेखन अपेक्षित आहे. यासाठी आपण स्क्रीन बंद ठेऊ शकतो.','https://www.youtube.com/watch?v=_fFYLG7UBkM','कु.हर्षल रौंदळ 3 री','विद्यार्थी चित्रवाचन शिकतील','2017-01-11 12:05:57','2017-01-11 12:05:57',107100,1,108100,104100,101101,1,103101,NULL),(410,'जोडशब्द','कॉम्पुटर, लॅपटॉप, टॅब, मोबाईल','१) व्हिडीओ सुरु करावा. मुलांना प्रथम तो कोणतीही कृती न करता फक्त पाहण्यास सांगावे. मुले पाहतील आणि ऐकतील. यातून त्यांचे श्रवण कौशल्य विकसित होईल.\n २) व्हिडीओ पाहून झाल्यावर मुलांना त्याचा आवाज एकूण पाठीमागे म्हणण्याची सूचना करावी.\n ३) व्हिडीओ सुरु करून त्याचा आवाज बंद करावा. मुलांना पाहून तो पाहून शब्द वाचण्यास सांगावे.\n ४) त्यानंतर मुलांना आवाज बंद ठेऊन शब्द पाहून लिहिण्यास सांगावे.\n ५) आता व्हिडीओचा आवाज सुरु करावा. मुलांना एकूण लिहिण्यास सांगावे. येथे श्रुतलेखन अपेक्षित आहे. यासाठी आपण स्क्रीन बंद ठेऊ शकतो.','https://www.youtube.com/watch?v=tTy32RWTwEA','कु.निशा रौंदळ 4 थी','विद्यार्थी शब्दांचे वाचन व लेखन हे शिकतील','2017-01-11 12:05:57','2017-01-11 12:05:57',107100,1,108100,104100,101101,1,103101,NULL),(411,'जंगली प्राणी','कॉम्पुटर, लॅपटॉप, टॅब, मोबाईल','१) व्हिडीओ सुरु करावा. मुलांना प्रथम तो कोणतीही कृती न करता फक्त पाहण्यास सांगावे. मुले पाहतील आणि ऐकतील. यातून त्यांचे श्रवण कौशल्य विकसित होईल.\n २) व्हिडीओ पाहून झाल्यावर मुलांना त्याचा आवाज एकूण पाठीमागे म्हणण्याची सूचना करावी.\n ३) व्हिडीओ सुरु करून त्याचा आवाज बंद करावा. मुलांना पाहून तो पाहून शब्द वाचण्यास सांगावे.\n ४) त्यानंतर मुलांना आवाज बंद ठेऊन शब्द पाहून लिहिण्यास सांगावे.\n ५) आता व्हिडीओचा आवाज सुरु करावा. मुलांना एकूण लिहिण्यास सांगावे. येथे श्रुतलेखन अपेक्षित आहे. यासाठी आपण स्क्रीन बंद ठेऊ शकतो.','https://www.youtube.com/watch?v=WDqHChy7g4c','कु.हर्षल रौंदळ 3 री','विद्यार्थी प्राणी ओळ्खतील','2017-01-11 12:05:57','2017-01-11 12:05:57',107100,1,108100,104100,101101,1,103101,NULL),(412,'चित्र पहा बोला','कॉम्पुटर, लॅपटॉप, टॅब, मोबाईल','१) व्हिडीओ सुरु करावा. मुलांना प्रथम तो कोणतीही कृती न करता फक्त पाहण्यास सांगावे. मुले पाहतील आणि ऐकतील. यातून त्यांचे श्रवण कौशल्य विकसित होईल.\n २) व्हिडीओ पाहून झाल्यावर मुलांना त्याचा आवाज एकूण पाठीमागे म्हणण्याची सूचना करावी.\n ३) व्हिडीओ सुरु करून त्याचा आवाज बंद करावा. मुलांना पाहून तो पाहून शब्द वाचण्यास सांगावे.\n ४) त्यानंतर मुलांना आवाज बंद ठेऊन शब्द पाहून लिहिण्यास सांगावे.\n ५) आता व्हिडीओचा आवाज सुरु करावा. मुलांना एकूण लिहिण्यास सांगावे. येथे श्रुतलेखन अपेक्षित आहे. यासाठी आपण स्क्रीन बंद ठेऊ शकतो.','https://www.youtube.com/watch?v=Pm0pseV1phw','कु.गायत्री भालेराव 3 री','विद्यार्थी चित्रवाचन शिकतील','2017-01-11 12:05:57','2017-01-11 12:05:57',107100,1,108100,104100,101101,1,103101,NULL),(413,'अक्षरे','कॉम्पुटर, लॅपटॉप, टॅब, मोबाईल','१) व्हिडीओ सुरु करावा. मुलांना प्रथम तो कोणतीही कृती न करता फक्त पाहण्यास सांगावे. मुले पाहतील आणि ऐकतील. यातून त्यांचे श्रवण कौशल्य विकसित होईल.\n २) व्हिडीओ पाहून झाल्यावर मुलांना त्याचा आवाज एकूण पाठीमागे म्हणण्याची सूचना करावी.\n ३) व्हिडीओ सुरु करून त्याचा आवाज बंद करावा. मुलांना पाहून तो पाहून शब्द वाचण्यास सांगावे.\n ४) त्यानंतर मुलांना आवाज बंद ठेऊन शब्द पाहून लिहिण्यास सांगावे.\n ५) आता व्हिडीओचा आवाज सुरु करावा. मुलांना एकूण लिहिण्यास सांगावे. येथे श्रुतलेखन अपेक्षित आहे. यासाठी आपण स्क्रीन बंद ठेऊ शकतो.','https://www.youtube.com/watch?v=sltoeWrKgSo','कु.हर्षल रौंदळ 3 री','विद्यार्थी अक्षरांचे वाचन व लेखन हे शिकतील','2017-01-11 12:05:57','2017-01-11 12:05:57',107100,1,108100,104100,101101,1,103101,NULL),(414,'अक्षरे 1','कॉम्पुटर, लॅपटॉप, टॅब, मोबाईल','१) व्हिडीओ सुरु करावा. मुलांना प्रथम तो कोणतीही कृती न करता फक्त पाहण्यास सांगावे. मुले पाहतील आणि ऐकतील. यातून त्यांचे श्रवण कौशल्य विकसित होईल.\n २) व्हिडीओ पाहून झाल्यावर मुलांना त्याचा आवाज एकूण पाठीमागे म्हणण्याची सूचना करावी.\n ३) व्हिडीओ सुरु करून त्याचा आवाज बंद करावा. मुलांना पाहून तो पाहून शब्द वाचण्यास सांगावे.\n ४) त्यानंतर मुलांना आवाज बंद ठेऊन शब्द पाहून लिहिण्यास सांगावे.\n ५) आता व्हिडीओचा आवाज सुरु करावा. मुलांना एकूण लिहिण्यास सांगावे. येथे श्रुतलेखन अपेक्षित आहे. यासाठी आपण स्क्रीन बंद ठेऊ शकतो.','https://www.youtube.com/watch?v=pF7hi164TTU','कु.हर्षल रौंदळ 3 री','विद्यार्थी अक्षरांचे वाचन व लेखन हे शिकतील','2017-01-11 12:05:57','2017-01-11 12:05:57',107100,1,108100,104100,101101,1,103101,NULL),(415,'रंग','कॉम्पुटर, लॅपटॉप, टॅब, मोबाईल','१) व्हिडीओ सुरु करावा. मुलांना प्रथम तो कोणतीही कृती न करता फक्त पाहण्यास सांगावे. मुले पाहतील आणि ऐकतील. यातून त्यांचे श्रवण कौशल्य विकसित होईल.\n २) व्हिडीओ पाहून झाल्यावर मुलांना त्याचा आवाज एकूण पाठीमागे म्हणण्याची सूचना करावी.\n ३) व्हिडीओ सुरु करून त्याचा आवाज बंद करावा. मुलांना पाहून तो पाहून शब्द वाचण्यास सांगावे.\n ४) त्यानंतर मुलांना आवाज बंद ठेऊन शब्द पाहून लिहिण्यास सांगावे.\n ५) आता व्हिडीओचा आवाज सुरु करावा. मुलांना एकूण लिहिण्यास सांगावे. येथे श्रुतलेखन अपेक्षित आहे. यासाठी आपण स्क्रीन बंद ठेऊ शकतो.','https://www.youtube.com/watch?v=tQGSM-mJeaY','कु.निशा रौंदळ 4 थी','विद्यार्थी रंगांचे वाचन व लेखन हे शिकतील','2017-01-11 12:05:57','2017-01-11 12:05:57',107100,1,108100,104100,101101,1,103101,NULL),(416,'संख्या','कॉम्पुटर, लॅपटॉप, टॅब, मोबाईल','१) व्हिडीओ सुरु करावा. मुलांना प्रथम तो कोणतीही कृती न करता फक्त पाहण्यास सांगावे. मुले पाहतील आणि ऐकतील. यातून त्यांचे श्रवण कौशल्य विकसित होईल.\n २) व्हिडीओ पाहून झाल्यावर मुलांना त्याचा आवाज एकूण पाठीमागे म्हणण्याची सूचना करावी.\n ३) व्हिडीओ सुरु करून त्याचा आवाज बंद करावा. मुलांना पाहून तो पाहून शब्द वाचण्यास सांगावे.\n ४) त्यानंतर मुलांना आवाज बंद ठेऊन शब्द पाहून लिहिण्यास सांगावे.\n ५) आता व्हिडीओचा आवाज सुरु करावा. मुलांना एकूण लिहिण्यास सांगावे. येथे श्रुतलेखन अपेक्षित आहे. यासाठी आपण स्क्रीन बंद ठेऊ शकतो.','https://www.youtube.com/watch?v=WhDZ60ndN8c','कु.निशा रौंदळ 4 थी','विद्यार्थ्यांना अंकांचे,संख्यांचे ज्ञान होईल','2017-01-11 12:05:57','2017-01-11 12:05:57',107100,1,108100,104100,101101,1,103102,NULL),(417,'संख्या','कॉम्पुटर, लॅपटॉप, टॅब, मोबाईल','१) व्हिडीओ सुरु करावा. मुलांना प्रथम तो कोणतीही कृती न करता फक्त पाहण्यास सांगावे. मुले पाहतील आणि ऐकतील. यातून त्यांचे श्रवण कौशल्य विकसित होईल.\n २) व्हिडीओ पाहून झाल्यावर मुलांना त्याचा आवाज एकूण पाठीमागे म्हणण्याची सूचना करावी.\n ३) व्हिडीओ सुरु करून त्याचा आवाज बंद करावा. मुलांना पाहून तो पाहून शब्द वाचण्यास सांगावे.\n ४) त्यानंतर मुलांना आवाज बंद ठेऊन शब्द पाहून लिहिण्यास सांगावे.\n ५) आता व्हिडीओचा आवाज सुरु करावा. मुलांना एकूण लिहिण्यास सांगावे. येथे श्रुतलेखन अपेक्षित आहे. यासाठी आपण स्क्रीन बंद ठेऊ शकतो.','https://www.youtube.com/watch?v=WhDZ60ndN8c','कु.निशा रौंदळ 4 थी','विद्यार्थ्यांना अंकांचे,संख्यांचे ज्ञान होईल','2017-01-11 12:05:57','2017-01-11 12:05:57',107100,1,108100,104101,101101,1,103102,NULL),(418,'संख्या वाचा','कॉम्पुटर, लॅपटॉप, टॅब, मोबाईल','१) व्हिडीओ सुरु करावा. मुलांना प्रथम तो कोणतीही कृती न करता फक्त पाहण्यास सांगावे. मुले पाहतील आणि ऐकतील. यातून त्यांचे श्रवण कौशल्य विकसित होईल.\n २) व्हिडीओ पाहून झाल्यावर मुलांना त्याचा आवाज एकूण पाठीमागे म्हणण्याची सूचना करावी.\n ३) व्हिडीओ सुरु करून त्याचा आवाज बंद करावा. मुलांना पाहून तो पाहून शब्द वाचण्यास सांगावे.\n ४) त्यानंतर मुलांना आवाज बंद ठेऊन शब्द पाहून लिहिण्यास सांगावे.\n ५) आता व्हिडीओचा आवाज सुरु करावा. मुलांना एकूण लिहिण्यास सांगावे. येथे श्रुतलेखन अपेक्षित आहे. यासाठी आपण स्क्रीन बंद ठेऊ शकतो.','https://www.youtube.com/watch?v=3cWzGyS32FY','कु.निशा रौंदळ 4 थी','विद्यार्थ्यांना अंकांचे,संख्यांचे ज्ञान होईल','2017-01-11 12:05:57','2017-01-11 12:05:57',107100,1,108100,104100,101101,1,103102,NULL),(419,'संख्या वाचा','कॉम्पुटर, लॅपटॉप, टॅब, मोबाईल','१) व्हिडीओ सुरु करावा. मुलांना प्रथम तो कोणतीही कृती न करता फक्त पाहण्यास सांगावे. मुले पाहतील आणि ऐकतील. यातून त्यांचे श्रवण कौशल्य विकसित होईल.\n २) व्हिडीओ पाहून झाल्यावर मुलांना त्याचा आवाज एकूण पाठीमागे म्हणण्याची सूचना करावी.\n ३) व्हिडीओ सुरु करून त्याचा आवाज बंद करावा. मुलांना पाहून तो पाहून शब्द वाचण्यास सांगावे.\n ४) त्यानंतर मुलांना आवाज बंद ठेऊन शब्द पाहून लिहिण्यास सांगावे.\n ५) आता व्हिडीओचा आवाज सुरु करावा. मुलांना एकूण लिहिण्यास सांगावे. येथे श्रुतलेखन अपेक्षित आहे. यासाठी आपण स्क्रीन बंद ठेऊ शकतो.','https://www.youtube.com/watch?v=3cWzGyS32FY','कु.निशा रौंदळ 4 थी','विद्यार्थ्यांना अंकांचे,संख्यांचे ज्ञान होईल','2017-01-11 12:05:57','2017-01-11 12:05:57',107100,1,108100,104101,101101,1,103102,NULL),(420,'संख्या ओळखा','कॉम्पुटर, लॅपटॉप, टॅब, मोबाईल','१) व्हिडीओ सुरु करावा. मुलांना प्रथम तो कोणतीही कृती न करता फक्त पाहण्यास सांगावे. मुले पाहतील आणि ऐकतील. यातून त्यांचे श्रवण कौशल्य विकसित होईल.\n २) व्हिडीओ पाहून झाल्यावर मुलांना त्याचा आवाज एकूण पाठीमागे म्हणण्याची सूचना करावी.\n ३) व्हिडीओ सुरु करून त्याचा आवाज बंद करावा. मुलांना पाहून तो पाहून शब्द वाचण्यास सांगावे.\n ४) त्यानंतर मुलांना आवाज बंद ठेऊन शब्द पाहून लिहिण्यास सांगावे.\n ५) आता व्हिडीओचा आवाज सुरु करावा. मुलांना एकूण लिहिण्यास सांगावे. येथे श्रुतलेखन अपेक्षित आहे. यासाठी आपण स्क्रीन बंद ठेऊ शकतो.','https://www.youtube.com/watch?v=0-ZMQBuVh70','कु.जाग्रुती जगताप 3 री','विद्यार्थ्यांना अंकांचे,संख्यांचे ज्ञान होईल','2017-01-11 12:05:57','2017-01-11 12:05:57',107100,1,108100,104100,101101,1,103102,NULL),(421,'संख्या ओळखा','कॉम्पुटर, लॅपटॉप, टॅब, मोबाईल','१) व्हिडीओ सुरु करावा. मुलांना प्रथम तो कोणतीही कृती न करता फक्त पाहण्यास सांगावे. मुले पाहतील आणि ऐकतील. यातून त्यांचे श्रवण कौशल्य विकसित होईल.\n २) व्हिडीओ पाहून झाल्यावर मुलांना त्याचा आवाज एकूण पाठीमागे म्हणण्याची सूचना करावी.\n ३) व्हिडीओ सुरु करून त्याचा आवाज बंद करावा. मुलांना पाहून तो पाहून शब्द वाचण्यास सांगावे.\n ४) त्यानंतर मुलांना आवाज बंद ठेऊन शब्द पाहून लिहिण्यास सांगावे.\n ५) आता व्हिडीओचा आवाज सुरु करावा. मुलांना एकूण लिहिण्यास सांगावे. येथे श्रुतलेखन अपेक्षित आहे. यासाठी आपण स्क्रीन बंद ठेऊ शकतो.','https://www.youtube.com/watch?v=0-ZMQBuVh70','कु.जाग्रुती जगताप 3 री','विद्यार्थ्यांना अंकांचे,संख्यांचे ज्ञान होईल','2017-01-11 12:05:57','2017-01-11 12:05:57',107100,1,108100,104101,101101,1,103102,NULL),(422,'पाढे 2-10','कॉम्पुटर, लॅपटॉप, टॅब, मोबाईल','१) व्हिडीओ सुरु करावा. मुलांना प्रथम तो कोणतीही कृती न करता फक्त पाहण्यास सांगावे. मुले पाहतील आणि ऐकतील. यातून त्यांचे श्रवण कौशल्य विकसित होईल.\n २) व्हिडीओ पाहून झाल्यावर मुलांना त्याचा आवाज एकूण पाठीमागे म्हणण्याची सूचना करावी.\n ३) व्हिडीओ सुरु करून त्याचा आवाज बंद करावा. मुलांना पाहून तो पाहून शब्द वाचण्यास सांगावे.\n ४) त्यानंतर मुलांना आवाज बंद ठेऊन शब्द पाहून लिहिण्यास सांगावे.\n ५) आता व्हिडीओचा आवाज सुरु करावा. मुलांना एकूण लिहिण्यास सांगावे. येथे श्रुतलेखन अपेक्षित आहे. यासाठी आपण स्क्रीन बंद ठेऊ शकतो.','https://www.youtube.com/watch?v=NPqN-Ws1Tvg','कु.निशा रौंदळ 4 थी','विद्यार्थ्यांना अंकांचे,संख्यांचे ज्ञान होईल','2017-01-11 12:05:57','2017-01-11 12:05:57',107100,1,108100,104100,101101,1,103102,NULL),(423,'पाढे 2-10','कॉम्पुटर, लॅपटॉप, टॅब, मोबाईल','१) व्हिडीओ सुरु करावा. मुलांना प्रथम तो कोणतीही कृती न करता फक्त पाहण्यास सांगावे. मुले पाहतील आणि ऐकतील. यातून त्यांचे श्रवण कौशल्य विकसित होईल.\n २) व्हिडीओ पाहून झाल्यावर मुलांना त्याचा आवाज एकूण पाठीमागे म्हणण्याची सूचना करावी.\n ३) व्हिडीओ सुरु करून त्याचा आवाज बंद करावा. मुलांना पाहून तो पाहून शब्द वाचण्यास सांगावे.\n ४) त्यानंतर मुलांना आवाज बंद ठेऊन शब्द पाहून लिहिण्यास सांगावे.\n ५) आता व्हिडीओचा आवाज सुरु करावा. मुलांना एकूण लिहिण्यास सांगावे. येथे श्रुतलेखन अपेक्षित आहे. यासाठी आपण स्क्रीन बंद ठेऊ शकतो.','https://www.youtube.com/watch?v=NPqN-Ws1Tvg','कु.निशा रौंदळ 4 थी','विद्यार्थ्यांना अंकांचे,संख्यांचे ज्ञान होईल','2017-01-11 12:05:57','2017-01-11 12:05:57',107100,1,108100,104101,101101,1,103102,NULL),(424,'2च्या पटीतील संख्या','कॉम्पुटर, लॅपटॉप, टॅब, मोबाईल','१) व्हिडीओ सुरु करावा. मुलांना प्रथम तो कोणतीही कृती न करता फक्त पाहण्यास सांगावे. मुले पाहतील आणि ऐकतील. यातून त्यांचे श्रवण कौशल्य विकसित होईल.\n २) व्हिडीओ पाहून झाल्यावर मुलांना त्याचा आवाज एकूण पाठीमागे म्हणण्याची सूचना करावी.\n ३) व्हिडीओ सुरु करून त्याचा आवाज बंद करावा. मुलांना पाहून तो पाहून शब्द वाचण्यास सांगावे.\n ४) त्यानंतर मुलांना आवाज बंद ठेऊन शब्द पाहून लिहिण्यास सांगावे.\n ५) आता व्हिडीओचा आवाज सुरु करावा. मुलांना एकूण लिहिण्यास सांगावे. येथे श्रुतलेखन अपेक्षित आहे. यासाठी आपण स्क्रीन बंद ठेऊ शकतो.','https://www.youtube.com/watch?v=XI98ZKTBDPc','कु.प्रमोद रौंदळ 3 री','विद्यार्थ्यांना अंकांचे,संख्यांचे ज्ञान होईल','2017-01-11 12:05:57','2017-01-11 12:05:57',107100,1,108100,104101,101101,1,103102,NULL),(425,'4च्या पटीतील संख्या','कॉम्पुटर, लॅपटॉप, टॅब, मोबाईल','१) व्हिडीओ सुरु करावा. मुलांना प्रथम तो कोणतीही कृती न करता फक्त पाहण्यास सांगावे. मुले पाहतील आणि ऐकतील. यातून त्यांचे श्रवण कौशल्य विकसित होईल.\n २) व्हिडीओ पाहून झाल्यावर मुलांना त्याचा आवाज एकूण पाठीमागे म्हणण्याची सूचना करावी.\n ३) व्हिडीओ सुरु करून त्याचा आवाज बंद करावा. मुलांना पाहून तो पाहून शब्द वाचण्यास सांगावे.\n ४) त्यानंतर मुलांना आवाज बंद ठेऊन शब्द पाहून लिहिण्यास सांगावे.\n ५) आता व्हिडीओचा आवाज सुरु करावा. मुलांना एकूण लिहिण्यास सांगावे. येथे श्रुतलेखन अपेक्षित आहे. यासाठी आपण स्क्रीन बंद ठेऊ शकतो.','https://www.youtube.com/watch?v=lB0wwK0N2x8','कु.प्रमोद रौंदळ 3 री','विद्यार्थ्यांना अंकांचे,संख्यांचे ज्ञान होईल','2017-01-11 12:05:57','2017-01-11 12:05:57',107100,1,108100,104101,101101,1,103102,NULL),(426,'10च्या पटीतील संख्या','कॉम्पुटर, लॅपटॉप, टॅब, मोबाईल','१) व्हिडीओ सुरु करावा. मुलांना प्रथम तो कोणतीही कृती न करता फक्त पाहण्यास सांगावे. मुले पाहतील आणि ऐकतील. यातून त्यांचे श्रवण कौशल्य विकसित होईल.\n २) व्हिडीओ पाहून झाल्यावर मुलांना त्याचा आवाज एकूण पाठीमागे म्हणण्याची सूचना करावी.\n ३) व्हिडीओ सुरु करून त्याचा आवाज बंद करावा. मुलांना पाहून तो पाहून शब्द वाचण्यास सांगावे.\n ४) त्यानंतर मुलांना आवाज बंद ठेऊन शब्द पाहून लिहिण्यास सांगावे.\n ५) आता व्हिडीओचा आवाज सुरु करावा. मुलांना एकूण लिहिण्यास सांगावे. येथे श्रुतलेखन अपेक्षित आहे. यासाठी आपण स्क्रीन बंद ठेऊ शकतो.','https://www.youtube.com/watch?v=RkiV9_rf-T0','कु.प्रमोद रौंदळ 3 री','विद्यार्थ्यांना अंकांचे,संख्यांचे ज्ञान होईल','2017-01-11 12:05:57','2017-01-11 12:05:57',107100,1,108100,104101,101101,1,103102,NULL),(427,'Numbers 1','कॉम्पुटर, लॅपटॉप, टॅब, मोबाईल','१) व्हिडीओ सुरु करावा. मुलांना प्रथम तो कोणतीही कृती न करता फक्त पाहण्यास सांगावे. मुले पाहतील आणि ऐकतील. यातून त्यांचे श्रवण कौशल्य विकसित होईल.\n २) व्हिडीओ पाहून झाल्यावर मुलांना त्याचा आवाज एकूण पाठीमागे म्हणण्याची सूचना करावी.\n ३) व्हिडीओ सुरु करून त्याचा आवाज बंद करावा. मुलांना पाहून तो पाहून शब्द वाचण्यास सांगावे.\n ४) त्यानंतर मुलांना आवाज बंद ठेऊन शब्द पाहून लिहिण्यास सांगावे.\n ५) आता व्हिडीओचा आवाज सुरु करावा. मुलांना एकूण लिहिण्यास सांगावे. येथे श्रुतलेखन अपेक्षित आहे. यासाठी आपण स्क्रीन बंद ठेऊ शकतो.','https://www.youtube.com/watch?v=QJOBlGVXHYA','Prathmesh 4 std','विद्यार्थ्यांना अंकांचे,संख्यांचे ज्ञान होईल','2017-01-11 12:05:57','2017-01-11 12:05:57',107100,1,108100,104100,101101,1,103102,NULL),(428,'Numbers 1','कॉम्पुटर, लॅपटॉप, टॅब, मोबाईल','१) व्हिडीओ सुरु करावा. मुलांना प्रथम तो कोणतीही कृती न करता फक्त पाहण्यास सांगावे. मुले पाहतील आणि ऐकतील. यातून त्यांचे श्रवण कौशल्य विकसित होईल.\n २) व्हिडीओ पाहून झाल्यावर मुलांना त्याचा आवाज एकूण पाठीमागे म्हणण्याची सूचना करावी.\n ३) व्हिडीओ सुरु करून त्याचा आवाज बंद करावा. मुलांना पाहून तो पाहून शब्द वाचण्यास सांगावे.\n ४) त्यानंतर मुलांना आवाज बंद ठेऊन शब्द पाहून लिहिण्यास सांगावे.\n ५) आता व्हिडीओचा आवाज सुरु करावा. मुलांना एकूण लिहिण्यास सांगावे. येथे श्रुतलेखन अपेक्षित आहे. यासाठी आपण स्क्रीन बंद ठेऊ शकतो.','https://www.youtube.com/watch?v=QJOBlGVXHYA','Prathmesh 4 std','विद्यार्थ्यांना अंकांचे,संख्यांचे ज्ञान होईल','2017-01-11 12:05:57','2017-01-11 12:05:57',107100,1,108100,104101,101101,1,103102,NULL),(429,'Numbers','कॉम्पुटर, लॅपटॉप, टॅब, मोबाईल','१) व्हिडीओ सुरु करावा. मुलांना प्रथम तो कोणतीही कृती न करता फक्त पाहण्यास सांगावे. मुले पाहतील आणि ऐकतील. यातून त्यांचे श्रवण कौशल्य विकसित होईल.\n २) व्हिडीओ पाहून झाल्यावर मुलांना त्याचा आवाज एकूण पाठीमागे म्हणण्याची सूचना करावी.\n ३) व्हिडीओ सुरु करून त्याचा आवाज बंद करावा. मुलांना पाहून तो पाहून शब्द वाचण्यास सांगावे.\n ४) त्यानंतर मुलांना आवाज बंद ठेऊन शब्द पाहून लिहिण्यास सांगावे.\n ५) आता व्हिडीओचा आवाज सुरु करावा. मुलांना एकूण लिहिण्यास सांगावे. येथे श्रुतलेखन अपेक्षित आहे. यासाठी आपण स्क्रीन बंद ठेऊ शकतो.','https://www.youtube.com/watch?v=7EDRIoKjQU0','Rutuja 3 std','विद्यार्थ्यांना अंकांचे,संख्यांचे ज्ञान होईल','2017-01-11 12:05:57','2017-01-11 12:05:57',107100,1,108100,104100,101101,1,103102,NULL),(430,'Numbers','कॉम्पुटर, लॅपटॉप, टॅब, मोबाईल','१) व्हिडीओ सुरु करावा. मुलांना प्रथम तो कोणतीही कृती न करता फक्त पाहण्यास सांगावे. मुले पाहतील आणि ऐकतील. यातून त्यांचे श्रवण कौशल्य विकसित होईल.\n २) व्हिडीओ पाहून झाल्यावर मुलांना त्याचा आवाज एकूण पाठीमागे म्हणण्याची सूचना करावी.\n ३) व्हिडीओ सुरु करून त्याचा आवाज बंद करावा. मुलांना पाहून तो पाहून शब्द वाचण्यास सांगावे.\n ४) त्यानंतर मुलांना आवाज बंद ठेऊन शब्द पाहून लिहिण्यास सांगावे.\n ५) आता व्हिडीओचा आवाज सुरु करावा. मुलांना एकूण लिहिण्यास सांगावे. येथे श्रुतलेखन अपेक्षित आहे. यासाठी आपण स्क्रीन बंद ठेऊ शकतो.','https://www.youtube.com/watch?v=7EDRIoKjQU0','Rutuja 3 std','विद्यार्थ्यांना अंकांचे,संख्यांचे ज्ञान होईल','2017-01-11 12:05:57','2017-01-11 12:05:57',107100,1,108100,104101,101101,1,103102,NULL),(431,'4 चा पाढा','कॉम्पुटर, लॅपटॉप, टॅब, मोबाईल','१) व्हिडीओ सुरु करावा. मुलांना प्रथम तो कोणतीही कृती न करता फक्त पाहण्यास सांगावे. मुले पाहतील आणि ऐकतील. यातून त्यांचे श्रवण कौशल्य विकसित होईल.\n २) व्हिडीओ पाहून झाल्यावर मुलांना त्याचा आवाज एकूण पाठीमागे म्हणण्याची सूचना करावी.\n ३) व्हिडीओ सुरु करून त्याचा आवाज बंद करावा. मुलांना पाहून तो पाहून शब्द वाचण्यास सांगावे.\n ४) त्यानंतर मुलांना आवाज बंद ठेऊन शब्द पाहून लिहिण्यास सांगावे.\n ५) आता व्हिडीओचा आवाज सुरु करावा. मुलांना एकूण लिहिण्यास सांगावे. येथे श्रुतलेखन अपेक्षित आहे. यासाठी आपण स्क्रीन बंद ठेऊ शकतो.','https://www.youtube.com/watch?v=3bMmz3YG5Xw','','विद्यार्थ्यांना अंकांचे,संख्यांचे ज्ञान होईल','2017-01-11 12:05:57','2017-01-11 12:05:57',107100,1,108100,104100,101101,1,103102,NULL),(432,'4 चा पाढा','कॉम्पुटर, लॅपटॉप, टॅब, मोबाईल','१) व्हिडीओ सुरु करावा. मुलांना प्रथम तो कोणतीही कृती न करता फक्त पाहण्यास सांगावे. मुले पाहतील आणि ऐकतील. यातून त्यांचे श्रवण कौशल्य विकसित होईल.\n २) व्हिडीओ पाहून झाल्यावर मुलांना त्याचा आवाज एकूण पाठीमागे म्हणण्याची सूचना करावी.\n ३) व्हिडीओ सुरु करून त्याचा आवाज बंद करावा. मुलांना पाहून तो पाहून शब्द वाचण्यास सांगावे.\n ४) त्यानंतर मुलांना आवाज बंद ठेऊन शब्द पाहून लिहिण्यास सांगावे.\n ५) आता व्हिडीओचा आवाज सुरु करावा. मुलांना एकूण लिहिण्यास सांगावे. येथे श्रुतलेखन अपेक्षित आहे. यासाठी आपण स्क्रीन बंद ठेऊ शकतो.','https://www.youtube.com/watch?v=3bMmz3YG5Xw','','विद्यार्थ्यांना अंकांचे,संख्यांचे ज्ञान होईल','2017-01-11 12:05:57','2017-01-11 12:05:57',107100,1,108100,104101,101101,1,103102,NULL),(433,'2 चा पाढा','कॉम्पुटर, लॅपटॉप, टॅब, मोबाईल','१) व्हिडीओ सुरु करावा. मुलांना प्रथम तो कोणतीही कृती न करता फक्त पाहण्यास सांगावे. मुले पाहतील आणि ऐकतील. यातून त्यांचे श्रवण कौशल्य विकसित होईल.\n २) व्हिडीओ पाहून झाल्यावर मुलांना त्याचा आवाज एकूण पाठीमागे म्हणण्याची सूचना करावी.\n ३) व्हिडीओ सुरु करून त्याचा आवाज बंद करावा. मुलांना पाहून तो पाहून शब्द वाचण्यास सांगावे.\n ४) त्यानंतर मुलांना आवाज बंद ठेऊन शब्द पाहून लिहिण्यास सांगावे.\n ५) आता व्हिडीओचा आवाज सुरु करावा. मुलांना एकूण लिहिण्यास सांगावे. येथे श्रुतलेखन अपेक्षित आहे. यासाठी आपण स्क्रीन बंद ठेऊ शकतो.','https://www.youtube.com/watch?v=E_AIj4J9OWo','','विद्यार्थ्यांना अंकांचे,संख्यांचे ज्ञान होईल','2017-01-11 12:05:57','2017-01-11 12:05:57',107100,1,108100,104100,101101,1,103102,NULL),(434,'2 चा पाढा','कॉम्पुटर, लॅपटॉप, टॅब, मोबाईल','१) व्हिडीओ सुरु करावा. मुलांना प्रथम तो कोणतीही कृती न करता फक्त पाहण्यास सांगावे. मुले पाहतील आणि ऐकतील. यातून त्यांचे श्रवण कौशल्य विकसित होईल.\n २) व्हिडीओ पाहून झाल्यावर मुलांना त्याचा आवाज एकूण पाठीमागे म्हणण्याची सूचना करावी.\n ३) व्हिडीओ सुरु करून त्याचा आवाज बंद करावा. मुलांना पाहून तो पाहून शब्द वाचण्यास सांगावे.\n ४) त्यानंतर मुलांना आवाज बंद ठेऊन शब्द पाहून लिहिण्यास सांगावे.\n ५) आता व्हिडीओचा आवाज सुरु करावा. मुलांना एकूण लिहिण्यास सांगावे. येथे श्रुतलेखन अपेक्षित आहे. यासाठी आपण स्क्रीन बंद ठेऊ शकतो.','https://www.youtube.com/watch?v=E_AIj4J9OWo','','विद्यार्थ्यांना अंकांचे,संख्यांचे ज्ञान होईल','2017-01-11 12:05:57','2017-01-11 12:05:57',107100,1,108100,104101,101101,1,103102,NULL),(435,'3 चा पाढा','कॉम्पुटर, लॅपटॉप, टॅब, मोबाईल','१) व्हिडीओ सुरु करावा. मुलांना प्रथम तो कोणतीही कृती न करता फक्त पाहण्यास सांगावे. मुले पाहतील आणि ऐकतील. यातून त्यांचे श्रवण कौशल्य विकसित होईल.\n २) व्हिडीओ पाहून झाल्यावर मुलांना त्याचा आवाज एकूण पाठीमागे म्हणण्याची सूचना करावी.\n ३) व्हिडीओ सुरु करून त्याचा आवाज बंद करावा. मुलांना पाहून तो पाहून शब्द वाचण्यास सांगावे.\n ४) त्यानंतर मुलांना आवाज बंद ठेऊन शब्द पाहून लिहिण्यास सांगावे.\n ५) आता व्हिडीओचा आवाज सुरु करावा. मुलांना एकूण लिहिण्यास सांगावे. येथे श्रुतलेखन अपेक्षित आहे. यासाठी आपण स्क्रीन बंद ठेऊ शकतो.','https://www.youtube.com/watch?v=QfT2jU_8vtE','','विद्यार्थ्यांना अंकांचे,संख्यांचे ज्ञान होईल','2017-01-11 12:05:57','2017-01-11 12:05:57',107100,1,108100,104100,101101,1,103102,NULL),(436,'3 चा पाढा','कॉम्पुटर, लॅपटॉप, टॅब, मोबाईल','१) व्हिडीओ सुरु करावा. मुलांना प्रथम तो कोणतीही कृती न करता फक्त पाहण्यास सांगावे. मुले पाहतील आणि ऐकतील. यातून त्यांचे श्रवण कौशल्य विकसित होईल.\n २) व्हिडीओ पाहून झाल्यावर मुलांना त्याचा आवाज एकूण पाठीमागे म्हणण्याची सूचना करावी.\n ३) व्हिडीओ सुरु करून त्याचा आवाज बंद करावा. मुलांना पाहून तो पाहून शब्द वाचण्यास सांगावे.\n ४) त्यानंतर मुलांना आवाज बंद ठेऊन शब्द पाहून लिहिण्यास सांगावे.\n ५) आता व्हिडीओचा आवाज सुरु करावा. मुलांना एकूण लिहिण्यास सांगावे. येथे श्रुतलेखन अपेक्षित आहे. यासाठी आपण स्क्रीन बंद ठेऊ शकतो.','https://www.youtube.com/watch?v=QfT2jU_8vtE','','विद्यार्थ्यांना अंकांचे,संख्यांचे ज्ञान होईल','2017-01-11 12:05:57','2017-01-11 12:05:57',107100,1,108100,104101,101101,1,103102,NULL),(437,'Alphabet A_Z','कॉम्पुटर, लॅपटॉप, टॅब, मोबाईल','१) व्हिडीओ सुरु करावा. मुलांना प्रथम तो कोणतीही कृती न करता फक्त पाहण्यास सांगावे. मुले पाहतील आणि ऐकतील. यातून त्यांचे श्रवण कौशल्य विकसित होईल.\n २) व्हिडीओ पाहून झाल्यावर मुलांना त्याचा आवाज एकूण पाठीमागे म्हणण्याची सूचना करावी.\n ३) व्हिडीओ सुरु करून त्याचा आवाज बंद करावा. मुलांना पाहून तो पाहून शब्द वाचण्यास सांगावे.\n ४) त्यानंतर मुलांना आवाज बंद ठेऊन शब्द पाहून लिहिण्यास सांगावे.\n ५) आता व्हिडीओचा आवाज सुरु करावा. मुलांना एकूण लिहिण्यास सांगावे. येथे श्रुतलेखन अपेक्षित आहे. यासाठी आपण स्क्रीन बंद ठेऊ शकतो.','https://www.youtube.com/watch?v=Bof99YJWXtE','Jagruti Jagatap std 3','विद्यार्थी शब्दांचे वाचन व लेखन हे शिकतील','2017-01-11 12:05:57','2017-01-11 12:05:57',107100,1,108100,104100,101100,1,103100,NULL),(438,'Alphabet A_Z','कॉम्पुटर, लॅपटॉप, टॅब, मोबाईल','१) व्हिडीओ सुरु करावा. मुलांना प्रथम तो कोणतीही कृती न करता फक्त पाहण्यास सांगावे. मुले पाहतील आणि ऐकतील. यातून त्यांचे श्रवण कौशल्य विकसित होईल.\n २) व्हिडीओ पाहून झाल्यावर मुलांना त्याचा आवाज एकूण पाठीमागे म्हणण्याची सूचना करावी.\n ३) व्हिडीओ सुरु करून त्याचा आवाज बंद करावा. मुलांना पाहून तो पाहून शब्द वाचण्यास सांगावे.\n ४) त्यानंतर मुलांना आवाज बंद ठेऊन शब्द पाहून लिहिण्यास सांगावे.\n ५) आता व्हिडीओचा आवाज सुरु करावा. मुलांना एकूण लिहिण्यास सांगावे. येथे श्रुतलेखन अपेक्षित आहे. यासाठी आपण स्क्रीन बंद ठेऊ शकतो.','https://www.youtube.com/watch?v=Bof99YJWXtE','Jagruti Jagatap std 3','विद्यार्थी शब्दांचे वाचन व लेखन हे शिकतील','2017-01-11 12:05:57','2017-01-11 12:05:57',107100,1,108100,104101,101100,1,103100,NULL),(439,'Numbers','कॉम्पुटर, लॅपटॉप, टॅब, मोबाईल','१) व्हिडीओ सुरु करावा. मुलांना प्रथम तो कोणतीही कृती न करता फक्त पाहण्यास सांगावे. मुले पाहतील आणि ऐकतील. यातून त्यांचे श्रवण कौशल्य विकसित होईल.\n २) व्हिडीओ पाहून झाल्यावर मुलांना त्याचा आवाज एकूण पाठीमागे म्हणण्याची सूचना करावी.\n ३) व्हिडीओ सुरु करून त्याचा आवाज बंद करावा. मुलांना पाहून तो पाहून शब्द वाचण्यास सांगावे.\n ४) त्यानंतर मुलांना आवाज बंद ठेऊन शब्द पाहून लिहिण्यास सांगावे.\n ५) आता व्हिडीओचा आवाज सुरु करावा. मुलांना एकूण लिहिण्यास सांगावे. येथे श्रुतलेखन अपेक्षित आहे. यासाठी आपण स्क्रीन बंद ठेऊ शकतो.','https://www.youtube.com/watch?v=QJOBlGVXHYA','Prathamesh bagul std 4','विद्यार्थ्यांना अंकांचे,संख्यांचे ज्ञान होईल','2017-01-11 12:05:57','2017-01-11 12:05:57',107100,1,108100,104100,101100,1,103100,NULL),(440,'Numbers','कॉम्पुटर, लॅपटॉप, टॅब, मोबाईल','१) व्हिडीओ सुरु करावा. मुलांना प्रथम तो कोणतीही कृती न करता फक्त पाहण्यास सांगावे. मुले पाहतील आणि ऐकतील. यातून त्यांचे श्रवण कौशल्य विकसित होईल.\n २) व्हिडीओ पाहून झाल्यावर मुलांना त्याचा आवाज एकूण पाठीमागे म्हणण्याची सूचना करावी.\n ३) व्हिडीओ सुरु करून त्याचा आवाज बंद करावा. मुलांना पाहून तो पाहून शब्द वाचण्यास सांगावे.\n ४) त्यानंतर मुलांना आवाज बंद ठेऊन शब्द पाहून लिहिण्यास सांगावे.\n ५) आता व्हिडीओचा आवाज सुरु करावा. मुलांना एकूण लिहिण्यास सांगावे. येथे श्रुतलेखन अपेक्षित आहे. यासाठी आपण स्क्रीन बंद ठेऊ शकतो.','https://www.youtube.com/watch?v=QJOBlGVXHYA','Prathamesh bagul std 4','विद्यार्थ्यांना अंकांचे,संख्यांचे ज्ञान होईल','2017-01-11 12:05:57','2017-01-11 12:05:57',107100,1,108100,104101,101100,1,103100,NULL),(441,'Numbers 1','कॉम्पुटर, लॅपटॉप, टॅब, मोबाईल','१) व्हिडीओ सुरु करावा. मुलांना प्रथम तो कोणतीही कृती न करता फक्त पाहण्यास सांगावे. मुले पाहतील आणि ऐकतील. यातून त्यांचे श्रवण कौशल्य विकसित होईल.\n २) व्हिडीओ पाहून झाल्यावर मुलांना त्याचा आवाज एकूण पाठीमागे म्हणण्याची सूचना करावी.\n ३) व्हिडीओ सुरु करून त्याचा आवाज बंद करावा. मुलांना पाहून तो पाहून शब्द वाचण्यास सांगावे.\n ४) त्यानंतर मुलांना आवाज बंद ठेऊन शब्द पाहून लिहिण्यास सांगावे.\n ५) आता व्हिडीओचा आवाज सुरु करावा. मुलांना एकूण लिहिण्यास सांगावे. येथे श्रुतलेखन अपेक्षित आहे. यासाठी आपण स्क्रीन बंद ठेऊ शकतो.','https://www.youtube.com/watch?v=7EDRIoKjQU0','rutuja raundal std 3','विद्यार्थ्यांना अंकांचे,संख्यांचे ज्ञान होईल','2017-01-11 12:05:57','2017-01-11 12:05:57',107100,1,108100,104100,101100,1,103100,NULL),(442,'Numbers 1','कॉम्पुटर, लॅपटॉप, टॅब, मोबाईल','१) व्हिडीओ सुरु करावा. मुलांना प्रथम तो कोणतीही कृती न करता फक्त पाहण्यास सांगावे. मुले पाहतील आणि ऐकतील. यातून त्यांचे श्रवण कौशल्य विकसित होईल.\n २) व्हिडीओ पाहून झाल्यावर मुलांना त्याचा आवाज एकूण पाठीमागे म्हणण्याची सूचना करावी.\n ३) व्हिडीओ सुरु करून त्याचा आवाज बंद करावा. मुलांना पाहून तो पाहून शब्द वाचण्यास सांगावे.\n ४) त्यानंतर मुलांना आवाज बंद ठेऊन शब्द पाहून लिहिण्यास सांगावे.\n ५) आता व्हिडीओचा आवाज सुरु करावा. मुलांना एकूण लिहिण्यास सांगावे. येथे श्रुतलेखन अपेक्षित आहे. यासाठी आपण स्क्रीन बंद ठेऊ शकतो.','https://www.youtube.com/watch?v=7EDRIoKjQU0','rutuja raundal std 3','विद्यार्थ्यांना अंकांचे,संख्यांचे ज्ञान होईल','2017-01-11 12:05:57','2017-01-11 12:05:57',107100,1,108100,104101,101100,1,103100,NULL),(443,'Sentences','कॉम्पुटर, लॅपटॉप, टॅब, मोबाईल','१) व्हिडीओ सुरु करावा. मुलांना प्रथम तो कोणतीही कृती न करता फक्त पाहण्यास सांगावे. मुले पाहतील आणि ऐकतील. यातून त्यांचे श्रवण कौशल्य विकसित होईल.\n २) व्हिडीओ पाहून झाल्यावर मुलांना त्याचा आवाज एकूण पाठीमागे म्हणण्याची सूचना करावी.\n ३) व्हिडीओ सुरु करून त्याचा आवाज बंद करावा. मुलांना पाहून तो पाहून शब्द वाचण्यास सांगावे.\n ४) त्यानंतर मुलांना आवाज बंद ठेऊन शब्द पाहून लिहिण्यास सांगावे.\n ५) आता व्हिडीओचा आवाज सुरु करावा. मुलांना एकूण लिहिण्यास सांगावे. येथे श्रुतलेखन अपेक्षित आहे. यासाठी आपण स्क्रीन बंद ठेऊ शकतो.','https://www.youtube.com/watch?v=jEvqjJL3rVU','Harshal raundal Std 3','','2017-01-11 12:05:57','2017-01-11 12:05:57',107100,1,108100,104100,101100,1,103100,NULL),(444,'Sentences','कॉम्पुटर, लॅपटॉप, टॅब, मोबाईल','१) व्हिडीओ सुरु करावा. मुलांना प्रथम तो कोणतीही कृती न करता फक्त पाहण्यास सांगावे. मुले पाहतील आणि ऐकतील. यातून त्यांचे श्रवण कौशल्य विकसित होईल.\n २) व्हिडीओ पाहून झाल्यावर मुलांना त्याचा आवाज एकूण पाठीमागे म्हणण्याची सूचना करावी.\n ३) व्हिडीओ सुरु करून त्याचा आवाज बंद करावा. मुलांना पाहून तो पाहून शब्द वाचण्यास सांगावे.\n ४) त्यानंतर मुलांना आवाज बंद ठेऊन शब्द पाहून लिहिण्यास सांगावे.\n ५) आता व्हिडीओचा आवाज सुरु करावा. मुलांना एकूण लिहिण्यास सांगावे. येथे श्रुतलेखन अपेक्षित आहे. यासाठी आपण स्क्रीन बंद ठेऊ शकतो.','https://www.youtube.com/watch?v=jEvqjJL3rVU','Harshal raundal Std 3','','2017-01-11 12:05:57','2017-01-11 12:05:57',107100,1,108100,104101,101100,1,103100,NULL),(445,'Sentences','कॉम्पुटर, लॅपटॉप, टॅब, मोबाईल','१) व्हिडीओ सुरु करावा. मुलांना प्रथम तो कोणतीही कृती न करता फक्त पाहण्यास सांगावे. मुले पाहतील आणि ऐकतील. यातून त्यांचे श्रवण कौशल्य विकसित होईल.\n २) व्हिडीओ पाहून झाल्यावर मुलांना त्याचा आवाज एकूण पाठीमागे म्हणण्याची सूचना करावी.\n ३) व्हिडीओ सुरु करून त्याचा आवाज बंद करावा. मुलांना पाहून तो पाहून शब्द वाचण्यास सांगावे.\n ४) त्यानंतर मुलांना आवाज बंद ठेऊन शब्द पाहून लिहिण्यास सांगावे.\n ५) आता व्हिडीओचा आवाज सुरु करावा. मुलांना एकूण लिहिण्यास सांगावे. येथे श्रुतलेखन अपेक्षित आहे. यासाठी आपण स्क्रीन बंद ठेऊ शकतो.','https://www.youtube.com/watch?v=jEvqjJL3rVU','Harshal raundal Std 3','','2017-01-11 12:05:57','2017-01-11 12:05:57',107100,1,108100,104102,101100,1,103100,NULL),(446,'Sentences','कॉम्पुटर, लॅपटॉप, टॅब, मोबाईल','१) व्हिडीओ सुरु करावा. मुलांना प्रथम तो कोणतीही कृती न करता फक्त पाहण्यास सांगावे. मुले पाहतील आणि ऐकतील. यातून त्यांचे श्रवण कौशल्य विकसित होईल.\n २) व्हिडीओ पाहून झाल्यावर मुलांना त्याचा आवाज एकूण पाठीमागे म्हणण्याची सूचना करावी.\n ३) व्हिडीओ सुरु करून त्याचा आवाज बंद करावा. मुलांना पाहून तो पाहून शब्द वाचण्यास सांगावे.\n ४) त्यानंतर मुलांना आवाज बंद ठेऊन शब्द पाहून लिहिण्यास सांगावे.\n ५) आता व्हिडीओचा आवाज सुरु करावा. मुलांना एकूण लिहिण्यास सांगावे. येथे श्रुतलेखन अपेक्षित आहे. यासाठी आपण स्क्रीन बंद ठेऊ शकतो.','https://www.youtube.com/watch?v=jEvqjJL3rVU','Harshal raundal Std 3','','2017-01-11 12:05:57','2017-01-11 12:05:57',107100,1,108100,104103,101100,1,103100,NULL),(447,'Easy words 3 letters','कॉम्पुटर, लॅपटॉप, टॅब, मोबाईल','१) व्हिडीओ सुरु करावा. मुलांना प्रथम तो कोणतीही कृती न करता फक्त पाहण्यास सांगावे. मुले पाहतील आणि ऐकतील. यातून त्यांचे श्रवण कौशल्य विकसित होईल.\n २) व्हिडीओ पाहून झाल्यावर मुलांना त्याचा आवाज एकूण पाठीमागे म्हणण्याची सूचना करावी.\n ३) व्हिडीओ सुरु करून त्याचा आवाज बंद करावा. मुलांना पाहून तो पाहून शब्द वाचण्यास सांगावे.\n ४) त्यानंतर मुलांना आवाज बंद ठेऊन शब्द पाहून लिहिण्यास सांगावे.\n ५) आता व्हिडीओचा आवाज सुरु करावा. मुलांना एकूण लिहिण्यास सांगावे. येथे श्रुतलेखन अपेक्षित आहे. यासाठी आपण स्क्रीन बंद ठेऊ शकतो.','https://www.youtube.com/watch?v=OKE0T6mDCxg','Harshal raundal Std 3','विद्यार्थी शब्दांचे वाचन व लेखन हे शिकतील','2017-01-11 12:05:57','2017-01-11 12:05:57',107100,1,108100,104100,101100,1,103100,NULL),(448,'Easy words 3 letters','कॉम्पुटर, लॅपटॉप, टॅब, मोबाईल','१) व्हिडीओ सुरु करावा. मुलांना प्रथम तो कोणतीही कृती न करता फक्त पाहण्यास सांगावे. मुले पाहतील आणि ऐकतील. यातून त्यांचे श्रवण कौशल्य विकसित होईल.\n २) व्हिडीओ पाहून झाल्यावर मुलांना त्याचा आवाज एकूण पाठीमागे म्हणण्याची सूचना करावी.\n ३) व्हिडीओ सुरु करून त्याचा आवाज बंद करावा. मुलांना पाहून तो पाहून शब्द वाचण्यास सांगावे.\n ४) त्यानंतर मुलांना आवाज बंद ठेऊन शब्द पाहून लिहिण्यास सांगावे.\n ५) आता व्हिडीओचा आवाज सुरु करावा. मुलांना एकूण लिहिण्यास सांगावे. येथे श्रुतलेखन अपेक्षित आहे. यासाठी आपण स्क्रीन बंद ठेऊ शकतो.','https://www.youtube.com/watch?v=OKE0T6mDCxg','Harshal raundal Std 3','विद्यार्थी शब्दांचे वाचन व लेखन हे शिकतील','2017-01-11 12:05:57','2017-01-11 12:05:57',107100,1,108100,104101,101100,1,103100,NULL),(449,'Easy words 3 letters','कॉम्पुटर, लॅपटॉप, टॅब, मोबाईल','१) व्हिडीओ सुरु करावा. मुलांना प्रथम तो कोणतीही कृती न करता फक्त पाहण्यास सांगावे. मुले पाहतील आणि ऐकतील. यातून त्यांचे श्रवण कौशल्य विकसित होईल.\n २) व्हिडीओ पाहून झाल्यावर मुलांना त्याचा आवाज एकूण पाठीमागे म्हणण्याची सूचना करावी.\n ३) व्हिडीओ सुरु करून त्याचा आवाज बंद करावा. मुलांना पाहून तो पाहून शब्द वाचण्यास सांगावे.\n ४) त्यानंतर मुलांना आवाज बंद ठेऊन शब्द पाहून लिहिण्यास सांगावे.\n ५) आता व्हिडीओचा आवाज सुरु करावा. मुलांना एकूण लिहिण्यास सांगावे. येथे श्रुतलेखन अपेक्षित आहे. यासाठी आपण स्क्रीन बंद ठेऊ शकतो.','https://www.youtube.com/watch?v=OKE0T6mDCxg','Harshal raundal Std 3','विद्यार्थी शब्दांचे वाचन व लेखन हे शिकतील','2017-01-11 12:05:57','2017-01-11 12:05:57',107100,1,108100,104102,101100,1,103100,NULL),(450,'Easy words 3 letters','कॉम्पुटर, लॅपटॉप, टॅब, मोबाईल','१) व्हिडीओ सुरु करावा. मुलांना प्रथम तो कोणतीही कृती न करता फक्त पाहण्यास सांगावे. मुले पाहतील आणि ऐकतील. यातून त्यांचे श्रवण कौशल्य विकसित होईल.\n २) व्हिडीओ पाहून झाल्यावर मुलांना त्याचा आवाज एकूण पाठीमागे म्हणण्याची सूचना करावी.\n ३) व्हिडीओ सुरु करून त्याचा आवाज बंद करावा. मुलांना पाहून तो पाहून शब्द वाचण्यास सांगावे.\n ४) त्यानंतर मुलांना आवाज बंद ठेऊन शब्द पाहून लिहिण्यास सांगावे.\n ५) आता व्हिडीओचा आवाज सुरु करावा. मुलांना एकूण लिहिण्यास सांगावे. येथे श्रुतलेखन अपेक्षित आहे. यासाठी आपण स्क्रीन बंद ठेऊ शकतो.','https://www.youtube.com/watch?v=OKE0T6mDCxg','Harshal raundal Std 3','विद्यार्थी शब्दांचे वाचन व लेखन हे शिकतील','2017-01-11 12:05:57','2017-01-11 12:05:57',107100,1,108100,104103,101100,1,103100,NULL),(451,'Read the words','कॉम्पुटर, लॅपटॉप, टॅब, मोबाईल','१) व्हिडीओ सुरु करावा. मुलांना प्रथम तो कोणतीही कृती न करता फक्त पाहण्यास सांगावे. मुले पाहतील आणि ऐकतील. यातून त्यांचे श्रवण कौशल्य विकसित होईल.\n २) व्हिडीओ पाहून झाल्यावर मुलांना त्याचा आवाज एकूण पाठीमागे म्हणण्याची सूचना करावी.\n ३) व्हिडीओ सुरु करून त्याचा आवाज बंद करावा. मुलांना पाहून तो पाहून शब्द वाचण्यास सांगावे.\n ४) त्यानंतर मुलांना आवाज बंद ठेऊन शब्द पाहून लिहिण्यास सांगावे.\n ५) आता व्हिडीओचा आवाज सुरु करावा. मुलांना एकूण लिहिण्यास सांगावे. येथे श्रुतलेखन अपेक्षित आहे. यासाठी आपण स्क्रीन बंद ठेऊ शकतो.','https://www.youtube.com/watch?v=u2-AdONCsic','Harshal raundal Std 3','विद्यार्थी शब्दांचे वाचन व लेखन हे शिकतील','2017-01-11 12:05:57','2017-01-11 12:05:57',107100,1,108100,104100,101100,1,103100,NULL),(452,'Read the words','कॉम्पुटर, लॅपटॉप, टॅब, मोबाईल','१) व्हिडीओ सुरु करावा. मुलांना प्रथम तो कोणतीही कृती न करता फक्त पाहण्यास सांगावे. मुले पाहतील आणि ऐकतील. यातून त्यांचे श्रवण कौशल्य विकसित होईल.\n २) व्हिडीओ पाहून झाल्यावर मुलांना त्याचा आवाज एकूण पाठीमागे म्हणण्याची सूचना करावी.\n ३) व्हिडीओ सुरु करून त्याचा आवाज बंद करावा. मुलांना पाहून तो पाहून शब्द वाचण्यास सांगावे.\n ४) त्यानंतर मुलांना आवाज बंद ठेऊन शब्द पाहून लिहिण्यास सांगावे.\n ५) आता व्हिडीओचा आवाज सुरु करावा. मुलांना एकूण लिहिण्यास सांगावे. येथे श्रुतलेखन अपेक्षित आहे. यासाठी आपण स्क्रीन बंद ठेऊ शकतो.','https://www.youtube.com/watch?v=u2-AdONCsic','Harshal raundal Std 3','विद्यार्थी शब्दांचे वाचन व लेखन हे शिकतील','2017-01-11 12:05:57','2017-01-11 12:05:57',107100,1,108100,104101,101100,1,103100,NULL),(453,'Read the words','कॉम्पुटर, लॅपटॉप, टॅब, मोबाईल','१) व्हिडीओ सुरु करावा. मुलांना प्रथम तो कोणतीही कृती न करता फक्त पाहण्यास सांगावे. मुले पाहतील आणि ऐकतील. यातून त्यांचे श्रवण कौशल्य विकसित होईल.\n २) व्हिडीओ पाहून झाल्यावर मुलांना त्याचा आवाज एकूण पाठीमागे म्हणण्याची सूचना करावी.\n ३) व्हिडीओ सुरु करून त्याचा आवाज बंद करावा. मुलांना पाहून तो पाहून शब्द वाचण्यास सांगावे.\n ४) त्यानंतर मुलांना आवाज बंद ठेऊन शब्द पाहून लिहिण्यास सांगावे.\n ५) आता व्हिडीओचा आवाज सुरु करावा. मुलांना एकूण लिहिण्यास सांगावे. येथे श्रुतलेखन अपेक्षित आहे. यासाठी आपण स्क्रीन बंद ठेऊ शकतो.','https://www.youtube.com/watch?v=u2-AdONCsic','Harshal raundal Std 3','विद्यार्थी शब्दांचे वाचन व लेखन हे शिकतील','2017-01-11 12:05:57','2017-01-11 12:05:57',107100,1,108100,104102,101100,1,103100,NULL),(454,'Read the words','कॉम्पुटर, लॅपटॉप, टॅब, मोबाईल','१) व्हिडीओ सुरु करावा. मुलांना प्रथम तो कोणतीही कृती न करता फक्त पाहण्यास सांगावे. मुले पाहतील आणि ऐकतील. यातून त्यांचे श्रवण कौशल्य विकसित होईल.\n २) व्हिडीओ पाहून झाल्यावर मुलांना त्याचा आवाज एकूण पाठीमागे म्हणण्याची सूचना करावी.\n ३) व्हिडीओ सुरु करून त्याचा आवाज बंद करावा. मुलांना पाहून तो पाहून शब्द वाचण्यास सांगावे.\n ४) त्यानंतर मुलांना आवाज बंद ठेऊन शब्द पाहून लिहिण्यास सांगावे.\n ५) आता व्हिडीओचा आवाज सुरु करावा. मुलांना एकूण लिहिण्यास सांगावे. येथे श्रुतलेखन अपेक्षित आहे. यासाठी आपण स्क्रीन बंद ठेऊ शकतो.','https://www.youtube.com/watch?v=u2-AdONCsic','Harshal raundal Std 3','विद्यार्थी शब्दांचे वाचन व लेखन हे शिकतील','2017-01-11 12:05:57','2017-01-11 12:05:57',107100,1,108100,104103,101100,1,103100,NULL),(455,'Pet animals','कॉम्पुटर, लॅपटॉप, टॅब, मोबाईल','१) व्हिडीओ सुरु करावा. मुलांना प्रथम तो कोणतीही कृती न करता फक्त पाहण्यास सांगावे. मुले पाहतील आणि ऐकतील. यातून त्यांचे श्रवण कौशल्य विकसित होईल.\n २) व्हिडीओ पाहून झाल्यावर मुलांना त्याचा आवाज एकूण पाठीमागे म्हणण्याची सूचना करावी.\n ३) व्हिडीओ सुरु करून त्याचा आवाज बंद करावा. मुलांना पाहून तो पाहून शब्द वाचण्यास सांगावे.\n ४) त्यानंतर मुलांना आवाज बंद ठेऊन शब्द पाहून लिहिण्यास सांगावे.\n ५) आता व्हिडीओचा आवाज सुरु करावा. मुलांना एकूण लिहिण्यास सांगावे. येथे श्रुतलेखन अपेक्षित आहे. यासाठी आपण स्क्रीन बंद ठेऊ शकतो.','https://www.youtube.com/watch?v=pFO6pKO5rog','Harshal raundal Std 3','','2017-01-11 12:05:57','2017-01-11 12:05:57',107100,1,108100,104100,101100,1,103100,NULL),(456,'Pet animals','कॉम्पुटर, लॅपटॉप, टॅब, मोबाईल','१) व्हिडीओ सुरु करावा. मुलांना प्रथम तो कोणतीही कृती न करता फक्त पाहण्यास सांगावे. मुले पाहतील आणि ऐकतील. यातून त्यांचे श्रवण कौशल्य विकसित होईल.\n २) व्हिडीओ पाहून झाल्यावर मुलांना त्याचा आवाज एकूण पाठीमागे म्हणण्याची सूचना करावी.\n ३) व्हिडीओ सुरु करून त्याचा आवाज बंद करावा. मुलांना पाहून तो पाहून शब्द वाचण्यास सांगावे.\n ४) त्यानंतर मुलांना आवाज बंद ठेऊन शब्द पाहून लिहिण्यास सांगावे.\n ५) आता व्हिडीओचा आवाज सुरु करावा. मुलांना एकूण लिहिण्यास सांगावे. येथे श्रुतलेखन अपेक्षित आहे. यासाठी आपण स्क्रीन बंद ठेऊ शकतो.','https://www.youtube.com/watch?v=pFO6pKO5rog','Harshal raundal Std 3','','2017-01-11 12:05:57','2017-01-11 12:05:57',107100,1,108100,104101,101100,1,103100,NULL),(457,'Pet animals','कॉम्पुटर, लॅपटॉप, टॅब, मोबाईल','१) व्हिडीओ सुरु करावा. मुलांना प्रथम तो कोणतीही कृती न करता फक्त पाहण्यास सांगावे. मुले पाहतील आणि ऐकतील. यातून त्यांचे श्रवण कौशल्य विकसित होईल.\n २) व्हिडीओ पाहून झाल्यावर मुलांना त्याचा आवाज एकूण पाठीमागे म्हणण्याची सूचना करावी.\n ३) व्हिडीओ सुरु करून त्याचा आवाज बंद करावा. मुलांना पाहून तो पाहून शब्द वाचण्यास सांगावे.\n ४) त्यानंतर मुलांना आवाज बंद ठेऊन शब्द पाहून लिहिण्यास सांगावे.\n ५) आता व्हिडीओचा आवाज सुरु करावा. मुलांना एकूण लिहिण्यास सांगावे. येथे श्रुतलेखन अपेक्षित आहे. यासाठी आपण स्क्रीन बंद ठेऊ शकतो.','https://www.youtube.com/watch?v=pFO6pKO5rog','Harshal raundal Std 3','','2017-01-11 12:05:57','2017-01-11 12:05:57',107100,1,108100,104102,101100,1,103100,NULL),(458,'Pet animals','कॉम्पुटर, लॅपटॉप, टॅब, मोबाईल','१) व्हिडीओ सुरु करावा. मुलांना प्रथम तो कोणतीही कृती न करता फक्त पाहण्यास सांगावे. मुले पाहतील आणि ऐकतील. यातून त्यांचे श्रवण कौशल्य विकसित होईल.\n २) व्हिडीओ पाहून झाल्यावर मुलांना त्याचा आवाज एकूण पाठीमागे म्हणण्याची सूचना करावी.\n ३) व्हिडीओ सुरु करून त्याचा आवाज बंद करावा. मुलांना पाहून तो पाहून शब्द वाचण्यास सांगावे.\n ४) त्यानंतर मुलांना आवाज बंद ठेऊन शब्द पाहून लिहिण्यास सांगावे.\n ५) आता व्हिडीओचा आवाज सुरु करावा. मुलांना एकूण लिहिण्यास सांगावे. येथे श्रुतलेखन अपेक्षित आहे. यासाठी आपण स्क्रीन बंद ठेऊ शकतो.','https://www.youtube.com/watch?v=pFO6pKO5rog','Harshal raundal Std 3','','2017-01-11 12:05:57','2017-01-11 12:05:57',107100,1,108100,104103,101100,1,103100,NULL),(459,'Numbers 2','कॉम्पुटर, लॅपटॉप, टॅब, मोबाईल','१) व्हिडीओ सुरु करावा. मुलांना प्रथम तो कोणतीही कृती न करता फक्त पाहण्यास सांगावे. मुले पाहतील आणि ऐकतील. यातून त्यांचे श्रवण कौशल्य विकसित होईल.\n २) व्हिडीओ पाहून झाल्यावर मुलांना त्याचा आवाज एकूण पाठीमागे म्हणण्याची सूचना करावी.\n ३) व्हिडीओ सुरु करून त्याचा आवाज बंद करावा. मुलांना पाहून तो पाहून शब्द वाचण्यास सांगावे.\n ४) त्यानंतर मुलांना आवाज बंद ठेऊन शब्द पाहून लिहिण्यास सांगावे.\n ५) आता व्हिडीओचा आवाज सुरु करावा. मुलांना एकूण लिहिण्यास सांगावे. येथे श्रुतलेखन अपेक्षित आहे. यासाठी आपण स्क्रीन बंद ठेऊ शकतो.','https://www.youtube.com/watch?v=kwU_OMs5h3s','Harshal raundal Std 3','विद्यार्थ्यांना अंकांचे,संख्यांचे ज्ञान होईल','2017-01-11 12:05:57','2017-01-11 12:05:57',107100,1,108100,104100,101100,1,103100,NULL),(460,'Numbers 2','कॉम्पुटर, लॅपटॉप, टॅब, मोबाईल','१) व्हिडीओ सुरु करावा. मुलांना प्रथम तो कोणतीही कृती न करता फक्त पाहण्यास सांगावे. मुले पाहतील आणि ऐकतील. यातून त्यांचे श्रवण कौशल्य विकसित होईल.\n २) व्हिडीओ पाहून झाल्यावर मुलांना त्याचा आवाज एकूण पाठीमागे म्हणण्याची सूचना करावी.\n ३) व्हिडीओ सुरु करून त्याचा आवाज बंद करावा. मुलांना पाहून तो पाहून शब्द वाचण्यास सांगावे.\n ४) त्यानंतर मुलांना आवाज बंद ठेऊन शब्द पाहून लिहिण्यास सांगावे.\n ५) आता व्हिडीओचा आवाज सुरु करावा. मुलांना एकूण लिहिण्यास सांगावे. येथे श्रुतलेखन अपेक्षित आहे. यासाठी आपण स्क्रीन बंद ठेऊ शकतो.','https://www.youtube.com/watch?v=kwU_OMs5h3s','Harshal raundal Std 3','विद्यार्थ्यांना अंकांचे,संख्यांचे ज्ञान होईल','2017-01-11 12:05:57','2017-01-11 12:05:57',107100,1,108100,104101,101100,1,103100,NULL),(461,'Numbers 2','कॉम्पुटर, लॅपटॉप, टॅब, मोबाईल','१) व्हिडीओ सुरु करावा. मुलांना प्रथम तो कोणतीही कृती न करता फक्त पाहण्यास सांगावे. मुले पाहतील आणि ऐकतील. यातून त्यांचे श्रवण कौशल्य विकसित होईल.\n २) व्हिडीओ पाहून झाल्यावर मुलांना त्याचा आवाज एकूण पाठीमागे म्हणण्याची सूचना करावी.\n ३) व्हिडीओ सुरु करून त्याचा आवाज बंद करावा. मुलांना पाहून तो पाहून शब्द वाचण्यास सांगावे.\n ४) त्यानंतर मुलांना आवाज बंद ठेऊन शब्द पाहून लिहिण्यास सांगावे.\n ५) आता व्हिडीओचा आवाज सुरु करावा. मुलांना एकूण लिहिण्यास सांगावे. येथे श्रुतलेखन अपेक्षित आहे. यासाठी आपण स्क्रीन बंद ठेऊ शकतो.','https://www.youtube.com/watch?v=kwU_OMs5h3s','Harshal raundal Std 3','विद्यार्थ्यांना अंकांचे,संख्यांचे ज्ञान होईल','2017-01-11 12:05:57','2017-01-11 12:05:57',107100,1,108100,104102,101100,1,103100,NULL),(462,'Numbers 2','कॉम्पुटर, लॅपटॉप, टॅब, मोबाईल','१) व्हिडीओ सुरु करावा. मुलांना प्रथम तो कोणतीही कृती न करता फक्त पाहण्यास सांगावे. मुले पाहतील आणि ऐकतील. यातून त्यांचे श्रवण कौशल्य विकसित होईल.\n २) व्हिडीओ पाहून झाल्यावर मुलांना त्याचा आवाज एकूण पाठीमागे म्हणण्याची सूचना करावी.\n ३) व्हिडीओ सुरु करून त्याचा आवाज बंद करावा. मुलांना पाहून तो पाहून शब्द वाचण्यास सांगावे.\n ४) त्यानंतर मुलांना आवाज बंद ठेऊन शब्द पाहून लिहिण्यास सांगावे.\n ५) आता व्हिडीओचा आवाज सुरु करावा. मुलांना एकूण लिहिण्यास सांगावे. येथे श्रुतलेखन अपेक्षित आहे. यासाठी आपण स्क्रीन बंद ठेऊ शकतो.','https://www.youtube.com/watch?v=kwU_OMs5h3s','Harshal raundal Std 3','विद्यार्थ्यांना अंकांचे,संख्यांचे ज्ञान होईल','2017-01-11 12:05:57','2017-01-11 12:05:57',107100,1,108100,104103,101100,1,103100,NULL),(463,'My family','कॉम्पुटर, लॅपटॉप, टॅब, मोबाईल','१) व्हिडीओ सुरु करावा. मुलांना प्रथम तो कोणतीही कृती न करता फक्त पाहण्यास सांगावे. मुले पाहतील आणि ऐकतील. यातून त्यांचे श्रवण कौशल्य विकसित होईल.\n २) व्हिडीओ पाहून झाल्यावर मुलांना त्याचा आवाज एकूण पाठीमागे म्हणण्याची सूचना करावी.\n ३) व्हिडीओ सुरु करून त्याचा आवाज बंद करावा. मुलांना पाहून तो पाहून शब्द वाचण्यास सांगावे.\n ४) त्यानंतर मुलांना आवाज बंद ठेऊन शब्द पाहून लिहिण्यास सांगावे.\n ५) आता व्हिडीओचा आवाज सुरु करावा. मुलांना एकूण लिहिण्यास सांगावे. येथे श्रुतलेखन अपेक्षित आहे. यासाठी आपण स्क्रीन बंद ठेऊ शकतो.','https://www.youtube.com/watch?v=GpKCc90707M','Harshal raundal Std3','नातेसंबंध ओळखतील','2017-01-11 12:05:57','2017-01-11 12:05:57',107100,1,108100,104100,101100,1,103100,NULL),(464,'My family','कॉम्पुटर, लॅपटॉप, टॅब, मोबाईल','१) व्हिडीओ सुरु करावा. मुलांना प्रथम तो कोणतीही कृती न करता फक्त पाहण्यास सांगावे. मुले पाहतील आणि ऐकतील. यातून त्यांचे श्रवण कौशल्य विकसित होईल.\n २) व्हिडीओ पाहून झाल्यावर मुलांना त्याचा आवाज एकूण पाठीमागे म्हणण्याची सूचना करावी.\n ३) व्हिडीओ सुरु करून त्याचा आवाज बंद करावा. मुलांना पाहून तो पाहून शब्द वाचण्यास सांगावे.\n ४) त्यानंतर मुलांना आवाज बंद ठेऊन शब्द पाहून लिहिण्यास सांगावे.\n ५) आता व्हिडीओचा आवाज सुरु करावा. मुलांना एकूण लिहिण्यास सांगावे. येथे श्रुतलेखन अपेक्षित आहे. यासाठी आपण स्क्रीन बंद ठेऊ शकतो.','https://www.youtube.com/watch?v=GpKCc90707M','Harshal raundal Std3','नातेसंबंध ओळखतील','2017-01-11 12:05:57','2017-01-11 12:05:57',107100,1,108100,104101,101100,1,103100,NULL),(465,'My family','कॉम्पुटर, लॅपटॉप, टॅब, मोबाईल','१) व्हिडीओ सुरु करावा. मुलांना प्रथम तो कोणतीही कृती न करता फक्त पाहण्यास सांगावे. मुले पाहतील आणि ऐकतील. यातून त्यांचे श्रवण कौशल्य विकसित होईल.\n २) व्हिडीओ पाहून झाल्यावर मुलांना त्याचा आवाज एकूण पाठीमागे म्हणण्याची सूचना करावी.\n ३) व्हिडीओ सुरु करून त्याचा आवाज बंद करावा. मुलांना पाहून तो पाहून शब्द वाचण्यास सांगावे.\n ४) त्यानंतर मुलांना आवाज बंद ठेऊन शब्द पाहून लिहिण्यास सांगावे.\n ५) आता व्हिडीओचा आवाज सुरु करावा. मुलांना एकूण लिहिण्यास सांगावे. येथे श्रुतलेखन अपेक्षित आहे. यासाठी आपण स्क्रीन बंद ठेऊ शकतो.','https://www.youtube.com/watch?v=GpKCc90707M','Harshal raundal Std3','नातेसंबंध ओळखतील','2017-01-11 12:05:57','2017-01-11 12:05:57',107100,1,108100,104102,101100,1,103100,NULL),(466,'My family','कॉम्पुटर, लॅपटॉप, टॅब, मोबाईल','१) व्हिडीओ सुरु करावा. मुलांना प्रथम तो कोणतीही कृती न करता फक्त पाहण्यास सांगावे. मुले पाहतील आणि ऐकतील. यातून त्यांचे श्रवण कौशल्य विकसित होईल.\n २) व्हिडीओ पाहून झाल्यावर मुलांना त्याचा आवाज एकूण पाठीमागे म्हणण्याची सूचना करावी.\n ३) व्हिडीओ सुरु करून त्याचा आवाज बंद करावा. मुलांना पाहून तो पाहून शब्द वाचण्यास सांगावे.\n ४) त्यानंतर मुलांना आवाज बंद ठेऊन शब्द पाहून लिहिण्यास सांगावे.\n ५) आता व्हिडीओचा आवाज सुरु करावा. मुलांना एकूण लिहिण्यास सांगावे. येथे श्रुतलेखन अपेक्षित आहे. यासाठी आपण स्क्रीन बंद ठेऊ शकतो.','https://www.youtube.com/watch?v=GpKCc90707M','Harshal raundal Std3','नातेसंबंध ओळखतील','2017-01-11 12:05:57','2017-01-11 12:05:57',107100,1,108100,104103,101100,1,103100,NULL),(467,'Animals','कॉम्पुटर, लॅपटॉप, टॅब, मोबाईल','१) व्हिडीओ सुरु करावा. मुलांना प्रथम तो कोणतीही कृती न करता फक्त पाहण्यास सांगावे. मुले पाहतील आणि ऐकतील. यातून त्यांचे श्रवण कौशल्य विकसित होईल.\n २) व्हिडीओ पाहून झाल्यावर मुलांना त्याचा आवाज एकूण पाठीमागे म्हणण्याची सूचना करावी.\n ३) व्हिडीओ सुरु करून त्याचा आवाज बंद करावा. मुलांना पाहून तो पाहून शब्द वाचण्यास सांगावे.\n ४) त्यानंतर मुलांना आवाज बंद ठेऊन शब्द पाहून लिहिण्यास सांगावे.\n ५) आता व्हिडीओचा आवाज सुरु करावा. मुलांना एकूण लिहिण्यास सांगावे. येथे श्रुतलेखन अपेक्षित आहे. यासाठी आपण स्क्रीन बंद ठेऊ शकतो.','https://www.youtube.com/watch?v=lL1XBEkMqgM','Harshal raundal Std 3','','2017-01-11 12:05:57','2017-01-11 12:05:57',107100,1,108100,104100,101100,1,103100,NULL),(468,'Animals','कॉम्पुटर, लॅपटॉप, टॅब, मोबाईल','१) व्हिडीओ सुरु करावा. मुलांना प्रथम तो कोणतीही कृती न करता फक्त पाहण्यास सांगावे. मुले पाहतील आणि ऐकतील. यातून त्यांचे श्रवण कौशल्य विकसित होईल.\n २) व्हिडीओ पाहून झाल्यावर मुलांना त्याचा आवाज एकूण पाठीमागे म्हणण्याची सूचना करावी.\n ३) व्हिडीओ सुरु करून त्याचा आवाज बंद करावा. मुलांना पाहून तो पाहून शब्द वाचण्यास सांगावे.\n ४) त्यानंतर मुलांना आवाज बंद ठेऊन शब्द पाहून लिहिण्यास सांगावे.\n ५) आता व्हिडीओचा आवाज सुरु करावा. मुलांना एकूण लिहिण्यास सांगावे. येथे श्रुतलेखन अपेक्षित आहे. यासाठी आपण स्क्रीन बंद ठेऊ शकतो.','https://www.youtube.com/watch?v=lL1XBEkMqgM','Harshal raundal Std 3','','2017-01-11 12:05:57','2017-01-11 12:05:57',107100,1,108100,104101,101100,1,103100,NULL),(469,'Animals','कॉम्पुटर, लॅपटॉप, टॅब, मोबाईल','१) व्हिडीओ सुरु करावा. मुलांना प्रथम तो कोणतीही कृती न करता फक्त पाहण्यास सांगावे. मुले पाहतील आणि ऐकतील. यातून त्यांचे श्रवण कौशल्य विकसित होईल.\n २) व्हिडीओ पाहून झाल्यावर मुलांना त्याचा आवाज एकूण पाठीमागे म्हणण्याची सूचना करावी.\n ३) व्हिडीओ सुरु करून त्याचा आवाज बंद करावा. मुलांना पाहून तो पाहून शब्द वाचण्यास सांगावे.\n ४) त्यानंतर मुलांना आवाज बंद ठेऊन शब्द पाहून लिहिण्यास सांगावे.\n ५) आता व्हिडीओचा आवाज सुरु करावा. मुलांना एकूण लिहिण्यास सांगावे. येथे श्रुतलेखन अपेक्षित आहे. यासाठी आपण स्क्रीन बंद ठेऊ शकतो.','https://www.youtube.com/watch?v=lL1XBEkMqgM','Harshal raundal Std 3','','2017-01-11 12:05:57','2017-01-11 12:05:57',107100,1,108100,104102,101100,1,103100,NULL),(470,'Animals','कॉम्पुटर, लॅपटॉप, टॅब, मोबाईल','१) व्हिडीओ सुरु करावा. मुलांना प्रथम तो कोणतीही कृती न करता फक्त पाहण्यास सांगावे. मुले पाहतील आणि ऐकतील. यातून त्यांचे श्रवण कौशल्य विकसित होईल.\n २) व्हिडीओ पाहून झाल्यावर मुलांना त्याचा आवाज एकूण पाठीमागे म्हणण्याची सूचना करावी.\n ३) व्हिडीओ सुरु करून त्याचा आवाज बंद करावा. मुलांना पाहून तो पाहून शब्द वाचण्यास सांगावे.\n ४) त्यानंतर मुलांना आवाज बंद ठेऊन शब्द पाहून लिहिण्यास सांगावे.\n ५) आता व्हिडीओचा आवाज सुरु करावा. मुलांना एकूण लिहिण्यास सांगावे. येथे श्रुतलेखन अपेक्षित आहे. यासाठी आपण स्क्रीन बंद ठेऊ शकतो.','https://www.youtube.com/watch?v=lL1XBEkMqgM','Harshal raundal Std 3','','2017-01-11 12:05:57','2017-01-11 12:05:57',107100,1,108100,104103,101100,1,103100,NULL),(471,'Fruits','कॉम्पुटर, लॅपटॉप, टॅब, मोबाईल','१) व्हिडीओ सुरु करावा. मुलांना प्रथम तो कोणतीही कृती न करता फक्त पाहण्यास सांगावे. मुले पाहतील आणि ऐकतील. यातून त्यांचे श्रवण कौशल्य विकसित होईल.\n २) व्हिडीओ पाहून झाल्यावर मुलांना त्याचा आवाज एकूण पाठीमागे म्हणण्याची सूचना करावी.\n ३) व्हिडीओ सुरु करून त्याचा आवाज बंद करावा. मुलांना पाहून तो पाहून शब्द वाचण्यास सांगावे.\n ४) त्यानंतर मुलांना आवाज बंद ठेऊन शब्द पाहून लिहिण्यास सांगावे.\n ५) आता व्हिडीओचा आवाज सुरु करावा. मुलांना एकूण लिहिण्यास सांगावे. येथे श्रुतलेखन अपेक्षित आहे. यासाठी आपण स्क्रीन बंद ठेऊ शकतो.','https://www.youtube.com/watch?v=JYEOkQGFweM','Harshal raundal Std 3','विद्यार्थी फ़ळांची माहिती घेतील','2017-01-11 12:05:57','2017-01-11 12:05:57',107100,1,108100,104100,101100,1,103100,NULL),(472,'Fruits','कॉम्पुटर, लॅपटॉप, टॅब, मोबाईल','१) व्हिडीओ सुरु करावा. मुलांना प्रथम तो कोणतीही कृती न करता फक्त पाहण्यास सांगावे. मुले पाहतील आणि ऐकतील. यातून त्यांचे श्रवण कौशल्य विकसित होईल.\n २) व्हिडीओ पाहून झाल्यावर मुलांना त्याचा आवाज एकूण पाठीमागे म्हणण्याची सूचना करावी.\n ३) व्हिडीओ सुरु करून त्याचा आवाज बंद करावा. मुलांना पाहून तो पाहून शब्द वाचण्यास सांगावे.\n ४) त्यानंतर मुलांना आवाज बंद ठेऊन शब्द पाहून लिहिण्यास सांगावे.\n ५) आता व्हिडीओचा आवाज सुरु करावा. मुलांना एकूण लिहिण्यास सांगावे. येथे श्रुतलेखन अपेक्षित आहे. यासाठी आपण स्क्रीन बंद ठेऊ शकतो.','https://www.youtube.com/watch?v=JYEOkQGFweM','Harshal raundal Std 3','विद्यार्थी फ़ळांची माहिती घेतील','2017-01-11 12:05:57','2017-01-11 12:05:57',107100,1,108100,104101,101100,1,103100,NULL),(473,'Fruits','कॉम्पुटर, लॅपटॉप, टॅब, मोबाईल','१) व्हिडीओ सुरु करावा. मुलांना प्रथम तो कोणतीही कृती न करता फक्त पाहण्यास सांगावे. मुले पाहतील आणि ऐकतील. यातून त्यांचे श्रवण कौशल्य विकसित होईल.\n २) व्हिडीओ पाहून झाल्यावर मुलांना त्याचा आवाज एकूण पाठीमागे म्हणण्याची सूचना करावी.\n ३) व्हिडीओ सुरु करून त्याचा आवाज बंद करावा. मुलांना पाहून तो पाहून शब्द वाचण्यास सांगावे.\n ४) त्यानंतर मुलांना आवाज बंद ठेऊन शब्द पाहून लिहिण्यास सांगावे.\n ५) आता व्हिडीओचा आवाज सुरु करावा. मुलांना एकूण लिहिण्यास सांगावे. येथे श्रुतलेखन अपेक्षित आहे. यासाठी आपण स्क्रीन बंद ठेऊ शकतो.','https://www.youtube.com/watch?v=JYEOkQGFweM','Harshal raundal Std 3','विद्यार्थी फ़ळांची माहिती घेतील','2017-01-11 12:05:57','2017-01-11 12:05:57',107100,1,108100,104102,101100,1,103100,NULL),(474,'Fruits','कॉम्पुटर, लॅपटॉप, टॅब, मोबाईल','१) व्हिडीओ सुरु करावा. मुलांना प्रथम तो कोणतीही कृती न करता फक्त पाहण्यास सांगावे. मुले पाहतील आणि ऐकतील. यातून त्यांचे श्रवण कौशल्य विकसित होईल.\n २) व्हिडीओ पाहून झाल्यावर मुलांना त्याचा आवाज एकूण पाठीमागे म्हणण्याची सूचना करावी.\n ३) व्हिडीओ सुरु करून त्याचा आवाज बंद करावा. मुलांना पाहून तो पाहून शब्द वाचण्यास सांगावे.\n ४) त्यानंतर मुलांना आवाज बंद ठेऊन शब्द पाहून लिहिण्यास सांगावे.\n ५) आता व्हिडीओचा आवाज सुरु करावा. मुलांना एकूण लिहिण्यास सांगावे. येथे श्रुतलेखन अपेक्षित आहे. यासाठी आपण स्क्रीन बंद ठेऊ शकतो.','https://www.youtube.com/watch?v=JYEOkQGFweM','Harshal raundal Std 3','विद्यार्थी फ़ळांची माहिती घेतील','2017-01-11 12:05:57','2017-01-11 12:05:57',107100,1,108100,104103,101100,1,103100,NULL),(475,'fruits 1','कॉम्पुटर, लॅपटॉप, टॅब, मोबाईल','१) व्हिडीओ सुरु करावा. मुलांना प्रथम तो कोणतीही कृती न करता फक्त पाहण्यास सांगावे. मुले पाहतील आणि ऐकतील. यातून त्यांचे श्रवण कौशल्य विकसित होईल.\n २) व्हिडीओ पाहून झाल्यावर मुलांना त्याचा आवाज एकूण पाठीमागे म्हणण्याची सूचना करावी.\n ३) व्हिडीओ सुरु करून त्याचा आवाज बंद करावा. मुलांना पाहून तो पाहून शब्द वाचण्यास सांगावे.\n ४) त्यानंतर मुलांना आवाज बंद ठेऊन शब्द पाहून लिहिण्यास सांगावे.\n ५) आता व्हिडीओचा आवाज सुरु करावा. मुलांना एकूण लिहिण्यास सांगावे. येथे श्रुतलेखन अपेक्षित आहे. यासाठी आपण स्क्रीन बंद ठेऊ शकतो.','https://www.youtube.com/watch?v=GxIlTWXoewg','Harshal raundal Std 3','विद्यार्थी फ़ळांची माहिती घेतील','2017-01-11 12:05:57','2017-01-11 12:05:57',107100,1,108100,104100,101100,1,103100,NULL),(476,'fruits 1','कॉम्पुटर, लॅपटॉप, टॅब, मोबाईल','१) व्हिडीओ सुरु करावा. मुलांना प्रथम तो कोणतीही कृती न करता फक्त पाहण्यास सांगावे. मुले पाहतील आणि ऐकतील. यातून त्यांचे श्रवण कौशल्य विकसित होईल.\n २) व्हिडीओ पाहून झाल्यावर मुलांना त्याचा आवाज एकूण पाठीमागे म्हणण्याची सूचना करावी.\n ३) व्हिडीओ सुरु करून त्याचा आवाज बंद करावा. मुलांना पाहून तो पाहून शब्द वाचण्यास सांगावे.\n ४) त्यानंतर मुलांना आवाज बंद ठेऊन शब्द पाहून लिहिण्यास सांगावे.\n ५) आता व्हिडीओचा आवाज सुरु करावा. मुलांना एकूण लिहिण्यास सांगावे. येथे श्रुतलेखन अपेक्षित आहे. यासाठी आपण स्क्रीन बंद ठेऊ शकतो.','https://www.youtube.com/watch?v=GxIlTWXoewg','Harshal raundal Std 3','विद्यार्थी फ़ळांची माहिती घेतील','2017-01-11 12:05:57','2017-01-11 12:05:57',107100,1,108100,104101,101100,1,103100,NULL),(477,'fruits 1','कॉम्पुटर, लॅपटॉप, टॅब, मोबाईल','१) व्हिडीओ सुरु करावा. मुलांना प्रथम तो कोणतीही कृती न करता फक्त पाहण्यास सांगावे. मुले पाहतील आणि ऐकतील. यातून त्यांचे श्रवण कौशल्य विकसित होईल.\n २) व्हिडीओ पाहून झाल्यावर मुलांना त्याचा आवाज एकूण पाठीमागे म्हणण्याची सूचना करावी.\n ३) व्हिडीओ सुरु करून त्याचा आवाज बंद करावा. मुलांना पाहून तो पाहून शब्द वाचण्यास सांगावे.\n ४) त्यानंतर मुलांना आवाज बंद ठेऊन शब्द पाहून लिहिण्यास सांगावे.\n ५) आता व्हिडीओचा आवाज सुरु करावा. मुलांना एकूण लिहिण्यास सांगावे. येथे श्रुतलेखन अपेक्षित आहे. यासाठी आपण स्क्रीन बंद ठेऊ शकतो.','https://www.youtube.com/watch?v=GxIlTWXoewg','Harshal raundal Std 3','विद्यार्थी फ़ळांची माहिती घेतील','2017-01-11 12:05:57','2017-01-11 12:05:57',107100,1,108100,104102,101100,1,103100,NULL),(478,'fruits 1','कॉम्पुटर, लॅपटॉप, टॅब, मोबाईल','१) व्हिडीओ सुरु करावा. मुलांना प्रथम तो कोणतीही कृती न करता फक्त पाहण्यास सांगावे. मुले पाहतील आणि ऐकतील. यातून त्यांचे श्रवण कौशल्य विकसित होईल.\n २) व्हिडीओ पाहून झाल्यावर मुलांना त्याचा आवाज एकूण पाठीमागे म्हणण्याची सूचना करावी.\n ३) व्हिडीओ सुरु करून त्याचा आवाज बंद करावा. मुलांना पाहून तो पाहून शब्द वाचण्यास सांगावे.\n ४) त्यानंतर मुलांना आवाज बंद ठेऊन शब्द पाहून लिहिण्यास सांगावे.\n ५) आता व्हिडीओचा आवाज सुरु करावा. मुलांना एकूण लिहिण्यास सांगावे. येथे श्रुतलेखन अपेक्षित आहे. यासाठी आपण स्क्रीन बंद ठेऊ शकतो.','https://www.youtube.com/watch?v=GxIlTWXoewg','Harshal raundal Std 3','विद्यार्थी फ़ळांची माहिती घेतील','2017-01-11 12:05:57','2017-01-11 12:05:57',107100,1,108100,104103,101100,1,103100,NULL),(479,'flowers','कॉम्पुटर, लॅपटॉप, टॅब, मोबाईल','१) व्हिडीओ सुरु करावा. मुलांना प्रथम तो कोणतीही कृती न करता फक्त पाहण्यास सांगावे. मुले पाहतील आणि ऐकतील. यातून त्यांचे श्रवण कौशल्य विकसित होईल.\n २) व्हिडीओ पाहून झाल्यावर मुलांना त्याचा आवाज एकूण पाठीमागे म्हणण्याची सूचना करावी.\n ३) व्हिडीओ सुरु करून त्याचा आवाज बंद करावा. मुलांना पाहून तो पाहून शब्द वाचण्यास सांगावे.\n ४) त्यानंतर मुलांना आवाज बंद ठेऊन शब्द पाहून लिहिण्यास सांगावे.\n ५) आता व्हिडीओचा आवाज सुरु करावा. मुलांना एकूण लिहिण्यास सांगावे. येथे श्रुतलेखन अपेक्षित आहे. यासाठी आपण स्क्रीन बंद ठेऊ शकतो.','https://www.youtube.com/watch?v=DU6WpniZ4ik','Harshal raundal Std 3','विद्यार्थी फ़ळांची माहिती घेतील','2017-01-11 12:05:57','2017-01-11 12:05:57',107100,1,108100,104100,101100,1,103100,NULL),(480,'flowers','कॉम्पुटर, लॅपटॉप, टॅब, मोबाईल','१) व्हिडीओ सुरु करावा. मुलांना प्रथम तो कोणतीही कृती न करता फक्त पाहण्यास सांगावे. मुले पाहतील आणि ऐकतील. यातून त्यांचे श्रवण कौशल्य विकसित होईल.\n २) व्हिडीओ पाहून झाल्यावर मुलांना त्याचा आवाज एकूण पाठीमागे म्हणण्याची सूचना करावी.\n ३) व्हिडीओ सुरु करून त्याचा आवाज बंद करावा. मुलांना पाहून तो पाहून शब्द वाचण्यास सांगावे.\n ४) त्यानंतर मुलांना आवाज बंद ठेऊन शब्द पाहून लिहिण्यास सांगावे.\n ५) आता व्हिडीओचा आवाज सुरु करावा. मुलांना एकूण लिहिण्यास सांगावे. येथे श्रुतलेखन अपेक्षित आहे. यासाठी आपण स्क्रीन बंद ठेऊ शकतो.','https://www.youtube.com/watch?v=DU6WpniZ4ik','Harshal raundal Std 3','विद्यार्थी फ़ळांची माहिती घेतील','2017-01-11 12:05:57','2017-01-11 12:05:57',107100,1,108100,104101,101100,1,103100,NULL),(481,'flowers','कॉम्पुटर, लॅपटॉप, टॅब, मोबाईल','१) व्हिडीओ सुरु करावा. मुलांना प्रथम तो कोणतीही कृती न करता फक्त पाहण्यास सांगावे. मुले पाहतील आणि ऐकतील. यातून त्यांचे श्रवण कौशल्य विकसित होईल.\n २) व्हिडीओ पाहून झाल्यावर मुलांना त्याचा आवाज एकूण पाठीमागे म्हणण्याची सूचना करावी.\n ३) व्हिडीओ सुरु करून त्याचा आवाज बंद करावा. मुलांना पाहून तो पाहून शब्द वाचण्यास सांगावे.\n ४) त्यानंतर मुलांना आवाज बंद ठेऊन शब्द पाहून लिहिण्यास सांगावे.\n ५) आता व्हिडीओचा आवाज सुरु करावा. मुलांना एकूण लिहिण्यास सांगावे. येथे श्रुतलेखन अपेक्षित आहे. यासाठी आपण स्क्रीन बंद ठेऊ शकतो.','https://www.youtube.com/watch?v=DU6WpniZ4ik','Harshal raundal Std 3','विद्यार्थी फ़ळांची माहिती घेतील','2017-01-11 12:05:57','2017-01-11 12:05:57',107100,1,108100,104102,101100,1,103100,NULL),(482,'flowers','कॉम्पुटर, लॅपटॉप, टॅब, मोबाईल','१) व्हिडीओ सुरु करावा. मुलांना प्रथम तो कोणतीही कृती न करता फक्त पाहण्यास सांगावे. मुले पाहतील आणि ऐकतील. यातून त्यांचे श्रवण कौशल्य विकसित होईल.\n २) व्हिडीओ पाहून झाल्यावर मुलांना त्याचा आवाज एकूण पाठीमागे म्हणण्याची सूचना करावी.\n ३) व्हिडीओ सुरु करून त्याचा आवाज बंद करावा. मुलांना पाहून तो पाहून शब्द वाचण्यास सांगावे.\n ४) त्यानंतर मुलांना आवाज बंद ठेऊन शब्द पाहून लिहिण्यास सांगावे.\n ५) आता व्हिडीओचा आवाज सुरु करावा. मुलांना एकूण लिहिण्यास सांगावे. येथे श्रुतलेखन अपेक्षित आहे. यासाठी आपण स्क्रीन बंद ठेऊ शकतो.','https://www.youtube.com/watch?v=DU6WpniZ4ik','Harshal raundal Std 3','विद्यार्थी फ़ळांची माहिती घेतील','2017-01-11 12:05:57','2017-01-11 12:05:57',107100,1,108100,104103,101100,1,103100,NULL),(483,'days of the week','कॉम्पुटर, लॅपटॉप, टॅब, मोबाईल','१) व्हिडीओ सुरु करावा. मुलांना प्रथम तो कोणतीही कृती न करता फक्त पाहण्यास सांगावे. मुले पाहतील आणि ऐकतील. यातून त्यांचे श्रवण कौशल्य विकसित होईल.\n २) व्हिडीओ पाहून झाल्यावर मुलांना त्याचा आवाज एकूण पाठीमागे म्हणण्याची सूचना करावी.\n ३) व्हिडीओ सुरु करून त्याचा आवाज बंद करावा. मुलांना पाहून तो पाहून शब्द वाचण्यास सांगावे.\n ४) त्यानंतर मुलांना आवाज बंद ठेऊन शब्द पाहून लिहिण्यास सांगावे.\n ५) आता व्हिडीओचा आवाज सुरु करावा. मुलांना एकूण लिहिण्यास सांगावे. येथे श्रुतलेखन अपेक्षित आहे. यासाठी आपण स्क्रीन बंद ठेऊ शकतो.','https://www.youtube.com/watch?v=WXmElSFmtmM','Harshal raundal Std 3','विद्यार्थी आठवड्याची माहिती घेतील','2017-01-11 12:05:57','2017-01-11 12:05:57',107100,1,108100,104100,101100,1,103100,NULL),(484,'days of the week','कॉम्पुटर, लॅपटॉप, टॅब, मोबाईल','१) व्हिडीओ सुरु करावा. मुलांना प्रथम तो कोणतीही कृती न करता फक्त पाहण्यास सांगावे. मुले पाहतील आणि ऐकतील. यातून त्यांचे श्रवण कौशल्य विकसित होईल.\n २) व्हिडीओ पाहून झाल्यावर मुलांना त्याचा आवाज एकूण पाठीमागे म्हणण्याची सूचना करावी.\n ३) व्हिडीओ सुरु करून त्याचा आवाज बंद करावा. मुलांना पाहून तो पाहून शब्द वाचण्यास सांगावे.\n ४) त्यानंतर मुलांना आवाज बंद ठेऊन शब्द पाहून लिहिण्यास सांगावे.\n ५) आता व्हिडीओचा आवाज सुरु करावा. मुलांना एकूण लिहिण्यास सांगावे. येथे श्रुतलेखन अपेक्षित आहे. यासाठी आपण स्क्रीन बंद ठेऊ शकतो.','https://www.youtube.com/watch?v=WXmElSFmtmM','Harshal raundal Std 3','विद्यार्थी आठवड्याची माहिती घेतील','2017-01-11 12:05:57','2017-01-11 12:05:57',107100,1,108100,104101,101100,1,103100,NULL),(485,'days of the week','कॉम्पुटर, लॅपटॉप, टॅब, मोबाईल','१) व्हिडीओ सुरु करावा. मुलांना प्रथम तो कोणतीही कृती न करता फक्त पाहण्यास सांगावे. मुले पाहतील आणि ऐकतील. यातून त्यांचे श्रवण कौशल्य विकसित होईल.\n २) व्हिडीओ पाहून झाल्यावर मुलांना त्याचा आवाज एकूण पाठीमागे म्हणण्याची सूचना करावी.\n ३) व्हिडीओ सुरु करून त्याचा आवाज बंद करावा. मुलांना पाहून तो पाहून शब्द वाचण्यास सांगावे.\n ४) त्यानंतर मुलांना आवाज बंद ठेऊन शब्द पाहून लिहिण्यास सांगावे.\n ५) आता व्हिडीओचा आवाज सुरु करावा. मुलांना एकूण लिहिण्यास सांगावे. येथे श्रुतलेखन अपेक्षित आहे. यासाठी आपण स्क्रीन बंद ठेऊ शकतो.','https://www.youtube.com/watch?v=WXmElSFmtmM','Harshal raundal Std 3','विद्यार्थी आठवड्याची माहिती घेतील','2017-01-11 12:05:57','2017-01-11 12:05:57',107100,1,108100,104102,101100,1,103100,NULL),(486,'days of the week','कॉम्पुटर, लॅपटॉप, टॅब, मोबाईल','१) व्हिडीओ सुरु करावा. मुलांना प्रथम तो कोणतीही कृती न करता फक्त पाहण्यास सांगावे. मुले पाहतील आणि ऐकतील. यातून त्यांचे श्रवण कौशल्य विकसित होईल.\n २) व्हिडीओ पाहून झाल्यावर मुलांना त्याचा आवाज एकूण पाठीमागे म्हणण्याची सूचना करावी.\n ३) व्हिडीओ सुरु करून त्याचा आवाज बंद करावा. मुलांना पाहून तो पाहून शब्द वाचण्यास सांगावे.\n ४) त्यानंतर मुलांना आवाज बंद ठेऊन शब्द पाहून लिहिण्यास सांगावे.\n ५) आता व्हिडीओचा आवाज सुरु करावा. मुलांना एकूण लिहिण्यास सांगावे. येथे श्रुतलेखन अपेक्षित आहे. यासाठी आपण स्क्रीन बंद ठेऊ शकतो.','https://www.youtube.com/watch?v=WXmElSFmtmM','Harshal raundal Std 3','विद्यार्थी आठवड्याची माहिती घेतील','2017-01-11 12:05:57','2017-01-11 12:05:57',107100,1,108100,104103,101100,1,103100,NULL),(487,'Body parts','कॉम्पुटर, लॅपटॉप, टॅब, मोबाईल','१) व्हिडीओ सुरु करावा. मुलांना प्रथम तो कोणतीही कृती न करता फक्त पाहण्यास सांगावे. मुले पाहतील आणि ऐकतील. यातून त्यांचे श्रवण कौशल्य विकसित होईल.\n २) व्हिडीओ पाहून झाल्यावर मुलांना त्याचा आवाज एकूण पाठीमागे म्हणण्याची सूचना करावी.\n ३) व्हिडीओ सुरु करून त्याचा आवाज बंद करावा. मुलांना पाहून तो पाहून शब्द वाचण्यास सांगावे.\n ४) त्यानंतर मुलांना आवाज बंद ठेऊन शब्द पाहून लिहिण्यास सांगावे.\n ५) आता व्हिडीओचा आवाज सुरु करावा. मुलांना एकूण लिहिण्यास सांगावे. येथे श्रुतलेखन अपेक्षित आहे. यासाठी आपण स्क्रीन बंद ठेऊ शकतो.','https://www.youtube.com/watch?v=gGFqHjssoAE','Harshal raundal Std 3','विद्यार्थी शरीराची माहिती घेतील','2017-01-11 12:05:57','2017-01-11 12:05:57',107100,1,108100,104100,101100,1,103100,NULL),(488,'Body parts','कॉम्पुटर, लॅपटॉप, टॅब, मोबाईल','१) व्हिडीओ सुरु करावा. मुलांना प्रथम तो कोणतीही कृती न करता फक्त पाहण्यास सांगावे. मुले पाहतील आणि ऐकतील. यातून त्यांचे श्रवण कौशल्य विकसित होईल.\n २) व्हिडीओ पाहून झाल्यावर मुलांना त्याचा आवाज एकूण पाठीमागे म्हणण्याची सूचना करावी.\n ३) व्हिडीओ सुरु करून त्याचा आवाज बंद करावा. मुलांना पाहून तो पाहून शब्द वाचण्यास सांगावे.\n ४) त्यानंतर मुलांना आवाज बंद ठेऊन शब्द पाहून लिहिण्यास सांगावे.\n ५) आता व्हिडीओचा आवाज सुरु करावा. मुलांना एकूण लिहिण्यास सांगावे. येथे श्रुतलेखन अपेक्षित आहे. यासाठी आपण स्क्रीन बंद ठेऊ शकतो.','https://www.youtube.com/watch?v=gGFqHjssoAE','Harshal raundal Std 3','विद्यार्थी शरीराची माहिती घेतील','2017-01-11 12:05:57','2017-01-11 12:05:57',107100,1,108100,104101,101100,1,103100,NULL),(489,'Body parts','कॉम्पुटर, लॅपटॉप, टॅब, मोबाईल','१) व्हिडीओ सुरु करावा. मुलांना प्रथम तो कोणतीही कृती न करता फक्त पाहण्यास सांगावे. मुले पाहतील आणि ऐकतील. यातून त्यांचे श्रवण कौशल्य विकसित होईल.\n २) व्हिडीओ पाहून झाल्यावर मुलांना त्याचा आवाज एकूण पाठीमागे म्हणण्याची सूचना करावी.\n ३) व्हिडीओ सुरु करून त्याचा आवाज बंद करावा. मुलांना पाहून तो पाहून शब्द वाचण्यास सांगावे.\n ४) त्यानंतर मुलांना आवाज बंद ठेऊन शब्द पाहून लिहिण्यास सांगावे.\n ५) आता व्हिडीओचा आवाज सुरु करावा. मुलांना एकूण लिहिण्यास सांगावे. येथे श्रुतलेखन अपेक्षित आहे. यासाठी आपण स्क्रीन बंद ठेऊ शकतो.','https://www.youtube.com/watch?v=gGFqHjssoAE','Harshal raundal Std 3','विद्यार्थी शरीराची माहिती घेतील','2017-01-11 12:05:57','2017-01-11 12:05:57',107100,1,108100,104102,101100,1,103100,NULL),(490,'Body parts','कॉम्पुटर, लॅपटॉप, टॅब, मोबाईल','१) व्हिडीओ सुरु करावा. मुलांना प्रथम तो कोणतीही कृती न करता फक्त पाहण्यास सांगावे. मुले पाहतील आणि ऐकतील. यातून त्यांचे श्रवण कौशल्य विकसित होईल.\n २) व्हिडीओ पाहून झाल्यावर मुलांना त्याचा आवाज एकूण पाठीमागे म्हणण्याची सूचना करावी.\n ३) व्हिडीओ सुरु करून त्याचा आवाज बंद करावा. मुलांना पाहून तो पाहून शब्द वाचण्यास सांगावे.\n ४) त्यानंतर मुलांना आवाज बंद ठेऊन शब्द पाहून लिहिण्यास सांगावे.\n ५) आता व्हिडीओचा आवाज सुरु करावा. मुलांना एकूण लिहिण्यास सांगावे. येथे श्रुतलेखन अपेक्षित आहे. यासाठी आपण स्क्रीन बंद ठेऊ शकतो.','https://www.youtube.com/watch?v=gGFqHjssoAE','Harshal raundal Std 3','विद्यार्थी शरीराची माहिती घेतील','2017-01-11 12:05:57','2017-01-11 12:05:57',107100,1,108100,104103,101100,1,103100,NULL),(491,'Table 2','कॉम्पुटर, लॅपटॉप, टॅब, मोबाईल','१) व्हिडीओ सुरु करावा. मुलांना प्रथम तो कोणतीही कृती न करता फक्त पाहण्यास सांगावे. मुले पाहतील आणि ऐकतील. यातून त्यांचे श्रवण कौशल्य विकसित होईल.\n २) व्हिडीओ पाहून झाल्यावर मुलांना त्याचा आवाज एकूण पाठीमागे म्हणण्याची सूचना करावी.\n ३) व्हिडीओ सुरु करून त्याचा आवाज बंद करावा. मुलांना पाहून तो पाहून शब्द वाचण्यास सांगावे.\n ४) त्यानंतर मुलांना आवाज बंद ठेऊन शब्द पाहून लिहिण्यास सांगावे.\n ५) आता व्हिडीओचा आवाज सुरु करावा. मुलांना एकूण लिहिण्यास सांगावे. येथे श्रुतलेखन अपेक्षित आहे. यासाठी आपण स्क्रीन बंद ठेऊ शकतो.','https://www.youtube.com/watch?v=bf308KXLwag','Harshal raundal Std 3','विद्यार्थी इंग्रजीतुन पाढे म्हणेल,लिहिल,वाचेल','2017-01-11 12:05:57','2017-01-11 12:05:57',107100,1,108100,104100,101100,1,103100,NULL),(492,'Table 2','कॉम्पुटर, लॅपटॉप, टॅब, मोबाईल','१) व्हिडीओ सुरु करावा. मुलांना प्रथम तो कोणतीही कृती न करता फक्त पाहण्यास सांगावे. मुले पाहतील आणि ऐकतील. यातून त्यांचे श्रवण कौशल्य विकसित होईल.\n २) व्हिडीओ पाहून झाल्यावर मुलांना त्याचा आवाज एकूण पाठीमागे म्हणण्याची सूचना करावी.\n ३) व्हिडीओ सुरु करून त्याचा आवाज बंद करावा. मुलांना पाहून तो पाहून शब्द वाचण्यास सांगावे.\n ४) त्यानंतर मुलांना आवाज बंद ठेऊन शब्द पाहून लिहिण्यास सांगावे.\n ५) आता व्हिडीओचा आवाज सुरु करावा. मुलांना एकूण लिहिण्यास सांगावे. येथे श्रुतलेखन अपेक्षित आहे. यासाठी आपण स्क्रीन बंद ठेऊ शकतो.','https://www.youtube.com/watch?v=bf308KXLwag','Harshal raundal Std 3','विद्यार्थी इंग्रजीतुन पाढे म्हणेल,लिहिल,वाचेल','2017-01-11 12:05:57','2017-01-11 12:05:57',107100,1,108100,104101,101100,1,103100,NULL),(493,'Table 2','कॉम्पुटर, लॅपटॉप, टॅब, मोबाईल','१) व्हिडीओ सुरु करावा. मुलांना प्रथम तो कोणतीही कृती न करता फक्त पाहण्यास सांगावे. मुले पाहतील आणि ऐकतील. यातून त्यांचे श्रवण कौशल्य विकसित होईल.\n २) व्हिडीओ पाहून झाल्यावर मुलांना त्याचा आवाज एकूण पाठीमागे म्हणण्याची सूचना करावी.\n ३) व्हिडीओ सुरु करून त्याचा आवाज बंद करावा. मुलांना पाहून तो पाहून शब्द वाचण्यास सांगावे.\n ४) त्यानंतर मुलांना आवाज बंद ठेऊन शब्द पाहून लिहिण्यास सांगावे.\n ५) आता व्हिडीओचा आवाज सुरु करावा. मुलांना एकूण लिहिण्यास सांगावे. येथे श्रुतलेखन अपेक्षित आहे. यासाठी आपण स्क्रीन बंद ठेऊ शकतो.','https://www.youtube.com/watch?v=bf308KXLwag','Harshal raundal Std 3','विद्यार्थी इंग्रजीतुन पाढे म्हणेल,लिहिल,वाचेल','2017-01-11 12:05:57','2017-01-11 12:05:57',107100,1,108100,104102,101100,1,103100,NULL),(494,'Table 2','कॉम्पुटर, लॅपटॉप, टॅब, मोबाईल','१) व्हिडीओ सुरु करावा. मुलांना प्रथम तो कोणतीही कृती न करता फक्त पाहण्यास सांगावे. मुले पाहतील आणि ऐकतील. यातून त्यांचे श्रवण कौशल्य विकसित होईल.\n २) व्हिडीओ पाहून झाल्यावर मुलांना त्याचा आवाज एकूण पाठीमागे म्हणण्याची सूचना करावी.\n ३) व्हिडीओ सुरु करून त्याचा आवाज बंद करावा. मुलांना पाहून तो पाहून शब्द वाचण्यास सांगावे.\n ४) त्यानंतर मुलांना आवाज बंद ठेऊन शब्द पाहून लिहिण्यास सांगावे.\n ५) आता व्हिडीओचा आवाज सुरु करावा. मुलांना एकूण लिहिण्यास सांगावे. येथे श्रुतलेखन अपेक्षित आहे. यासाठी आपण स्क्रीन बंद ठेऊ शकतो.','https://www.youtube.com/watch?v=bf308KXLwag','Harshal raundal Std 3','विद्यार्थी इंग्रजीतुन पाढे म्हणेल,लिहिल,वाचेल','2017-01-11 12:05:57','2017-01-11 12:05:57',107100,1,108100,104103,101100,1,103100,NULL),(495,'Table 3','कॉम्पुटर, लॅपटॉप, टॅब, मोबाईल','१) व्हिडीओ सुरु करावा. मुलांना प्रथम तो कोणतीही कृती न करता फक्त पाहण्यास सांगावे. मुले पाहतील आणि ऐकतील. यातून त्यांचे श्रवण कौशल्य विकसित होईल.\n २) व्हिडीओ पाहून झाल्यावर मुलांना त्याचा आवाज एकूण पाठीमागे म्हणण्याची सूचना करावी.\n ३) व्हिडीओ सुरु करून त्याचा आवाज बंद करावा. मुलांना पाहून तो पाहून शब्द वाचण्यास सांगावे.\n ४) त्यानंतर मुलांना आवाज बंद ठेऊन शब्द पाहून लिहिण्यास सांगावे.\n ५) आता व्हिडीओचा आवाज सुरु करावा. मुलांना एकूण लिहिण्यास सांगावे. येथे श्रुतलेखन अपेक्षित आहे. यासाठी आपण स्क्रीन बंद ठेऊ शकतो.','https://www.youtube.com/watch?v=k_tQOGCHTNk','Harshal raundal Std 3','विद्यार्थी इंग्रजीतुन पाढे म्हणेल,लिहिल,वाचेल','2017-01-11 12:05:57','2017-01-11 12:05:57',107100,1,108100,104100,101100,1,103100,NULL),(496,'Table 3','कॉम्पुटर, लॅपटॉप, टॅब, मोबाईल','१) व्हिडीओ सुरु करावा. मुलांना प्रथम तो कोणतीही कृती न करता फक्त पाहण्यास सांगावे. मुले पाहतील आणि ऐकतील. यातून त्यांचे श्रवण कौशल्य विकसित होईल.\n २) व्हिडीओ पाहून झाल्यावर मुलांना त्याचा आवाज एकूण पाठीमागे म्हणण्याची सूचना करावी.\n ३) व्हिडीओ सुरु करून त्याचा आवाज बंद करावा. मुलांना पाहून तो पाहून शब्द वाचण्यास सांगावे.\n ४) त्यानंतर मुलांना आवाज बंद ठेऊन शब्द पाहून लिहिण्यास सांगावे.\n ५) आता व्हिडीओचा आवाज सुरु करावा. मुलांना एकूण लिहिण्यास सांगावे. येथे श्रुतलेखन अपेक्षित आहे. यासाठी आपण स्क्रीन बंद ठेऊ शकतो.','https://www.youtube.com/watch?v=k_tQOGCHTNk','Harshal raundal Std 3','विद्यार्थी इंग्रजीतुन पाढे म्हणेल,लिहिल,वाचेल','2017-01-11 12:05:57','2017-01-11 12:05:57',107100,1,108100,104101,101100,1,103100,NULL),(497,'Table 3','कॉम्पुटर, लॅपटॉप, टॅब, मोबाईल','१) व्हिडीओ सुरु करावा. मुलांना प्रथम तो कोणतीही कृती न करता फक्त पाहण्यास सांगावे. मुले पाहतील आणि ऐकतील. यातून त्यांचे श्रवण कौशल्य विकसित होईल.\n २) व्हिडीओ पाहून झाल्यावर मुलांना त्याचा आवाज एकूण पाठीमागे म्हणण्याची सूचना करावी.\n ३) व्हिडीओ सुरु करून त्याचा आवाज बंद करावा. मुलांना पाहून तो पाहून शब्द वाचण्यास सांगावे.\n ४) त्यानंतर मुलांना आवाज बंद ठेऊन शब्द पाहून लिहिण्यास सांगावे.\n ५) आता व्हिडीओचा आवाज सुरु करावा. मुलांना एकूण लिहिण्यास सांगावे. येथे श्रुतलेखन अपेक्षित आहे. यासाठी आपण स्क्रीन बंद ठेऊ शकतो.','https://www.youtube.com/watch?v=k_tQOGCHTNk','Harshal raundal Std 3','विद्यार्थी इंग्रजीतुन पाढे म्हणेल,लिहिल,वाचेल','2017-01-11 12:05:57','2017-01-11 12:05:57',107100,1,108100,104102,101100,1,103100,NULL),(498,'Table 3','कॉम्पुटर, लॅपटॉप, टॅब, मोबाईल','१) व्हिडीओ सुरु करावा. मुलांना प्रथम तो कोणतीही कृती न करता फक्त पाहण्यास सांगावे. मुले पाहतील आणि ऐकतील. यातून त्यांचे श्रवण कौशल्य विकसित होईल.\n २) व्हिडीओ पाहून झाल्यावर मुलांना त्याचा आवाज एकूण पाठीमागे म्हणण्याची सूचना करावी.\n ३) व्हिडीओ सुरु करून त्याचा आवाज बंद करावा. मुलांना पाहून तो पाहून शब्द वाचण्यास सांगावे.\n ४) त्यानंतर मुलांना आवाज बंद ठेऊन शब्द पाहून लिहिण्यास सांगावे.\n ५) आता व्हिडीओचा आवाज सुरु करावा. मुलांना एकूण लिहिण्यास सांगावे. येथे श्रुतलेखन अपेक्षित आहे. यासाठी आपण स्क्रीन बंद ठेऊ शकतो.','https://www.youtube.com/watch?v=k_tQOGCHTNk','Harshal raundal Std 3','विद्यार्थी इंग्रजीतुन पाढे म्हणेल,लिहिल,वाचेल','2017-01-11 12:05:57','2017-01-11 12:05:57',107100,1,108100,104103,101100,1,103100,NULL),(499,'Table 4','कॉम्पुटर, लॅपटॉप, टॅब, मोबाईल','१) व्हिडीओ सुरु करावा. मुलांना प्रथम तो कोणतीही कृती न करता फक्त पाहण्यास सांगावे. मुले पाहतील आणि ऐकतील. यातून त्यांचे श्रवण कौशल्य विकसित होईल.\n २) व्हिडीओ पाहून झाल्यावर मुलांना त्याचा आवाज एकूण पाठीमागे म्हणण्याची सूचना करावी.\n ३) व्हिडीओ सुरु करून त्याचा आवाज बंद करावा. मुलांना पाहून तो पाहून शब्द वाचण्यास सांगावे.\n ४) त्यानंतर मुलांना आवाज बंद ठेऊन शब्द पाहून लिहिण्यास सांगावे.\n ५) आता व्हिडीओचा आवाज सुरु करावा. मुलांना एकूण लिहिण्यास सांगावे. येथे श्रुतलेखन अपेक्षित आहे. यासाठी आपण स्क्रीन बंद ठेऊ शकतो.','https://www.youtube.com/watch?v=IgcD4WNVfcA','Harshal raundal Std 3','विद्यार्थी इंग्रजीतुन पाढे म्हणेल,लिहिल,वाचेल','2017-01-11 12:05:57','2017-01-11 12:05:57',107100,1,108100,104100,101100,1,103100,NULL),(500,'Table 4','कॉम्पुटर, लॅपटॉप, टॅब, मोबाईल','१) व्हिडीओ सुरु करावा. मुलांना प्रथम तो कोणतीही कृती न करता फक्त पाहण्यास सांगावे. मुले पाहतील आणि ऐकतील. यातून त्यांचे श्रवण कौशल्य विकसित होईल.\n २) व्हिडीओ पाहून झाल्यावर मुलांना त्याचा आवाज एकूण पाठीमागे म्हणण्याची सूचना करावी.\n ३) व्हिडीओ सुरु करून त्याचा आवाज बंद करावा. मुलांना पाहून तो पाहून शब्द वाचण्यास सांगावे.\n ४) त्यानंतर मुलांना आवाज बंद ठेऊन शब्द पाहून लिहिण्यास सांगावे.\n ५) आता व्हिडीओचा आवाज सुरु करावा. मुलांना एकूण लिहिण्यास सांगावे. येथे श्रुतलेखन अपेक्षित आहे. यासाठी आपण स्क्रीन बंद ठेऊ शकतो.','https://www.youtube.com/watch?v=IgcD4WNVfcA','Harshal raundal Std 3','विद्यार्थी इंग्रजीतुन पाढे म्हणेल,लिहिल,वाचेल','2017-01-11 12:05:57','2017-01-11 12:05:57',107100,1,108100,104101,101100,1,103100,NULL),(501,'Table 4','कॉम्पुटर, लॅपटॉप, टॅब, मोबाईल','१) व्हिडीओ सुरु करावा. मुलांना प्रथम तो कोणतीही कृती न करता फक्त पाहण्यास सांगावे. मुले पाहतील आणि ऐकतील. यातून त्यांचे श्रवण कौशल्य विकसित होईल.\n २) व्हिडीओ पाहून झाल्यावर मुलांना त्याचा आवाज एकूण पाठीमागे म्हणण्याची सूचना करावी.\n ३) व्हिडीओ सुरु करून त्याचा आवाज बंद करावा. मुलांना पाहून तो पाहून शब्द वाचण्यास सांगावे.\n ४) त्यानंतर मुलांना आवाज बंद ठेऊन शब्द पाहून लिहिण्यास सांगावे.\n ५) आता व्हिडीओचा आवाज सुरु करावा. मुलांना एकूण लिहिण्यास सांगावे. येथे श्रुतलेखन अपेक्षित आहे. यासाठी आपण स्क्रीन बंद ठेऊ शकतो.','https://www.youtube.com/watch?v=IgcD4WNVfcA','Harshal raundal Std 3','विद्यार्थी इंग्रजीतुन पाढे म्हणेल,लिहिल,वाचेल','2017-01-11 12:05:57','2017-01-11 12:05:57',107100,1,108100,104102,101100,1,103100,NULL),(502,'Table 4','कॉम्पुटर, लॅपटॉप, टॅब, मोबाईल','१) व्हिडीओ सुरु करावा. मुलांना प्रथम तो कोणतीही कृती न करता फक्त पाहण्यास सांगावे. मुले पाहतील आणि ऐकतील. यातून त्यांचे श्रवण कौशल्य विकसित होईल.\n २) व्हिडीओ पाहून झाल्यावर मुलांना त्याचा आवाज एकूण पाठीमागे म्हणण्याची सूचना करावी.\n ३) व्हिडीओ सुरु करून त्याचा आवाज बंद करावा. मुलांना पाहून तो पाहून शब्द वाचण्यास सांगावे.\n ४) त्यानंतर मुलांना आवाज बंद ठेऊन शब्द पाहून लिहिण्यास सांगावे.\n ५) आता व्हिडीओचा आवाज सुरु करावा. मुलांना एकूण लिहिण्यास सांगावे. येथे श्रुतलेखन अपेक्षित आहे. यासाठी आपण स्क्रीन बंद ठेऊ शकतो.','https://www.youtube.com/watch?v=IgcD4WNVfcA','Harshal raundal Std 3','विद्यार्थी इंग्रजीतुन पाढे म्हणेल,लिहिल,वाचेल','2017-01-11 12:05:57','2017-01-11 12:05:57',107100,1,108100,104103,101100,1,103100,NULL),(503,'Table 5','कॉम्पुटर, लॅपटॉप, टॅब, मोबाईल','१) व्हिडीओ सुरु करावा. मुलांना प्रथम तो कोणतीही कृती न करता फक्त पाहण्यास सांगावे. मुले पाहतील आणि ऐकतील. यातून त्यांचे श्रवण कौशल्य विकसित होईल.\n २) व्हिडीओ पाहून झाल्यावर मुलांना त्याचा आवाज एकूण पाठीमागे म्हणण्याची सूचना करावी.\n ३) व्हिडीओ सुरु करून त्याचा आवाज बंद करावा. मुलांना पाहून तो पाहून शब्द वाचण्यास सांगावे.\n ४) त्यानंतर मुलांना आवाज बंद ठेऊन शब्द पाहून लिहिण्यास सांगावे.\n ५) आता व्हिडीओचा आवाज सुरु करावा. मुलांना एकूण लिहिण्यास सांगावे. येथे श्रुतलेखन अपेक्षित आहे. यासाठी आपण स्क्रीन बंद ठेऊ शकतो.','https://www.youtube.com/watch?v=HAogXo1_6kg','Harshal raundal Std 3','विद्यार्थी इंग्रजीतुन पाढे म्हणेल,लिहिल,वाचेल','2017-01-11 12:05:57','2017-01-11 12:05:57',107100,1,108100,104100,101100,1,103100,NULL),(504,'Table 5','कॉम्पुटर, लॅपटॉप, टॅब, मोबाईल','१) व्हिडीओ सुरु करावा. मुलांना प्रथम तो कोणतीही कृती न करता फक्त पाहण्यास सांगावे. मुले पाहतील आणि ऐकतील. यातून त्यांचे श्रवण कौशल्य विकसित होईल.\n २) व्हिडीओ पाहून झाल्यावर मुलांना त्याचा आवाज एकूण पाठीमागे म्हणण्याची सूचना करावी.\n ३) व्हिडीओ सुरु करून त्याचा आवाज बंद करावा. मुलांना पाहून तो पाहून शब्द वाचण्यास सांगावे.\n ४) त्यानंतर मुलांना आवाज बंद ठेऊन शब्द पाहून लिहिण्यास सांगावे.\n ५) आता व्हिडीओचा आवाज सुरु करावा. मुलांना एकूण लिहिण्यास सांगावे. येथे श्रुतलेखन अपेक्षित आहे. यासाठी आपण स्क्रीन बंद ठेऊ शकतो.','https://www.youtube.com/watch?v=HAogXo1_6kg','Harshal raundal Std 3','विद्यार्थी इंग्रजीतुन पाढे म्हणेल,लिहिल,वाचेल','2017-01-11 12:05:57','2017-01-11 12:05:57',107100,1,108100,104101,101100,1,103100,NULL),(505,'Table 5','कॉम्पुटर, लॅपटॉप, टॅब, मोबाईल','१) व्हिडीओ सुरु करावा. मुलांना प्रथम तो कोणतीही कृती न करता फक्त पाहण्यास सांगावे. मुले पाहतील आणि ऐकतील. यातून त्यांचे श्रवण कौशल्य विकसित होईल.\n २) व्हिडीओ पाहून झाल्यावर मुलांना त्याचा आवाज एकूण पाठीमागे म्हणण्याची सूचना करावी.\n ३) व्हिडीओ सुरु करून त्याचा आवाज बंद करावा. मुलांना पाहून तो पाहून शब्द वाचण्यास सांगावे.\n ४) त्यानंतर मुलांना आवाज बंद ठेऊन शब्द पाहून लिहिण्यास सांगावे.\n ५) आता व्हिडीओचा आवाज सुरु करावा. मुलांना एकूण लिहिण्यास सांगावे. येथे श्रुतलेखन अपेक्षित आहे. यासाठी आपण स्क्रीन बंद ठेऊ शकतो.','https://www.youtube.com/watch?v=HAogXo1_6kg','Harshal raundal Std 3','विद्यार्थी इंग्रजीतुन पाढे म्हणेल,लिहिल,वाचेल','2017-01-11 12:05:57','2017-01-11 12:05:57',107100,1,108100,104102,101100,1,103100,NULL),(506,'Table 5','कॉम्पुटर, लॅपटॉप, टॅब, मोबाईल','१) व्हिडीओ सुरु करावा. मुलांना प्रथम तो कोणतीही कृती न करता फक्त पाहण्यास सांगावे. मुले पाहतील आणि ऐकतील. यातून त्यांचे श्रवण कौशल्य विकसित होईल.\n २) व्हिडीओ पाहून झाल्यावर मुलांना त्याचा आवाज एकूण पाठीमागे म्हणण्याची सूचना करावी.\n ३) व्हिडीओ सुरु करून त्याचा आवाज बंद करावा. मुलांना पाहून तो पाहून शब्द वाचण्यास सांगावे.\n ४) त्यानंतर मुलांना आवाज बंद ठेऊन शब्द पाहून लिहिण्यास सांगावे.\n ५) आता व्हिडीओचा आवाज सुरु करावा. मुलांना एकूण लिहिण्यास सांगावे. येथे श्रुतलेखन अपेक्षित आहे. यासाठी आपण स्क्रीन बंद ठेऊ शकतो.','https://www.youtube.com/watch?v=HAogXo1_6kg','Harshal raundal Std 3','विद्यार्थी इंग्रजीतुन पाढे म्हणेल,लिहिल,वाचेल','2017-01-11 12:05:57','2017-01-11 12:05:57',107100,1,108100,104103,101100,1,103100,NULL),(507,'Table 6','कॉम्पुटर, लॅपटॉप, टॅब, मोबाईल','१) व्हिडीओ सुरु करावा. मुलांना प्रथम तो कोणतीही कृती न करता फक्त पाहण्यास सांगावे. मुले पाहतील आणि ऐकतील. यातून त्यांचे श्रवण कौशल्य विकसित होईल.\n २) व्हिडीओ पाहून झाल्यावर मुलांना त्याचा आवाज एकूण पाठीमागे म्हणण्याची सूचना करावी.\n ३) व्हिडीओ सुरु करून त्याचा आवाज बंद करावा. मुलांना पाहून तो पाहून शब्द वाचण्यास सांगावे.\n ४) त्यानंतर मुलांना आवाज बंद ठेऊन शब्द पाहून लिहिण्यास सांगावे.\n ५) आता व्हिडीओचा आवाज सुरु करावा. मुलांना एकूण लिहिण्यास सांगावे. येथे श्रुतलेखन अपेक्षित आहे. यासाठी आपण स्क्रीन बंद ठेऊ शकतो.','https://www.youtube.com/watch?v=1zr1zmTZb4A','Harshal raundal Std 3','विद्यार्थी इंग्रजीतुन पाढे म्हणेल,लिहिल,वाचेल','2017-01-11 12:05:57','2017-01-11 12:05:57',107100,1,108100,104100,101100,1,103100,NULL),(508,'Table 6','कॉम्पुटर, लॅपटॉप, टॅब, मोबाईल','१) व्हिडीओ सुरु करावा. मुलांना प्रथम तो कोणतीही कृती न करता फक्त पाहण्यास सांगावे. मुले पाहतील आणि ऐकतील. यातून त्यांचे श्रवण कौशल्य विकसित होईल.\n २) व्हिडीओ पाहून झाल्यावर मुलांना त्याचा आवाज एकूण पाठीमागे म्हणण्याची सूचना करावी.\n ३) व्हिडीओ सुरु करून त्याचा आवाज बंद करावा. मुलांना पाहून तो पाहून शब्द वाचण्यास सांगावे.\n ४) त्यानंतर मुलांना आवाज बंद ठेऊन शब्द पाहून लिहिण्यास सांगावे.\n ५) आता व्हिडीओचा आवाज सुरु करावा. मुलांना एकूण लिहिण्यास सांगावे. येथे श्रुतलेखन अपेक्षित आहे. यासाठी आपण स्क्रीन बंद ठेऊ शकतो.','https://www.youtube.com/watch?v=1zr1zmTZb4A','Harshal raundal Std 3','विद्यार्थी इंग्रजीतुन पाढे म्हणेल,लिहिल,वाचेल','2017-01-11 12:05:57','2017-01-11 12:05:57',107100,1,108100,104101,101100,1,103100,NULL),(509,'Table 6','कॉम्पुटर, लॅपटॉप, टॅब, मोबाईल','१) व्हिडीओ सुरु करावा. मुलांना प्रथम तो कोणतीही कृती न करता फक्त पाहण्यास सांगावे. मुले पाहतील आणि ऐकतील. यातून त्यांचे श्रवण कौशल्य विकसित होईल.\n २) व्हिडीओ पाहून झाल्यावर मुलांना त्याचा आवाज एकूण पाठीमागे म्हणण्याची सूचना करावी.\n ३) व्हिडीओ सुरु करून त्याचा आवाज बंद करावा. मुलांना पाहून तो पाहून शब्द वाचण्यास सांगावे.\n ४) त्यानंतर मुलांना आवाज बंद ठेऊन शब्द पाहून लिहिण्यास सांगावे.\n ५) आता व्हिडीओचा आवाज सुरु करावा. मुलांना एकूण लिहिण्यास सांगावे. येथे श्रुतलेखन अपेक्षित आहे. यासाठी आपण स्क्रीन बंद ठेऊ शकतो.','https://www.youtube.com/watch?v=1zr1zmTZb4A','Harshal raundal Std 3','विद्यार्थी इंग्रजीतुन पाढे म्हणेल,लिहिल,वाचेल','2017-01-11 12:05:57','2017-01-11 12:05:57',107100,1,108100,104102,101100,1,103100,NULL),(510,'Table 6','कॉम्पुटर, लॅपटॉप, टॅब, मोबाईल','१) व्हिडीओ सुरु करावा. मुलांना प्रथम तो कोणतीही कृती न करता फक्त पाहण्यास सांगावे. मुले पाहतील आणि ऐकतील. यातून त्यांचे श्रवण कौशल्य विकसित होईल.\n २) व्हिडीओ पाहून झाल्यावर मुलांना त्याचा आवाज एकूण पाठीमागे म्हणण्याची सूचना करावी.\n ३) व्हिडीओ सुरु करून त्याचा आवाज बंद करावा. मुलांना पाहून तो पाहून शब्द वाचण्यास सांगावे.\n ४) त्यानंतर मुलांना आवाज बंद ठेऊन शब्द पाहून लिहिण्यास सांगावे.\n ५) आता व्हिडीओचा आवाज सुरु करावा. मुलांना एकूण लिहिण्यास सांगावे. येथे श्रुतलेखन अपेक्षित आहे. यासाठी आपण स्क्रीन बंद ठेऊ शकतो.','https://www.youtube.com/watch?v=1zr1zmTZb4A','Harshal raundal Std 3','विद्यार्थी इंग्रजीतुन पाढे म्हणेल,लिहिल,वाचेल','2017-01-11 12:05:57','2017-01-11 12:05:57',107100,1,108100,104103,101100,1,103100,NULL),(511,'Table 7','कॉम्पुटर, लॅपटॉप, टॅब, मोबाईल','१) व्हिडीओ सुरु करावा. मुलांना प्रथम तो कोणतीही कृती न करता फक्त पाहण्यास सांगावे. मुले पाहतील आणि ऐकतील. यातून त्यांचे श्रवण कौशल्य विकसित होईल.\n २) व्हिडीओ पाहून झाल्यावर मुलांना त्याचा आवाज एकूण पाठीमागे म्हणण्याची सूचना करावी.\n ३) व्हिडीओ सुरु करून त्याचा आवाज बंद करावा. मुलांना पाहून तो पाहून शब्द वाचण्यास सांगावे.\n ४) त्यानंतर मुलांना आवाज बंद ठेऊन शब्द पाहून लिहिण्यास सांगावे.\n ५) आता व्हिडीओचा आवाज सुरु करावा. मुलांना एकूण लिहिण्यास सांगावे. येथे श्रुतलेखन अपेक्षित आहे. यासाठी आपण स्क्रीन बंद ठेऊ शकतो.','https://www.youtube.com/watch?v=IVBs857c2fU','Harshal raundal Std 3','विद्यार्थी इंग्रजीतुन पाढे म्हणेल,लिहिल,वाचेल','2017-01-11 12:05:57','2017-01-11 12:05:57',107100,1,108100,104100,101100,1,103100,NULL),(512,'Table 7','कॉम्पुटर, लॅपटॉप, टॅब, मोबाईल','१) व्हिडीओ सुरु करावा. मुलांना प्रथम तो कोणतीही कृती न करता फक्त पाहण्यास सांगावे. मुले पाहतील आणि ऐकतील. यातून त्यांचे श्रवण कौशल्य विकसित होईल.\n २) व्हिडीओ पाहून झाल्यावर मुलांना त्याचा आवाज एकूण पाठीमागे म्हणण्याची सूचना करावी.\n ३) व्हिडीओ सुरु करून त्याचा आवाज बंद करावा. मुलांना पाहून तो पाहून शब्द वाचण्यास सांगावे.\n ४) त्यानंतर मुलांना आवाज बंद ठेऊन शब्द पाहून लिहिण्यास सांगावे.\n ५) आता व्हिडीओचा आवाज सुरु करावा. मुलांना एकूण लिहिण्यास सांगावे. येथे श्रुतलेखन अपेक्षित आहे. यासाठी आपण स्क्रीन बंद ठेऊ शकतो.','https://www.youtube.com/watch?v=IVBs857c2fU','Harshal raundal Std 3','विद्यार्थी इंग्रजीतुन पाढे म्हणेल,लिहिल,वाचेल','2017-01-11 12:05:57','2017-01-11 12:05:57',107100,1,108100,104101,101100,1,103100,NULL),(513,'Table 7','कॉम्पुटर, लॅपटॉप, टॅब, मोबाईल','१) व्हिडीओ सुरु करावा. मुलांना प्रथम तो कोणतीही कृती न करता फक्त पाहण्यास सांगावे. मुले पाहतील आणि ऐकतील. यातून त्यांचे श्रवण कौशल्य विकसित होईल.\n २) व्हिडीओ पाहून झाल्यावर मुलांना त्याचा आवाज एकूण पाठीमागे म्हणण्याची सूचना करावी.\n ३) व्हिडीओ सुरु करून त्याचा आवाज बंद करावा. मुलांना पाहून तो पाहून शब्द वाचण्यास सांगावे.\n ४) त्यानंतर मुलांना आवाज बंद ठेऊन शब्द पाहून लिहिण्यास सांगावे.\n ५) आता व्हिडीओचा आवाज सुरु करावा. मुलांना एकूण लिहिण्यास सांगावे. येथे श्रुतलेखन अपेक्षित आहे. यासाठी आपण स्क्रीन बंद ठेऊ शकतो.','https://www.youtube.com/watch?v=IVBs857c2fU','Harshal raundal Std 3','विद्यार्थी इंग्रजीतुन पाढे म्हणेल,लिहिल,वाचेल','2017-01-11 12:05:57','2017-01-11 12:05:57',107100,1,108100,104102,101100,1,103100,NULL),(514,'Table 7','कॉम्पुटर, लॅपटॉप, टॅब, मोबाईल','१) व्हिडीओ सुरु करावा. मुलांना प्रथम तो कोणतीही कृती न करता फक्त पाहण्यास सांगावे. मुले पाहतील आणि ऐकतील. यातून त्यांचे श्रवण कौशल्य विकसित होईल.\n २) व्हिडीओ पाहून झाल्यावर मुलांना त्याचा आवाज एकूण पाठीमागे म्हणण्याची सूचना करावी.\n ३) व्हिडीओ सुरु करून त्याचा आवाज बंद करावा. मुलांना पाहून तो पाहून शब्द वाचण्यास सांगावे.\n ४) त्यानंतर मुलांना आवाज बंद ठेऊन शब्द पाहून लिहिण्यास सांगावे.\n ५) आता व्हिडीओचा आवाज सुरु करावा. मुलांना एकूण लिहिण्यास सांगावे. येथे श्रुतलेखन अपेक्षित आहे. यासाठी आपण स्क्रीन बंद ठेऊ शकतो.','https://www.youtube.com/watch?v=IVBs857c2fU','Harshal raundal Std 3','विद्यार्थी इंग्रजीतुन पाढे म्हणेल,लिहिल,वाचेल','2017-01-11 12:05:57','2017-01-11 12:05:57',107100,1,108100,104103,101100,1,103100,NULL),(515,'Table 8','कॉम्पुटर, लॅपटॉप, टॅब, मोबाईल','१) व्हिडीओ सुरु करावा. मुलांना प्रथम तो कोणतीही कृती न करता फक्त पाहण्यास सांगावे. मुले पाहतील आणि ऐकतील. यातून त्यांचे श्रवण कौशल्य विकसित होईल.\n २) व्हिडीओ पाहून झाल्यावर मुलांना त्याचा आवाज एकूण पाठीमागे म्हणण्याची सूचना करावी.\n ३) व्हिडीओ सुरु करून त्याचा आवाज बंद करावा. मुलांना पाहून तो पाहून शब्द वाचण्यास सांगावे.\n ४) त्यानंतर मुलांना आवाज बंद ठेऊन शब्द पाहून लिहिण्यास सांगावे.\n ५) आता व्हिडीओचा आवाज सुरु करावा. मुलांना एकूण लिहिण्यास सांगावे. येथे श्रुतलेखन अपेक्षित आहे. यासाठी आपण स्क्रीन बंद ठेऊ शकतो.','https://www.youtube.com/watch?v=Yly-zdRmZHM','Harshal raundal Std3','विद्यार्थी इंग्रजीतुन पाढे म्हणेल,लिहिल,वाचेल','2017-01-11 12:05:57','2017-01-11 12:05:57',107100,1,108100,104100,101100,1,103100,NULL),(516,'Table 8','कॉम्पुटर, लॅपटॉप, टॅब, मोबाईल','१) व्हिडीओ सुरु करावा. मुलांना प्रथम तो कोणतीही कृती न करता फक्त पाहण्यास सांगावे. मुले पाहतील आणि ऐकतील. यातून त्यांचे श्रवण कौशल्य विकसित होईल.\n २) व्हिडीओ पाहून झाल्यावर मुलांना त्याचा आवाज एकूण पाठीमागे म्हणण्याची सूचना करावी.\n ३) व्हिडीओ सुरु करून त्याचा आवाज बंद करावा. मुलांना पाहून तो पाहून शब्द वाचण्यास सांगावे.\n ४) त्यानंतर मुलांना आवाज बंद ठेऊन शब्द पाहून लिहिण्यास सांगावे.\n ५) आता व्हिडीओचा आवाज सुरु करावा. मुलांना एकूण लिहिण्यास सांगावे. येथे श्रुतलेखन अपेक्षित आहे. यासाठी आपण स्क्रीन बंद ठेऊ शकतो.','https://www.youtube.com/watch?v=Yly-zdRmZHM','Harshal raundal Std3','विद्यार्थी इंग्रजीतुन पाढे म्हणेल,लिहिल,वाचेल','2017-01-11 12:05:57','2017-01-11 12:05:57',107100,1,108100,104101,101100,1,103100,NULL),(517,'Table 8','कॉम्पुटर, लॅपटॉप, टॅब, मोबाईल','१) व्हिडीओ सुरु करावा. मुलांना प्रथम तो कोणतीही कृती न करता फक्त पाहण्यास सांगावे. मुले पाहतील आणि ऐकतील. यातून त्यांचे श्रवण कौशल्य विकसित होईल.\n २) व्हिडीओ पाहून झाल्यावर मुलांना त्याचा आवाज एकूण पाठीमागे म्हणण्याची सूचना करावी.\n ३) व्हिडीओ सुरु करून त्याचा आवाज बंद करावा. मुलांना पाहून तो पाहून शब्द वाचण्यास सांगावे.\n ४) त्यानंतर मुलांना आवाज बंद ठेऊन शब्द पाहून लिहिण्यास सांगावे.\n ५) आता व्हिडीओचा आवाज सुरु करावा. मुलांना एकूण लिहिण्यास सांगावे. येथे श्रुतलेखन अपेक्षित आहे. यासाठी आपण स्क्रीन बंद ठेऊ शकतो.','https://www.youtube.com/watch?v=Yly-zdRmZHM','Harshal raundal Std3','विद्यार्थी इंग्रजीतुन पाढे म्हणेल,लिहिल,वाचेल','2017-01-11 12:05:57','2017-01-11 12:05:57',107100,1,108100,104102,101100,1,103100,NULL),(518,'Table 8','कॉम्पुटर, लॅपटॉप, टॅब, मोबाईल','१) व्हिडीओ सुरु करावा. मुलांना प्रथम तो कोणतीही कृती न करता फक्त पाहण्यास सांगावे. मुले पाहतील आणि ऐकतील. यातून त्यांचे श्रवण कौशल्य विकसित होईल.\n २) व्हिडीओ पाहून झाल्यावर मुलांना त्याचा आवाज एकूण पाठीमागे म्हणण्याची सूचना करावी.\n ३) व्हिडीओ सुरु करून त्याचा आवाज बंद करावा. मुलांना पाहून तो पाहून शब्द वाचण्यास सांगावे.\n ४) त्यानंतर मुलांना आवाज बंद ठेऊन शब्द पाहून लिहिण्यास सांगावे.\n ५) आता व्हिडीओचा आवाज सुरु करावा. मुलांना एकूण लिहिण्यास सांगावे. येथे श्रुतलेखन अपेक्षित आहे. यासाठी आपण स्क्रीन बंद ठेऊ शकतो.','https://www.youtube.com/watch?v=Yly-zdRmZHM','Harshal raundal Std3','विद्यार्थी इंग्रजीतुन पाढे म्हणेल,लिहिल,वाचेल','2017-01-11 12:05:57','2017-01-11 12:05:57',107100,1,108100,104103,101100,1,103100,NULL),(519,'Table 9','कॉम्पुटर, लॅपटॉप, टॅब, मोबाईल','१) व्हिडीओ सुरु करावा. मुलांना प्रथम तो कोणतीही कृती न करता फक्त पाहण्यास सांगावे. मुले पाहतील आणि ऐकतील. यातून त्यांचे श्रवण कौशल्य विकसित होईल.\n २) व्हिडीओ पाहून झाल्यावर मुलांना त्याचा आवाज एकूण पाठीमागे म्हणण्याची सूचना करावी.\n ३) व्हिडीओ सुरु करून त्याचा आवाज बंद करावा. मुलांना पाहून तो पाहून शब्द वाचण्यास सांगावे.\n ४) त्यानंतर मुलांना आवाज बंद ठेऊन शब्द पाहून लिहिण्यास सांगावे.\n ५) आता व्हिडीओचा आवाज सुरु करावा. मुलांना एकूण लिहिण्यास सांगावे. येथे श्रुतलेखन अपेक्षित आहे. यासाठी आपण स्क्रीन बंद ठेऊ शकतो.','https://www.youtube.com/watch?v=WJv362zEmwk','Harshal raundal Std 3','विद्यार्थी इंग्रजीतुन पाढे म्हणेल,लिहिल,वाचेल','2017-01-11 12:05:57','2017-01-11 12:05:57',107100,1,108100,104100,101100,1,103100,NULL),(520,'Table 9','कॉम्पुटर, लॅपटॉप, टॅब, मोबाईल','१) व्हिडीओ सुरु करावा. मुलांना प्रथम तो कोणतीही कृती न करता फक्त पाहण्यास सांगावे. मुले पाहतील आणि ऐकतील. यातून त्यांचे श्रवण कौशल्य विकसित होईल.\n २) व्हिडीओ पाहून झाल्यावर मुलांना त्याचा आवाज एकूण पाठीमागे म्हणण्याची सूचना करावी.\n ३) व्हिडीओ सुरु करून त्याचा आवाज बंद करावा. मुलांना पाहून तो पाहून शब्द वाचण्यास सांगावे.\n ४) त्यानंतर मुलांना आवाज बंद ठेऊन शब्द पाहून लिहिण्यास सांगावे.\n ५) आता व्हिडीओचा आवाज सुरु करावा. मुलांना एकूण लिहिण्यास सांगावे. येथे श्रुतलेखन अपेक्षित आहे. यासाठी आपण स्क्रीन बंद ठेऊ शकतो.','https://www.youtube.com/watch?v=WJv362zEmwk','Harshal raundal Std 3','विद्यार्थी इंग्रजीतुन पाढे म्हणेल,लिहिल,वाचेल','2017-01-11 12:05:57','2017-01-11 12:05:57',107100,1,108100,104101,101100,1,103100,NULL),(521,'Table 9','कॉम्पुटर, लॅपटॉप, टॅब, मोबाईल','१) व्हिडीओ सुरु करावा. मुलांना प्रथम तो कोणतीही कृती न करता फक्त पाहण्यास सांगावे. मुले पाहतील आणि ऐकतील. यातून त्यांचे श्रवण कौशल्य विकसित होईल.\n २) व्हिडीओ पाहून झाल्यावर मुलांना त्याचा आवाज एकूण पाठीमागे म्हणण्याची सूचना करावी.\n ३) व्हिडीओ सुरु करून त्याचा आवाज बंद करावा. मुलांना पाहून तो पाहून शब्द वाचण्यास सांगावे.\n ४) त्यानंतर मुलांना आवाज बंद ठेऊन शब्द पाहून लिहिण्यास सांगावे.\n ५) आता व्हिडीओचा आवाज सुरु करावा. मुलांना एकूण लिहिण्यास सांगावे. येथे श्रुतलेखन अपेक्षित आहे. यासाठी आपण स्क्रीन बंद ठेऊ शकतो.','https://www.youtube.com/watch?v=WJv362zEmwk','Harshal raundal Std 3','विद्यार्थी इंग्रजीतुन पाढे म्हणेल,लिहिल,वाचेल','2017-01-11 12:05:57','2017-01-11 12:05:57',107100,1,108100,104102,101100,1,103100,NULL),(522,'Table 9','कॉम्पुटर, लॅपटॉप, टॅब, मोबाईल','१) व्हिडीओ सुरु करावा. मुलांना प्रथम तो कोणतीही कृती न करता फक्त पाहण्यास सांगावे. मुले पाहतील आणि ऐकतील. यातून त्यांचे श्रवण कौशल्य विकसित होईल.\n २) व्हिडीओ पाहून झाल्यावर मुलांना त्याचा आवाज एकूण पाठीमागे म्हणण्याची सूचना करावी.\n ३) व्हिडीओ सुरु करून त्याचा आवाज बंद करावा. मुलांना पाहून तो पाहून शब्द वाचण्यास सांगावे.\n ४) त्यानंतर मुलांना आवाज बंद ठेऊन शब्द पाहून लिहिण्यास सांगावे.\n ५) आता व्हिडीओचा आवाज सुरु करावा. मुलांना एकूण लिहिण्यास सांगावे. येथे श्रुतलेखन अपेक्षित आहे. यासाठी आपण स्क्रीन बंद ठेऊ शकतो.','https://www.youtube.com/watch?v=WJv362zEmwk','Harshal raundal Std 3','विद्यार्थी इंग्रजीतुन पाढे म्हणेल,लिहिल,वाचेल','2017-01-11 12:05:57','2017-01-11 12:05:57',107100,1,108100,104103,101100,1,103100,NULL),(523,'Table 10','कॉम्पुटर, लॅपटॉप, टॅब, मोबाईल','१) व्हिडीओ सुरु करावा. मुलांना प्रथम तो कोणतीही कृती न करता फक्त पाहण्यास सांगावे. मुले पाहतील आणि ऐकतील. यातून त्यांचे श्रवण कौशल्य विकसित होईल.\n २) व्हिडीओ पाहून झाल्यावर मुलांना त्याचा आवाज एकूण पाठीमागे म्हणण्याची सूचना करावी.\n ३) व्हिडीओ सुरु करून त्याचा आवाज बंद करावा. मुलांना पाहून तो पाहून शब्द वाचण्यास सांगावे.\n ४) त्यानंतर मुलांना आवाज बंद ठेऊन शब्द पाहून लिहिण्यास सांगावे.\n ५) आता व्हिडीओचा आवाज सुरु करावा. मुलांना एकूण लिहिण्यास सांगावे. येथे श्रुतलेखन अपेक्षित आहे. यासाठी आपण स्क्रीन बंद ठेऊ शकतो.','https://www.youtube.com/watch?v=12_H0AUl8-E','Harshal raundal Std 3','विद्यार्थी इंग्रजीतुन पाढे म्हणेल,लिहिल,वाचेल','2017-01-11 12:05:57','2017-01-11 12:05:57',107100,1,108100,104100,101100,1,103100,NULL),(524,'Table 10','कॉम्पुटर, लॅपटॉप, टॅब, मोबाईल','१) व्हिडीओ सुरु करावा. मुलांना प्रथम तो कोणतीही कृती न करता फक्त पाहण्यास सांगावे. मुले पाहतील आणि ऐकतील. यातून त्यांचे श्रवण कौशल्य विकसित होईल.\n २) व्हिडीओ पाहून झाल्यावर मुलांना त्याचा आवाज एकूण पाठीमागे म्हणण्याची सूचना करावी.\n ३) व्हिडीओ सुरु करून त्याचा आवाज बंद करावा. मुलांना पाहून तो पाहून शब्द वाचण्यास सांगावे.\n ४) त्यानंतर मुलांना आवाज बंद ठेऊन शब्द पाहून लिहिण्यास सांगावे.\n ५) आता व्हिडीओचा आवाज सुरु करावा. मुलांना एकूण लिहिण्यास सांगावे. येथे श्रुतलेखन अपेक्षित आहे. यासाठी आपण स्क्रीन बंद ठेऊ शकतो.','https://www.youtube.com/watch?v=12_H0AUl8-E','Harshal raundal Std 3','विद्यार्थी इंग्रजीतुन पाढे म्हणेल,लिहिल,वाचेल','2017-01-11 12:05:57','2017-01-11 12:05:57',107100,1,108100,104101,101100,1,103100,NULL),(525,'Table 10','कॉम्पुटर, लॅपटॉप, टॅब, मोबाईल','१) व्हिडीओ सुरु करावा. मुलांना प्रथम तो कोणतीही कृती न करता फक्त पाहण्यास सांगावे. मुले पाहतील आणि ऐकतील. यातून त्यांचे श्रवण कौशल्य विकसित होईल.\n २) व्हिडीओ पाहून झाल्यावर मुलांना त्याचा आवाज एकूण पाठीमागे म्हणण्याची सूचना करावी.\n ३) व्हिडीओ सुरु करून त्याचा आवाज बंद करावा. मुलांना पाहून तो पाहून शब्द वाचण्यास सांगावे.\n ४) त्यानंतर मुलांना आवाज बंद ठेऊन शब्द पाहून लिहिण्यास सांगावे.\n ५) आता व्हिडीओचा आवाज सुरु करावा. मुलांना एकूण लिहिण्यास सांगावे. येथे श्रुतलेखन अपेक्षित आहे. यासाठी आपण स्क्रीन बंद ठेऊ शकतो.','https://www.youtube.com/watch?v=12_H0AUl8-E','Harshal raundal Std 3','विद्यार्थी इंग्रजीतुन पाढे म्हणेल,लिहिल,वाचेल','2017-01-11 12:05:57','2017-01-11 12:05:57',107100,1,108100,104102,101100,1,103100,NULL),(526,'Table 10','कॉम्पुटर, लॅपटॉप, टॅब, मोबाईल','१) व्हिडीओ सुरु करावा. मुलांना प्रथम तो कोणतीही कृती न करता फक्त पाहण्यास सांगावे. मुले पाहतील आणि ऐकतील. यातून त्यांचे श्रवण कौशल्य विकसित होईल.\n २) व्हिडीओ पाहून झाल्यावर मुलांना त्याचा आवाज एकूण पाठीमागे म्हणण्याची सूचना करावी.\n ३) व्हिडीओ सुरु करून त्याचा आवाज बंद करावा. मुलांना पाहून तो पाहून शब्द वाचण्यास सांगावे.\n ४) त्यानंतर मुलांना आवाज बंद ठेऊन शब्द पाहून लिहिण्यास सांगावे.\n ५) आता व्हिडीओचा आवाज सुरु करावा. मुलांना एकूण लिहिण्यास सांगावे. येथे श्रुतलेखन अपेक्षित आहे. यासाठी आपण स्क्रीन बंद ठेऊ शकतो.','https://www.youtube.com/watch?v=12_H0AUl8-E','Harshal raundal Std 3','विद्यार्थी इंग्रजीतुन पाढे म्हणेल,लिहिल,वाचेल','2017-01-11 12:05:57','2017-01-11 12:05:57',107100,1,108100,104103,101100,1,103100,NULL),(527,'महाराष्ट्र जिल्हे','कॉम्पुटर, लॅपटॉप, टॅब, मोबाईल','१) व्हिडीओ सुरु करावा. मुलांना प्रथम तो कोणतीही कृती न करता फक्त पाहण्यास सांगावे. मुले पाहतील आणि ऐकतील. यातून त्यांचे श्रवण कौशल्य विकसित होईल.\n २) व्हिडीओ पाहून झाल्यावर मुलांना त्याचा आवाज एकूण पाठीमागे म्हणण्याची सूचना करावी.\n ३) व्हिडीओ सुरु करून त्याचा आवाज बंद करावा. मुलांना पाहून तो पाहून शब्द वाचण्यास सांगावे.\n ४) त्यानंतर मुलांना आवाज बंद ठेऊन शब्द पाहून लिहिण्यास सांगावे.\n ५) आता व्हिडीओचा आवाज सुरु करावा. मुलांना एकूण लिहिण्यास सांगावे. येथे श्रुतलेखन अपेक्षित आहे. यासाठी आपण स्क्रीन बंद ठेऊ शकतो.','https://www.youtube.com/watch?v=CmFZ_7kBpzw','कु.जाग्रुती जगताप 3 री','महाराष्ट्र जिल्हे माहिती होतील','2017-01-11 12:05:57','2017-01-11 12:05:57',107100,1,108100,104102,101101,1,103106,NULL),(528,'महाराष्ट्र जिल्हे','कॉम्पुटर, लॅपटॉप, टॅब, मोबाईल','१) व्हिडीओ सुरु करावा. मुलांना प्रथम तो कोणतीही कृती न करता फक्त पाहण्यास सांगावे. मुले पाहतील आणि ऐकतील. यातून त्यांचे श्रवण कौशल्य विकसित होईल.\n २) व्हिडीओ पाहून झाल्यावर मुलांना त्याचा आवाज एकूण पाठीमागे म्हणण्याची सूचना करावी.\n ३) व्हिडीओ सुरु करून त्याचा आवाज बंद करावा. मुलांना पाहून तो पाहून शब्द वाचण्यास सांगावे.\n ४) त्यानंतर मुलांना आवाज बंद ठेऊन शब्द पाहून लिहिण्यास सांगावे.\n ५) आता व्हिडीओचा आवाज सुरु करावा. मुलांना एकूण लिहिण्यास सांगावे. येथे श्रुतलेखन अपेक्षित आहे. यासाठी आपण स्क्रीन बंद ठेऊ शकतो.','https://www.youtube.com/watch?v=CmFZ_7kBpzw','कु.जाग्रुती जगताप 3 री','महाराष्ट्र जिल्हे माहिती होतील','2017-01-11 12:05:57','2017-01-11 12:05:57',107100,1,108100,104103,101101,1,103106,NULL),(529,'आतंरिंद्रिये','कॉम्पुटर, लॅपटॉप, टॅब, मोबाईल','१) व्हिडीओ सुरु करावा. मुलांना प्रथम तो कोणतीही कृती न करता फक्त पाहण्यास सांगावे. मुले पाहतील आणि ऐकतील. यातून त्यांचे श्रवण कौशल्य विकसित होईल.\n २) व्हिडीओ पाहून झाल्यावर मुलांना त्याचा आवाज एकूण पाठीमागे म्हणण्याची सूचना करावी.\n ३) व्हिडीओ सुरु करून त्याचा आवाज बंद करावा. मुलांना पाहून तो पाहून शब्द वाचण्यास सांगावे.\n ४) त्यानंतर मुलांना आवाज बंद ठेऊन शब्द पाहून लिहिण्यास सांगावे.\n ५) आता व्हिडीओचा आवाज सुरु करावा. मुलांना एकूण लिहिण्यास सांगावे. येथे श्रुतलेखन अपेक्षित आहे. यासाठी आपण स्क्रीन बंद ठेऊ शकतो.','https://www.youtube.com/watch?v=cxA6X3h84kI','कु.ऩिशा रौंदळ 4 थी','आतंरिंद्रियेविषयी जाणुन घेतील','2017-01-11 12:05:57','2017-01-11 12:05:57',107100,1,108100,104102,101101,1,103106,NULL),(530,'आतंरिंद्रिये','कॉम्पुटर, लॅपटॉप, टॅब, मोबाईल','१) व्हिडीओ सुरु करावा. मुलांना प्रथम तो कोणतीही कृती न करता फक्त पाहण्यास सांगावे. मुले पाहतील आणि ऐकतील. यातून त्यांचे श्रवण कौशल्य विकसित होईल.\n २) व्हिडीओ पाहून झाल्यावर मुलांना त्याचा आवाज एकूण पाठीमागे म्हणण्याची सूचना करावी.\n ३) व्हिडीओ सुरु करून त्याचा आवाज बंद करावा. मुलांना पाहून तो पाहून शब्द वाचण्यास सांगावे.\n ४) त्यानंतर मुलांना आवाज बंद ठेऊन शब्द पाहून लिहिण्यास सांगावे.\n ५) आता व्हिडीओचा आवाज सुरु करावा. मुलांना एकूण लिहिण्यास सांगावे. येथे श्रुतलेखन अपेक्षित आहे. यासाठी आपण स्क्रीन बंद ठेऊ शकतो.','https://www.youtube.com/watch?v=cxA6X3h84kI','कु.ऩिशा रौंदळ 4 थी','आतंरिंद्रियेविषयी जाणुन घेतील','2017-01-11 12:05:57','2017-01-11 12:05:57',107100,1,108100,104103,101101,1,103106,NULL),(531,'ज्ञानेंद्रिये','कॉम्पुटर, लॅपटॉप, टॅब, मोबाईल','१) व्हिडीओ सुरु करावा. मुलांना प्रथम तो कोणतीही कृती न करता फक्त पाहण्यास सांगावे. मुले पाहतील आणि ऐकतील. यातून त्यांचे श्रवण कौशल्य विकसित होईल.\n २) व्हिडीओ पाहून झाल्यावर मुलांना त्याचा आवाज एकूण पाठीमागे म्हणण्याची सूचना करावी.\n ३) व्हिडीओ सुरु करून त्याचा आवाज बंद करावा. मुलांना पाहून तो पाहून शब्द वाचण्यास सांगावे.\n ४) त्यानंतर मुलांना आवाज बंद ठेऊन शब्द पाहून लिहिण्यास सांगावे.\n ५) आता व्हिडीओचा आवाज सुरु करावा. मुलांना एकूण लिहिण्यास सांगावे. येथे श्रुतलेखन अपेक्षित आहे. यासाठी आपण स्क्रीन बंद ठेऊ शकतो.','https://www.youtube.com/watch?v=dHZnaFWYjcQ','कु.ऩिशा रौंदळ 4 थी','ज्ञानेंद्रियेवि्षयी जणुन घेतील','2017-01-11 12:05:57','2017-01-11 12:05:57',107100,1,108100,104102,101101,1,103106,NULL),(532,'ज्ञानेंद्रिये','कॉम्पुटर, लॅपटॉप, टॅब, मोबाईल','१) व्हिडीओ सुरु करावा. मुलांना प्रथम तो कोणतीही कृती न करता फक्त पाहण्यास सांगावे. मुले पाहतील आणि ऐकतील. यातून त्यांचे श्रवण कौशल्य विकसित होईल.\n २) व्हिडीओ पाहून झाल्यावर मुलांना त्याचा आवाज एकूण पाठीमागे म्हणण्याची सूचना करावी.\n ३) व्हिडीओ सुरु करून त्याचा आवाज बंद करावा. मुलांना पाहून तो पाहून शब्द वाचण्यास सांगावे.\n ४) त्यानंतर मुलांना आवाज बंद ठेऊन शब्द पाहून लिहिण्यास सांगावे.\n ५) आता व्हिडीओचा आवाज सुरु करावा. मुलांना एकूण लिहिण्यास सांगावे. येथे श्रुतलेखन अपेक्षित आहे. यासाठी आपण स्क्रीन बंद ठेऊ शकतो.','https://www.youtube.com/watch?v=dHZnaFWYjcQ','कु.ऩिशा रौंदळ 4 थी','ज्ञानेंद्रियेवि्षयी जणुन घेतील','2017-01-11 12:05:57','2017-01-11 12:05:57',107100,1,108100,104103,101101,1,103106,NULL),(533,'थंड हवेची ठिकाणे','कॉम्पुटर, लॅपटॉप, टॅब, मोबाईल','१) व्हिडीओ सुरु करावा. मुलांना प्रथम तो कोणतीही कृती न करता फक्त पाहण्यास सांगावे. मुले पाहतील आणि ऐकतील. यातून त्यांचे श्रवण कौशल्य विकसित होईल.\n २) व्हिडीओ पाहून झाल्यावर मुलांना त्याचा आवाज एकूण पाठीमागे म्हणण्याची सूचना करावी.\n ३) व्हिडीओ सुरु करून त्याचा आवाज बंद करावा. मुलांना पाहून तो पाहून शब्द वाचण्यास सांगावे.\n ४) त्यानंतर मुलांना आवाज बंद ठेऊन शब्द पाहून लिहिण्यास सांगावे.\n ५) आता व्हिडीओचा आवाज सुरु करावा. मुलांना एकूण लिहिण्यास सांगावे. येथे श्रुतलेखन अपेक्षित आहे. यासाठी आपण स्क्रीन बंद ठेऊ शकतो.','https://www.youtube.com/watch?v=1z3amyu2qwg','कु.जाग्रुती जगताप 3 री','थंड हवेची ठि्काणे जाणतील','2017-01-11 12:05:57','2017-01-11 12:05:57',107100,1,108100,104102,101101,1,103106,NULL),(534,'थंड हवेची ठिकाणे','कॉम्पुटर, लॅपटॉप, टॅब, मोबाईल','१) व्हिडीओ सुरु करावा. मुलांना प्रथम तो कोणतीही कृती न करता फक्त पाहण्यास सांगावे. मुले पाहतील आणि ऐकतील. यातून त्यांचे श्रवण कौशल्य विकसित होईल.\n २) व्हिडीओ पाहून झाल्यावर मुलांना त्याचा आवाज एकूण पाठीमागे म्हणण्याची सूचना करावी.\n ३) व्हिडीओ सुरु करून त्याचा आवाज बंद करावा. मुलांना पाहून तो पाहून शब्द वाचण्यास सांगावे.\n ४) त्यानंतर मुलांना आवाज बंद ठेऊन शब्द पाहून लिहिण्यास सांगावे.\n ५) आता व्हिडीओचा आवाज सुरु करावा. मुलांना एकूण लिहिण्यास सांगावे. येथे श्रुतलेखन अपेक्षित आहे. यासाठी आपण स्क्रीन बंद ठेऊ शकतो.','https://www.youtube.com/watch?v=1z3amyu2qwg','कु.जाग्रुती जगताप 3 री','थंड हवेची ठि्काणे जाणतील','2017-01-11 12:05:57','2017-01-11 12:05:57',107100,1,108100,104103,101101,1,103106,NULL),(535,'Season','कॉम्पुटर, लॅपटॉप, टॅब, मोबाईल','१) व्हिडीओ सुरु करावा. मुलांना प्रथम तो कोणतीही कृती न करता फक्त पाहण्यास सांगावे. मुले पाहतील आणि ऐकतील. यातून त्यांचे श्रवण कौशल्य विकसित होईल.\n २) व्हिडीओ पाहून झाल्यावर मुलांना त्याचा आवाज एकूण पाठीमागे म्हणण्याची सूचना करावी.\n ३) व्हिडीओ सुरु करून त्याचा आवाज बंद करावा. मुलांना पाहून तो पाहून शब्द वाचण्यास सांगावे.\n ४) त्यानंतर मुलांना आवाज बंद ठेऊन शब्द पाहून लिहिण्यास सांगावे.\n ५) आता व्हिडीओचा आवाज सुरु करावा. मुलांना एकूण लिहिण्यास सांगावे. येथे श्रुतलेखन अपेक्षित आहे. यासाठी आपण स्क्रीन बंद ठेऊ शकतो.','https://www.youtube.com/watch?v=6BDyxgHg6QE','कु.जाग्रुती जगताप 3 री','season माहिती घेतील','2017-01-11 12:05:57','2017-01-11 12:05:57',107100,1,108100,104102,101101,1,103106,NULL),(536,'Season','कॉम्पुटर, लॅपटॉप, टॅब, मोबाईल','१) व्हिडीओ सुरु करावा. मुलांना प्रथम तो कोणतीही कृती न करता फक्त पाहण्यास सांगावे. मुले पाहतील आणि ऐकतील. यातून त्यांचे श्रवण कौशल्य विकसित होईल.\n २) व्हिडीओ पाहून झाल्यावर मुलांना त्याचा आवाज एकूण पाठीमागे म्हणण्याची सूचना करावी.\n ३) व्हिडीओ सुरु करून त्याचा आवाज बंद करावा. मुलांना पाहून तो पाहून शब्द वाचण्यास सांगावे.\n ४) त्यानंतर मुलांना आवाज बंद ठेऊन शब्द पाहून लिहिण्यास सांगावे.\n ५) आता व्हिडीओचा आवाज सुरु करावा. मुलांना एकूण लिहिण्यास सांगावे. येथे श्रुतलेखन अपेक्षित आहे. यासाठी आपण स्क्रीन बंद ठेऊ शकतो.','https://www.youtube.com/watch?v=6BDyxgHg6QE','कु.जाग्रुती जगताप 3 री','season माहिती घेतील','2017-01-11 12:05:57','2017-01-11 12:05:57',107100,1,108100,104103,101101,1,103106,NULL);
/*!40000 ALTER TABLE `con_content` ENABLE KEYS */;
UNLOCK TABLES;

--
-- Table structure for table `con_contentResponse`
--

DROP TABLE IF EXISTS `con_contentResponse`;
/*!40101 SET @saved_cs_client     = @@character_set_client */;
/*!40101 SET character_set_client = utf8 */;
CREATE TABLE `con_contentResponse` (
  `contentResponseID` int(11) NOT NULL AUTO_INCREMENT,
  `hasLiked` tinyint(1) DEFAULT NULL,
  `downloadCount` int(11) DEFAULT NULL,
  `sharedCount` int(11) DEFAULT NULL,
  `contentID` int(11) NOT NULL,
  `userID` int(11) NOT NULL,
  PRIMARY KEY (`contentResponseID`),
  KEY `con_contentResponse_contentID_7b7d60e7_fk_con_content_contentID` (`contentID`),
  KEY `con_contentResponse_userID_2c28744e_fk_usr_user_userID` (`userID`),
  CONSTRAINT `con_contentResponse_contentID_7b7d60e7_fk_con_content_contentID` FOREIGN KEY (`contentID`) REFERENCES `con_content` (`contentID`),
  CONSTRAINT `con_contentResponse_userID_2c28744e_fk_usr_user_userID` FOREIGN KEY (`userID`) REFERENCES `usr_user` (`userID`)
) ENGINE=InnoDB AUTO_INCREMENT=5 DEFAULT CHARSET=utf8;
/*!40101 SET character_set_client = @saved_cs_client */;

--
-- Dumping data for table `con_contentResponse`
--

LOCK TABLES `con_contentResponse` WRITE;
/*!40000 ALTER TABLE `con_contentResponse` DISABLE KEYS */;
INSERT INTO `con_contentResponse` VALUES (1,1,0,0,165,3),(2,0,0,1,309,4),(3,0,0,4,536,8),(4,1,0,0,242,11);
/*!40000 ALTER TABLE `con_contentResponse` ENABLE KEYS */;
UNLOCK TABLES;

--
-- Table structure for table `django_admin_log`
--

DROP TABLE IF EXISTS `django_admin_log`;
/*!40101 SET @saved_cs_client     = @@character_set_client */;
/*!40101 SET character_set_client = utf8 */;
CREATE TABLE `django_admin_log` (
  `id` int(11) NOT NULL AUTO_INCREMENT,
  `action_time` datetime NOT NULL,
  `object_id` longtext,
  `object_repr` varchar(200) NOT NULL,
  `action_flag` smallint(5) unsigned NOT NULL,
  `change_message` longtext NOT NULL,
  `content_type_id` int(11) DEFAULT NULL,
  `user_id` int(11) NOT NULL,
  PRIMARY KEY (`id`),
  KEY `django_admin__content_type_id_c4bce8eb_fk_django_content_type_id` (`content_type_id`),
  KEY `django_admin_log_user_id_c564eba6_fk_usr_user_userID` (`user_id`),
  CONSTRAINT `django_admin__content_type_id_c4bce8eb_fk_django_content_type_id` FOREIGN KEY (`content_type_id`) REFERENCES `django_content_type` (`id`),
  CONSTRAINT `django_admin_log_user_id_c564eba6_fk_usr_user_userID` FOREIGN KEY (`user_id`) REFERENCES `usr_user` (`userID`)
) ENGINE=InnoDB DEFAULT CHARSET=utf8;
/*!40101 SET character_set_client = @saved_cs_client */;

--
-- Dumping data for table `django_admin_log`
--

LOCK TABLES `django_admin_log` WRITE;
/*!40000 ALTER TABLE `django_admin_log` DISABLE KEYS */;
/*!40000 ALTER TABLE `django_admin_log` ENABLE KEYS */;
UNLOCK TABLES;

--
-- Table structure for table `django_content_type`
--

DROP TABLE IF EXISTS `django_content_type`;
/*!40101 SET @saved_cs_client     = @@character_set_client */;
/*!40101 SET character_set_client = utf8 */;
CREATE TABLE `django_content_type` (
  `id` int(11) NOT NULL AUTO_INCREMENT,
  `app_label` varchar(100) NOT NULL,
  `model` varchar(100) NOT NULL,
  PRIMARY KEY (`id`),
  UNIQUE KEY `django_content_type_app_label_76bd3d3b_uniq` (`app_label`,`model`)
) ENGINE=InnoDB AUTO_INCREMENT=22 DEFAULT CHARSET=utf8;
/*!40101 SET character_set_client = @saved_cs_client */;

--
-- Dumping data for table `django_content_type`
--

LOCK TABLES `django_content_type` WRITE;
/*!40000 ALTER TABLE `django_content_type` DISABLE KEYS */;
INSERT INTO `django_content_type` VALUES (1,'admin','logentry'),(3,'auth','group'),(2,'auth','permission'),(16,'commons','code'),(15,'commons','codegroup'),(20,'commons','news'),(17,'contents','content'),(18,'contents','contentresponse'),(4,'contenttypes','contenttype'),(21,'events','userevent'),(5,'sessions','session'),(9,'users','device'),(7,'users','otp'),(8,'users','token'),(6,'users','user'),(10,'users','userauth'),(19,'users','usercontent'),(14,'users','usergrade'),(12,'users','userskill'),(11,'users','usersubject'),(13,'users','usertopic');
/*!40000 ALTER TABLE `django_content_type` ENABLE KEYS */;
UNLOCK TABLES;

--
-- Table structure for table `django_migrations`
--

DROP TABLE IF EXISTS `django_migrations`;
/*!40101 SET @saved_cs_client     = @@character_set_client */;
/*!40101 SET character_set_client = utf8 */;
CREATE TABLE `django_migrations` (
  `id` int(11) NOT NULL AUTO_INCREMENT,
  `app` varchar(255) NOT NULL,
  `name` varchar(255) NOT NULL,
  `applied` datetime NOT NULL,
  PRIMARY KEY (`id`)
) ENGINE=InnoDB AUTO_INCREMENT=20 DEFAULT CHARSET=utf8;
/*!40101 SET character_set_client = @saved_cs_client */;

--
-- Dumping data for table `django_migrations`
--

LOCK TABLES `django_migrations` WRITE;
/*!40000 ALTER TABLE `django_migrations` DISABLE KEYS */;
INSERT INTO `django_migrations` VALUES (1,'commons','0001_initial','2016-12-12 13:10:39'),(2,'users','0001_initial','2016-12-12 13:10:43'),(3,'contenttypes','0001_initial','2016-12-12 13:10:43'),(4,'admin','0001_initial','2016-12-12 13:10:44'),(5,'admin','0002_logentry_remove_auto_add','2016-12-12 13:10:44'),(6,'contenttypes','0002_remove_content_type_name','2016-12-12 13:10:45'),(7,'auth','0001_initial','2016-12-12 13:10:46'),(8,'auth','0002_alter_permission_name_max_length','2016-12-12 13:10:47'),(9,'auth','0003_alter_user_email_max_length','2016-12-12 13:10:47'),(10,'auth','0004_alter_user_username_opts','2016-12-12 13:10:47'),(11,'auth','0005_alter_user_last_login_null','2016-12-12 13:10:47'),(12,'auth','0006_require_contenttypes_0002','2016-12-12 13:10:47'),(13,'auth','0007_alter_validators_add_error_messages','2016-12-12 13:10:47'),(14,'commons','0002_auto_20161212_1840','2016-12-12 13:10:52'),(15,'contents','0001_initial','2016-12-12 13:10:54'),(16,'sessions','0001_initial','2016-12-12 13:10:55'),(17,'commons','0003_news','2016-12-12 13:22:43'),(18,'contents','0002_auto_20161212_1852','2016-12-12 13:22:44'),(19,'users','0002_auto_20161212_1852','2016-12-12 13:22:45');
/*!40000 ALTER TABLE `django_migrations` ENABLE KEYS */;
UNLOCK TABLES;

--
-- Table structure for table `django_session`
--

DROP TABLE IF EXISTS `django_session`;
/*!40101 SET @saved_cs_client     = @@character_set_client */;
/*!40101 SET character_set_client = utf8 */;
CREATE TABLE `django_session` (
  `session_key` varchar(40) NOT NULL,
  `session_data` longtext NOT NULL,
  `expire_date` datetime NOT NULL,
  PRIMARY KEY (`session_key`),
  KEY `django_session_de54fa62` (`expire_date`)
) ENGINE=InnoDB DEFAULT CHARSET=utf8;
/*!40101 SET character_set_client = @saved_cs_client */;

--
-- Dumping data for table `django_session`
--

LOCK TABLES `django_session` WRITE;
/*!40000 ALTER TABLE `django_session` DISABLE KEYS */;
/*!40000 ALTER TABLE `django_session` ENABLE KEYS */;
UNLOCK TABLES;

--
-- Table structure for table `usr_otp`
--

DROP TABLE IF EXISTS `usr_otp`;
/*!40101 SET @saved_cs_client     = @@character_set_client */;
/*!40101 SET character_set_client = utf8 */;
CREATE TABLE `usr_otp` (
  `otpID` int(11) NOT NULL AUTO_INCREMENT,
  `phoneNumber` varchar(15) NOT NULL,
  `otp` varchar(6) NOT NULL,
  `createdOn` datetime NOT NULL,
  `modifiedOn` datetime NOT NULL,
  PRIMARY KEY (`otpID`)
) ENGINE=InnoDB AUTO_INCREMENT=49 DEFAULT CHARSET=utf8;
/*!40101 SET character_set_client = @saved_cs_client */;

--
-- Dumping data for table `usr_otp`
--

LOCK TABLES `usr_otp` WRITE;
/*!40000 ALTER TABLE `usr_otp` DISABLE KEYS */;
INSERT INTO `usr_otp` VALUES (1,'+919967295984','423932','2016-12-13 11:29:01','2016-12-13 11:29:01'),(2,'+919890882587','855545','2016-12-13 12:52:52','2016-12-13 12:52:52'),(3,'+919890882587','518926','2016-12-13 14:19:44','2016-12-13 14:19:44'),(4,'+919890882587','921546','2016-12-13 14:20:18','2016-12-13 14:20:18'),(5,'+919890882587','413240','2016-12-13 14:21:22','2016-12-13 14:21:22'),(6,'+919890882587','553220','2016-12-13 14:25:14','2016-12-13 14:25:14'),(7,'+919890882587','275658','2016-12-13 14:26:26','2016-12-13 14:26:26'),(8,'+919821681631','135396','2016-12-14 05:55:07','2016-12-14 05:55:07'),(9,'+919821681631','369207','2016-12-14 06:14:40','2016-12-14 06:14:40'),(10,'+919821681631','857144','2016-12-14 06:14:40','2016-12-14 06:14:40'),(11,'+919890882587','100479','2016-12-14 07:12:59','2016-12-14 07:12:59'),(12,'+919967295980','351613','2016-12-14 09:51:05','2016-12-14 09:51:05'),(13,'+919967295980','183474','2016-12-14 09:51:11','2016-12-14 09:51:11'),(14,'+919890882587','788147','2016-12-14 10:09:19','2016-12-14 10:09:19'),(15,'+919975512171','306718','2016-12-14 15:43:24','2016-12-14 15:43:24'),(16,'+919975512171','260583','2016-12-14 15:43:55','2016-12-14 15:43:55'),(17,'+919821681631','426415','2016-12-15 02:53:29','2016-12-15 02:53:29'),(18,'+919821681631','881935','2016-12-15 03:03:45','2016-12-15 03:03:45'),(19,'+919967295984','751600','2016-12-15 06:01:11','2016-12-15 06:01:11'),(20,'+919890882587','755165','2016-12-15 13:30:10','2016-12-15 13:30:10'),(21,'+919967295984','313462','2016-12-20 06:35:33','2016-12-20 06:35:33'),(22,'+919767964054','218213','2016-12-20 09:34:45','2016-12-20 09:34:45'),(23,'+919890882587','426141','2016-12-25 16:36:42','2016-12-25 16:36:42'),(24,'+919821681631','381673','2016-12-27 05:03:19','2016-12-27 05:03:19'),(25,'+919821681631','408948','2016-12-27 06:10:38','2016-12-27 06:10:38'),(26,'+919821681631','974969','2016-12-30 05:56:53','2016-12-30 05:56:53'),(27,'+919767964054','344525','2017-01-09 09:51:30','2017-01-09 09:51:30'),(28,'+919604700411','728671','2017-01-09 11:20:55','2017-01-09 11:20:55'),(29,'+919604700411','281725','2017-01-09 11:21:07','2017-01-09 11:21:07'),(30,'+919604700411','948878','2017-01-09 11:21:24','2017-01-09 11:21:24'),(31,'+919604700411','839573','2017-01-09 11:21:59','2017-01-09 11:21:59'),(32,'+919604700411','835714','2017-01-09 11:22:00','2017-01-09 11:22:00'),(33,'+919604700411','561072','2017-01-09 11:25:00','2017-01-09 11:25:00'),(34,'+919821681631','308303','2017-01-09 11:57:19','2017-01-09 11:57:19'),(35,'+919890882587','622186','2017-01-11 12:08:11','2017-01-11 12:08:11'),(36,'+919371454840','488763','2017-01-12 06:29:46','2017-01-12 06:29:46'),(37,'+919604700411','927747','2017-01-12 06:40:39','2017-01-12 06:40:39'),(38,'+919604700411','742007','2017-01-12 06:40:49','2017-01-12 06:40:49'),(39,'+919821681631','672964','2017-01-12 06:56:18','2017-01-12 06:56:18'),(40,'+919604700411','856198','2017-01-12 07:32:58','2017-01-12 07:32:58'),(41,'+919604700411','629034','2017-01-12 07:32:59','2017-01-12 07:32:59'),(42,'+919422644486','113733','2017-01-12 08:36:40','2017-01-12 08:36:40'),(43,'+919998396393','264464','2017-01-12 09:07:05','2017-01-12 09:07:05'),(44,'+919673654477','740904','2017-01-13 08:50:54','2017-01-13 08:50:54'),(45,'+917758877888','685386','2017-01-14 04:52:24','2017-01-14 04:52:24'),(46,'+919422956739','886469','2017-01-14 07:21:21','2017-01-14 07:21:21'),(47,'+919890882587','452881','2017-01-16 09:59:50','2017-01-16 09:59:50'),(48,'+919767964054','658717','2017-01-16 10:45:07','2017-01-16 10:45:07');
/*!40000 ALTER TABLE `usr_otp` ENABLE KEYS */;
UNLOCK TABLES;

--
-- Table structure for table `usr_token`
--

DROP TABLE IF EXISTS `usr_token`;
/*!40101 SET @saved_cs_client     = @@character_set_client */;
/*!40101 SET character_set_client = utf8 */;
CREATE TABLE `usr_token` (
  `tokenID` int(11) NOT NULL AUTO_INCREMENT,
  `token` varchar(255) NOT NULL,
  `createdOn` datetime NOT NULL,
  `modifiedOn` datetime NOT NULL,
  `userID` int(11) NOT NULL,
  PRIMARY KEY (`tokenID`),
  UNIQUE KEY `token` (`token`),
  KEY `usr_token_userID_18356705_fk_usr_user_userID` (`userID`),
  CONSTRAINT `usr_token_userID_18356705_fk_usr_user_userID` FOREIGN KEY (`userID`) REFERENCES `usr_user` (`userID`)
) ENGINE=InnoDB AUTO_INCREMENT=11 DEFAULT CHARSET=utf8;
/*!40101 SET character_set_client = @saved_cs_client */;

--
-- Dumping data for table `usr_token`
--

LOCK TABLES `usr_token` WRITE;
/*!40000 ALTER TABLE `usr_token` DISABLE KEYS */;
INSERT INTO `usr_token` VALUES (1,'OF3eOof1qa5bDkHQjwPjlT24sRWb42J1','2016-12-13 11:30:22','2016-12-13 11:30:22',2),(2,'HIWXAitaPCC774bYcGdNRGJ2y83GgOGO','2016-12-13 12:53:46','2016-12-13 12:53:46',3),(3,'gRlZd3y4dKeOsIkQsH0iqblEnZm5iFsH','2016-12-14 06:15:27','2016-12-14 06:15:27',4),(4,'ktBfOgqVjHDeXBIs9lF2xVQbKBjQ7Aoh','2016-12-20 09:35:31','2016-12-20 09:35:31',5),(5,'D68gNWAjNFBFFasKSqUE90hhbkLNQeAw','2017-01-12 07:35:50','2017-01-12 07:35:50',6),(6,'YG6tdBBerRbPz7YI3R0NbvWcvuc6ooae','2017-01-12 08:37:36','2017-01-12 08:37:36',7),(7,'lwLz8Myy6Qi4wucBC9zmwf1CKAqXTblJ','2017-01-12 09:07:52','2017-01-12 09:07:52',8),(8,'7wwHSEM5kIJngKvAtpJb4yn4v632eWNG','2017-01-13 08:52:12','2017-01-13 08:52:12',9),(9,'C9cPbF0N7PBNeImxMmiiPgNymyCSz8FV','2017-01-14 04:54:51','2017-01-14 04:54:51',10),(10,'ydMj2FyU12L0VK3AuBZsjJZnzYlXTU7p','2017-01-14 07:24:05','2017-01-14 07:24:05',11);
/*!40000 ALTER TABLE `usr_token` ENABLE KEYS */;
UNLOCK TABLES;

--
-- Table structure for table `usr_user`
--

DROP TABLE IF EXISTS `usr_user`;
/*!40101 SET @saved_cs_client     = @@character_set_client */;
/*!40101 SET character_set_client = utf8 */;
CREATE TABLE `usr_user` (
  `userID` int(11) NOT NULL AUTO_INCREMENT,
  `phoneNumber` varchar(15) NOT NULL,
  `userName` varchar(100) NOT NULL,
  `photoUrl` varchar(255) DEFAULT NULL,
  `udiseCode` varchar(255) DEFAULT NULL,
  `emailID` varchar(100) DEFAULT NULL,
  `createdOn` datetime NOT NULL,
  `modifiedOn` datetime NOT NULL,
  `createdBy` int(11) DEFAULT NULL,
  `districtCodeID` int(11) DEFAULT NULL,
  `modifiedBy` int(11) DEFAULT NULL,
  `preferredLanguageCodeID` int(11) DEFAULT NULL,
  `userTypeCodeID` int(11) DEFAULT NULL,
  PRIMARY KEY (`userID`),
  UNIQUE KEY `phoneNumber` (`phoneNumber`),
  UNIQUE KEY `emailID` (`emailID`),
  KEY `usr_user_createdBy_4c3202df_fk_usr_user_userID` (`createdBy`),
  KEY `usr_user_districtCodeID_c0c8ddee_fk_com_code_codeID` (`districtCodeID`),
  KEY `usr_user_modifiedBy_d0ebd744_fk_usr_user_userID` (`modifiedBy`),
  KEY `usr_user_preferredLanguageCodeID_5b7b2e0a_fk_com_code_codeID` (`preferredLanguageCodeID`),
  KEY `usr_user_userTypeCodeID_d67e4217_fk_com_code_codeID` (`userTypeCodeID`),
  CONSTRAINT `usr_user_createdBy_4c3202df_fk_usr_user_userID` FOREIGN KEY (`createdBy`) REFERENCES `usr_user` (`userID`),
  CONSTRAINT `usr_user_districtCodeID_c0c8ddee_fk_com_code_codeID` FOREIGN KEY (`districtCodeID`) REFERENCES `com_code` (`codeID`),
  CONSTRAINT `usr_user_modifiedBy_d0ebd744_fk_usr_user_userID` FOREIGN KEY (`modifiedBy`) REFERENCES `usr_user` (`userID`),
  CONSTRAINT `usr_user_preferredLanguageCodeID_5b7b2e0a_fk_com_code_codeID` FOREIGN KEY (`preferredLanguageCodeID`) REFERENCES `com_code` (`codeID`),
  CONSTRAINT `usr_user_userTypeCodeID_d67e4217_fk_com_code_codeID` FOREIGN KEY (`userTypeCodeID`) REFERENCES `com_code` (`codeID`)
) ENGINE=InnoDB AUTO_INCREMENT=12 DEFAULT CHARSET=utf8;
/*!40101 SET character_set_client = @saved_cs_client */;

--
-- Dumping data for table `usr_user`
--

LOCK TABLES `usr_user` WRITE;
/*!40000 ALTER TABLE `usr_user` DISABLE KEYS */;
INSERT INTO `usr_user` VALUES (1,'1234567890','admin',NULL,NULL,NULL,'2016-12-12 19:09:56','2016-12-12 19:09:56',NULL,102100,NULL,101100,NULL),(2,'+919967295984','Amogh Palnitkar',NULL,'',NULL,'2016-12-13 11:30:22','2016-12-13 11:30:22',2,102124,2,101100,109100),(3,'+919890882587','Pradnya Baviskar','3_161226125339.png','',NULL,'2016-12-13 12:53:46','2016-12-13 12:53:46',3,102101,3,101100,109100),(4,'+919821681631','Abhinav','4_170112125821.png','',NULL,'2016-12-14 06:15:27','2016-12-14 06:15:27',4,102124,4,101100,109100),(5,'+919767964054','Vishakha Damle',NULL,'',NULL,'2016-12-20 09:35:31','2016-12-20 09:35:31',5,102100,5,101101,109100),(6,'+919604700411','MANISHA','6_170112143730.png','',NULL,'2017-01-12 07:35:50','2017-01-12 07:35:50',6,102100,6,101100,109100),(7,'+919422644486','विकास गरड',NULL,NULL,NULL,'2017-01-12 08:37:36','2017-01-12 08:37:36',7,102124,7,101100,109100),(8,'+919998396393','Meghana',NULL,'',NULL,'2017-01-12 09:07:52','2017-01-12 09:07:52',8,102124,8,101100,109100),(9,'+919673654477','Madhukar Banuri ',NULL,'',NULL,'2017-01-13 08:52:12','2017-01-13 08:52:12',9,102124,9,101101,109100),(10,'+917758877888','Atul',NULL,'27361808003',NULL,'2017-01-14 04:54:51','2017-01-14 04:54:51',10,102135,10,101100,109100),(11,'+919422956739','shyamsundar',NULL,NULL,NULL,'2017-01-14 07:24:05','2017-01-14 07:24:05',11,102102,11,101101,109100);
/*!40000 ALTER TABLE `usr_user` ENABLE KEYS */;
UNLOCK TABLES;

--
-- Table structure for table `usr_device`
--

DROP TABLE IF EXISTS `usr_device`;
/*!40101 SET @saved_cs_client     = @@character_set_client */;
/*!40101 SET character_set_client = utf8 */;
CREATE TABLE `usr_device` (
  `deviceID` int(11) NOT NULL AUTO_INCREMENT,
  `fcmDeviceID` varchar(255) NOT NULL,
  `createdOn` datetime NOT NULL,
  `phoneNumber` varchar(15) NOT NULL,
  PRIMARY KEY (`deviceID`),
  UNIQUE KEY `usr_device_phoneNumber_059a0ebc_uniq` (`phoneNumber`,`fcmDeviceID`)
) ENGINE=InnoDB AUTO_INCREMENT=21 DEFAULT CHARSET=utf8;
/*!40101 SET character_set_client = @saved_cs_client */;

--
-- Dumping data for table `usr_device`
--

LOCK TABLES `usr_device` WRITE;
/*!40000 ALTER TABLE `usr_device` DISABLE KEYS */;
INSERT INTO `usr_device` VALUES (1,'dcaqmh4UxK4:APA91bFP0oDZerAD-AwOovbIl-riIjc5a1VXEUBMTYco2E_nb88KcjNK1jSt4nqZG_HemI_xQq0KKm-0nN5OcfUNey9bNPlhuIgYVtngv6c-bkoUs1nPqItZY-8wnYmqwKKrk2fGl-Zo','2016-12-13 11:30:22','+919967295984'),(2,'dpwOu--6k9U:APA91bEeIguBZ_3JENexymBGj7qfQsCd0v4TI2tCdyGtLhrwUtXodKCy4mtwfh32Kud0QYM7cOedT1RE0-4I8SQu9KixdcV1FbMiOj0VbEYakCm030rq0p8MlBa-ogVsJMwVh7P9hxXr','2016-12-13 12:53:46','+919890882587'),(3,'cqcLenpUIQw:APA91bGldAZn7bzmhod28Brhl5KWx204OtdodgslmfUVORABbtIfNC8O5jkzu7E4GBHLg0FhUWosZsGQb7ILHkBPb_Q44-unxIEaDlZiSBP9CcGdX5KvAkZcAbw7VYHQoaJXOaK5xcsX','2016-12-14 06:15:27','+919821681631'),(4,'caZaeKGufmE:APA91bG7NXfe8HKPMr6VNGRplDdEL6Wo31vKnYrKTgkpbNRxnXOQKvvF1m0zd1s4aoIvOcZdraqEesyjyuiLn_A_wZteC9Uyh2yFfijZiyTyxGpzGxBoNmnCJPtTvgnBq5cU2BczSGg5','2016-12-20 09:35:31','+919767964054'),(5,'fJy2iblT6RI:APA91bHPIil6Y-cmNBe_jr41Z8i8z5fYkxmjxMry8Cw4uCjufLl4K7iEIqM66W8_tY4nWll8OK_ughIHZyv8j_fA9V23Sls2O0rhaiOCoYxrFtPkZfTUL8jfcQZ-F_N1Mm6Blv65B0Hp','2016-12-25 16:37:00','+919890882587'),(6,'e9XR4OhBq2E:APA91bHf3gycq83d3mxDhdbQSgdQEWuZoSTY7qiV1aTNg_qxlB14weXnkcP5kGge4YnyvPUGe8paDJGnwK8Oe0VU2aQyu7PDMgCQ8kFmGzECZJoarucnQxQzzLtONnuwCT9QPYNECxc4','2016-12-27 05:03:35','+919821681631'),(7,'c5V4CHmmOhM:APA91bHFM_YRcg-27qOzc6yYkHRLWdyMZ8z0-YUwo-MY2_BRNKuW9CCpsMQh8TCjkmOep_86ntAMIF1vN628hMT9EOh0m3FLRCZX62B79GzWgRc6p2fvJDmkb5t-hwExQQAoGQDEDYwx','2016-12-27 06:11:04','+919821681631'),(8,'c22Mjjdsg4I:APA91bFjMi2IA9Im7Uv52caOFhyml-x7IuInF3UzEtrxGpEQU1Wad_QpbJHRAHnAopJtAUfVI-a2hR2ZuL4V6evePCuHz_adT9XBe_tJcNsZ75BSWEJqJza17vgbib-qjl252BmxjNlH','2016-12-30 05:57:45','+919821681631'),(9,'dehJbY22RvY:APA91bGOoFNnfwqT3yK60Qv_I8rVo-Vxscvv9hHoMvsTQ29HNHKgcPRLw67ZoAOw97DGVSsOyZX1BQLm5Nl_5Viacuo7f0bPQmykLgUknV4369z-cIycFCVrHURp2q3V3c6KmzZw-SgW','2017-01-09 09:51:44','+919767964054'),(10,'dwnLU431XHY:APA91bEcCXS1XkmGfMfN_VMr_Av230D8Zbqd9P2-P_haQEhm9_3MJWAFED61iMflDSr_Asm0CFsvwAVIC1xGAxWYLA_OLYAKwzp7szWHUHIkFWDksr3XzGHU5_hNimkQKIl-43fnKSUA','2017-01-09 11:57:47','+919821681631'),(11,'f5Ag0LECsrc:APA91bF9EHJr5xG9xkRqwW1zJVn3nEIIYm8lowtm_BKbLrDNlcjpS8Qil_S4cpnIiRPoicE3SRlcAeZeYPVCJ99JQA5s9ZZ4sq3F7lhGoybRsIVjL5cSDNIhjKdFfNl3HaRh1gQCOw98','2017-01-11 12:08:27','+919890882587'),(12,'e62zf3jKl18:APA91bHDSGZN3XuG8qYRw_urBP_VcJWfXXEAONf-vrGkRMZy2EIqr6Sa9aq30afzb58szcxUhsBKUBGnnYX0C0Tzf7NOOEVUVd2PjHQ5cMGR7XRCDVIzoJWxZvLrWXBMzh9mOrM9q1r4','2017-01-12 06:56:34','+919821681631'),(13,'e_XVe8oKmyI:APA91bGuDUQ60qO-1XjR6Fnv4DRJXjvK7qWv1W88mVRkypFsZ_l9cNXPn6NuGSdHU7LszlpDnGBkMWw--EVlUnjhgMsgVgz2QBzw23nkbAanvTPt2zNcsXECM9dDqjFAw2s7R5lky2SA','2017-01-12 07:33:57','+919604700411'),(14,'fL14zNFzPZk:APA91bFkcmUqwOIHwj-Ps_iGnR63QQ_Oy9zMaCy79pwQyfWTlDwLyk64qBnZE_0t3Z9pHBQC2iq0SDSbheJoJdSgq3R5Fyh1Vh_WfAOoovGinN5yFg_1RNgN3W19bk2NHw-Hn-FKbzCW','2017-01-12 08:37:05','+919422644486'),(15,'dx5B1cFNrZ8:APA91bHFPsLWVkJdDcbfYSE7OX5MhDwJWd3fARXsQyuq0-nxy3zaG2e9W9GUz-a59TdXYzdArNuegdfL6rpcvGbE1dVpsfPHn0bTN6qv1c8f5Rq0rlqc6HKFC3R7gtpqO5-bhPiT6Ux5','2017-01-12 09:07:20','+919998396393'),(16,'fvmxKDT7coo:APA91bGg8jjGFQPWgLjPyuk6E0qQP6hM1ikNhlRc7UE0KEKEnRv53WPzTpS3jhMzPqguEi5p_OY_8QUOe-l8gRb5mf6aPtFAxNAGfZpKtbwSLzZHpM5CZvI6OUKRMUsqgqiP9bVPI-5v','2017-01-13 08:51:09','+919673654477'),(17,'c1j-T5t-xAw:APA91bFkiv-Q59zP5vyhMrEYQxRYQM2dZxBFy1qg66J5ekv76tlYlMRaEsHw518yuoQQFFtaAEoxq8sGtY9QTKYyo5LTTodrDGG4oT5Vd9dU2bZPp86TxPY9v1IYWcCtaJj2phMAaR2e','2017-01-14 04:52:55','+917758877888'),(18,'eRMqSkVePEU:APA91bElsegrxDVv37cmp9Q_OIVCaPp48qQJq5yi_9LZDaFmykz4uwZHdqtQ2wdZz0I9w0ubgRUdVUKeQizd9sF3IDeoKjm9fixUeUyGj0VcLCClnG6Nv4mIqDuNI9qC0alsNtx5-GG_','2017-01-14 07:22:18','+919422956739'),(19,'dL97mJ9A5OQ:APA91bFFZTyOhGzJSfbwR7P6uPhHBWDnFXviY8KFvraZem3l91XFh1y1IWYRYKOUxg1MLM548A-t4QrurOs_2k9EtqZ8Uxi0IT5JK44vJVuXpaBfoFYXSMObm5Xm-CBAMT5q2EFdHp9Z','2017-01-16 10:00:07','+919890882587'),(20,'evAPw-Df0pE:APA91bHeqB6WAvotC25FLNxofM8NhYgfJi3uOb81nslntb37yVTsyNGGCRVz7U88QJwiPi5E_xArVrRwS2BozugXSeSendmiHPRRuz8lUV9Yf5aRedQ0d4XKwIWfAKtXumi-HNaJX60X','2017-01-16 10:45:20','+919767964054');
/*!40000 ALTER TABLE `usr_device` ENABLE KEYS */;
UNLOCK TABLES;

--
-- Table structure for table `usr_userAuth`
--

DROP TABLE IF EXISTS `usr_userAuth`;
/*!40101 SET @saved_cs_client     = @@character_set_client */;
/*!40101 SET character_set_client = utf8 */;
CREATE TABLE `usr_userAuth` (
  `userAuthID` int(11) NOT NULL AUTO_INCREMENT,
  `loginID` varchar(255) NOT NULL,
  `password` varchar(255) DEFAULT NULL,
  `authToken` varchar(255) DEFAULT NULL,
  `lastLoggedInOn` datetime NOT NULL,
  `createdOn` datetime NOT NULL,
  `modifiedOn` datetime NOT NULL,
  `createdBy` int(11) NOT NULL,
  `modifiedBy` int(11) NOT NULL,
  PRIMARY KEY (`userAuthID`),
  UNIQUE KEY `loginID` (`loginID`),
  KEY `usr_userAuth_createdBy_a4640497_fk_usr_user_userID` (`createdBy`),
  KEY `usr_userAuth_modifiedBy_1ddb2901_fk_usr_user_userID` (`modifiedBy`),
  CONSTRAINT `usr_userAuth_createdBy_a4640497_fk_usr_user_userID` FOREIGN KEY (`createdBy`) REFERENCES `usr_user` (`userID`),
  CONSTRAINT `usr_userAuth_modifiedBy_1ddb2901_fk_usr_user_userID` FOREIGN KEY (`modifiedBy`) REFERENCES `usr_user` (`userID`)
) ENGINE=InnoDB DEFAULT CHARSET=utf8;
/*!40101 SET character_set_client = @saved_cs_client */;

--
-- Dumping data for table `usr_userAuth`
--

LOCK TABLES `usr_userAuth` WRITE;
/*!40000 ALTER TABLE `usr_userAuth` DISABLE KEYS */;
/*!40000 ALTER TABLE `usr_userAuth` ENABLE KEYS */;
UNLOCK TABLES;

--
-- Table structure for table `usr_userContent`
--

DROP TABLE IF EXISTS `usr_userContent`;
/*!40101 SET @saved_cs_client     = @@character_set_client */;
/*!40101 SET character_set_client = utf8 */;
CREATE TABLE `usr_userContent` (
  `userContentID` int(11) NOT NULL AUTO_INCREMENT,
  `createdOn` datetime NOT NULL,
  `contentID` int(11) NOT NULL,
  `userID` int(11) NOT NULL,
  PRIMARY KEY (`userContentID`),
  UNIQUE KEY `usr_userContent_contentID_87d0967c_uniq` (`contentID`,`userID`),
  KEY `usr_userContent_userID_85f72762_fk_usr_user_userID` (`userID`),
  CONSTRAINT `usr_userContent_contentID_97d01a29_fk_con_content_contentID` FOREIGN KEY (`contentID`) REFERENCES `con_content` (`contentID`),
  CONSTRAINT `usr_userContent_userID_85f72762_fk_usr_user_userID` FOREIGN KEY (`userID`) REFERENCES `usr_user` (`userID`)
) ENGINE=InnoDB AUTO_INCREMENT=4 DEFAULT CHARSET=utf8;
/*!40101 SET character_set_client = @saved_cs_client */;

--
-- Dumping data for table `usr_userContent`
--

LOCK TABLES `usr_userContent` WRITE;
/*!40000 ALTER TABLE `usr_userContent` DISABLE KEYS */;
INSERT INTO `usr_userContent` VALUES (1,'2017-01-11 12:08:57',165,3),(3,'2017-01-12 07:58:19',309,4);
/*!40000 ALTER TABLE `usr_userContent` ENABLE KEYS */;
UNLOCK TABLES;

--
-- Table structure for table `usr_userEvent`
--

DROP TABLE IF EXISTS `usr_userEvent`;
/*!40101 SET @saved_cs_client     = @@character_set_client */;
/*!40101 SET character_set_client = utf8 */;
CREATE TABLE `usr_userEvent` (
  `userEventID` int(11) NOT NULL AUTO_INCREMENT,
  `eventID` varchar(255) NOT NULL,
  `createdOn` datetime NOT NULL,
  `userID` int(11) NOT NULL,
  PRIMARY KEY (`userEventID`),
  UNIQUE KEY `usr_userEvent_eventID_c2372ee9_uniq` (`eventID`,`userID`),
  KEY `usr_userEvent_userID_f477ac9d_fk_usr_user_userID` (`userID`),
  CONSTRAINT `usr_userEvent_userID_f477ac9d_fk_usr_user_userID` FOREIGN KEY (`userID`) REFERENCES `usr_user` (`userID`)
) ENGINE=InnoDB AUTO_INCREMENT=6 DEFAULT CHARSET=utf8;
/*!40101 SET character_set_client = @saved_cs_client */;

--
-- Dumping data for table `usr_userEvent`
--

LOCK TABLES `usr_userEvent` WRITE;
/*!40000 ALTER TABLE `usr_userEvent` DISABLE KEYS */;
INSERT INTO `usr_userEvent` VALUES (1,'tfo8v8vq6uvro37tcd48moombc','2016-12-13 12:19:37',2),(2,'g4t32lm2qaev9m85ik2dv5cn9c','2016-12-13 12:54:07',3),(3,'lhnr66ufne6b6nnjd5e9ipa88k','2016-12-27 09:26:43',4),(4,'r5o1krghkgro9jv2mj9i8hp8jg','2016-12-28 05:39:18',4),(5,'eu2o1slt2l4ljrr0o2v15egnm8','2017-01-14 10:49:44',4);
/*!40000 ALTER TABLE `usr_userEvent` ENABLE KEYS */;
UNLOCK TABLES;

--
-- Table structure for table `usr_userGrade`
--

DROP TABLE IF EXISTS `usr_userGrade`;
/*!40101 SET @saved_cs_client     = @@character_set_client */;
/*!40101 SET character_set_client = utf8 */;
CREATE TABLE `usr_userGrade` (
  `userGradeID` int(11) NOT NULL AUTO_INCREMENT,
  `createdOn` datetime NOT NULL,
  `modifiedOn` datetime NOT NULL,
  `gradeCodeID` int(11) NOT NULL,
  `userID` int(11) NOT NULL,
  PRIMARY KEY (`userGradeID`),
  KEY `usr_userGrade_gradeCodeID_0fc437d5_fk_com_code_codeID` (`gradeCodeID`),
  KEY `usr_userGrade_userID_0f6fb289_fk_usr_user_userID` (`userID`),
  CONSTRAINT `usr_userGrade_gradeCodeID_0fc437d5_fk_com_code_codeID` FOREIGN KEY (`gradeCodeID`) REFERENCES `com_code` (`codeID`),
  CONSTRAINT `usr_userGrade_userID_0f6fb289_fk_usr_user_userID` FOREIGN KEY (`userID`) REFERENCES `usr_user` (`userID`)
) ENGINE=InnoDB AUTO_INCREMENT=59 DEFAULT CHARSET=utf8;
/*!40101 SET character_set_client = @saved_cs_client */;

--
-- Dumping data for table `usr_userGrade`
--

LOCK TABLES `usr_userGrade` WRITE;
/*!40000 ALTER TABLE `usr_userGrade` DISABLE KEYS */;
INSERT INTO `usr_userGrade` VALUES (29,'2016-12-20 06:36:45','2016-12-20 06:36:45',104100,2),(30,'2016-12-20 06:36:45','2016-12-20 06:36:45',104101,2),(31,'2016-12-20 06:36:45','2016-12-20 06:36:45',104102,2),(32,'2016-12-20 06:36:45','2016-12-20 06:36:45',104103,2),(33,'2016-12-20 06:36:45','2016-12-20 06:36:45',104104,2),(34,'2016-12-20 06:36:45','2016-12-20 06:36:45',104105,2),(35,'2016-12-20 06:36:45','2016-12-20 06:36:45',104106,2),(36,'2016-12-26 07:23:36','2016-12-26 07:23:36',104100,3),(37,'2016-12-26 07:23:36','2016-12-26 07:23:36',104101,3),(38,'2016-12-26 07:23:36','2016-12-26 07:23:36',104102,3),(39,'2016-12-26 07:23:36','2016-12-26 07:23:36',104103,3),(40,'2016-12-26 07:23:36','2016-12-26 07:23:36',104104,3),(41,'2016-12-26 07:23:36','2016-12-26 07:23:36',104105,3),(42,'2016-12-26 07:23:36','2016-12-26 07:23:36',104106,3),(43,'2016-12-26 07:23:36','2016-12-26 07:23:36',104107,3),(44,'2016-12-26 07:23:36','2016-12-26 07:23:36',104108,3),(45,'2016-12-26 07:23:36','2016-12-26 07:23:36',104109,3),(51,'2017-01-12 09:07:18','2017-01-12 09:07:18',104106,6),(52,'2017-01-14 04:54:51','2017-01-14 04:54:51',104100,10),(53,'2017-01-14 04:54:51','2017-01-14 04:54:51',104101,10),(54,'2017-01-14 04:54:51','2017-01-14 04:54:51',104102,10),(55,'2017-01-14 04:54:51','2017-01-14 04:54:51',104103,10),(56,'2017-01-14 04:54:51','2017-01-14 04:54:51',104104,10),(57,'2017-01-14 11:10:30','2017-01-14 11:10:30',104104,4),(58,'2017-01-14 11:10:30','2017-01-14 11:10:30',104105,4);
/*!40000 ALTER TABLE `usr_userGrade` ENABLE KEYS */;
UNLOCK TABLES;

--
-- Table structure for table `usr_userSkill`
--

DROP TABLE IF EXISTS `usr_userSkill`;
/*!40101 SET @saved_cs_client     = @@character_set_client */;
/*!40101 SET character_set_client = utf8 */;
CREATE TABLE `usr_userSkill` (
  `userSkillID` int(11) NOT NULL AUTO_INCREMENT,
  `createdOn` datetime NOT NULL,
  `modifiedOn` datetime NOT NULL,
  `skillCodeID` int(11) NOT NULL,
  `userID` int(11) NOT NULL,
  PRIMARY KEY (`userSkillID`),
  KEY `usr_userSkill_skillCodeID_3e69cd87_fk_com_code_codeID` (`skillCodeID`),
  KEY `usr_userSkill_userID_ed2c2242_fk_usr_user_userID` (`userID`),
  CONSTRAINT `usr_userSkill_skillCodeID_3e69cd87_fk_com_code_codeID` FOREIGN KEY (`skillCodeID`) REFERENCES `com_code` (`codeID`),
  CONSTRAINT `usr_userSkill_userID_ed2c2242_fk_usr_user_userID` FOREIGN KEY (`userID`) REFERENCES `usr_user` (`userID`)
) ENGINE=InnoDB DEFAULT CHARSET=utf8;
/*!40101 SET character_set_client = @saved_cs_client */;

--
-- Dumping data for table `usr_userSkill`
--

LOCK TABLES `usr_userSkill` WRITE;
/*!40000 ALTER TABLE `usr_userSkill` DISABLE KEYS */;
/*!40000 ALTER TABLE `usr_userSkill` ENABLE KEYS */;
UNLOCK TABLES;

--
-- Table structure for table `usr_userSubject`
--

DROP TABLE IF EXISTS `usr_userSubject`;
/*!40101 SET @saved_cs_client     = @@character_set_client */;
/*!40101 SET character_set_client = utf8 */;
CREATE TABLE `usr_userSubject` (
  `userSubjectID` int(11) NOT NULL AUTO_INCREMENT,
  `createdOn` datetime NOT NULL,
  `modifiedOn` datetime NOT NULL,
  `subjectCodeID` int(11) NOT NULL,
  `userID` int(11) NOT NULL,
  PRIMARY KEY (`userSubjectID`),
  KEY `usr_userSubject_subjectCodeID_eb6b350c_fk_com_code_codeID` (`subjectCodeID`),
  KEY `usr_userSubject_userID_5ea1cdce_fk_usr_user_userID` (`userID`),
  CONSTRAINT `usr_userSubject_subjectCodeID_eb6b350c_fk_com_code_codeID` FOREIGN KEY (`subjectCodeID`) REFERENCES `com_code` (`codeID`),
  CONSTRAINT `usr_userSubject_userID_5ea1cdce_fk_usr_user_userID` FOREIGN KEY (`userID`) REFERENCES `usr_user` (`userID`)
) ENGINE=InnoDB AUTO_INCREMENT=48 DEFAULT CHARSET=utf8;
/*!40101 SET character_set_client = @saved_cs_client */;

--
-- Dumping data for table `usr_userSubject`
--

LOCK TABLES `usr_userSubject` WRITE;
/*!40000 ALTER TABLE `usr_userSubject` DISABLE KEYS */;
INSERT INTO `usr_userSubject` VALUES (19,'2016-12-20 06:36:45','2016-12-20 06:36:45',103100,2),(20,'2016-12-20 06:36:45','2016-12-20 06:36:45',103101,2),(21,'2016-12-20 06:36:45','2016-12-20 06:36:45',103102,2),(22,'2016-12-26 07:23:36','2016-12-26 07:23:36',103100,3),(23,'2016-12-26 07:23:36','2016-12-26 07:23:36',103101,3),(24,'2016-12-26 07:23:36','2016-12-26 07:23:36',103102,3),(25,'2016-12-26 07:23:36','2016-12-26 07:23:36',103103,3),(26,'2016-12-26 07:23:36','2016-12-26 07:23:36',103104,3),(37,'2017-01-12 09:07:18','2017-01-12 09:07:18',103100,6),(38,'2017-01-12 09:07:18','2017-01-12 09:07:18',103101,6),(39,'2017-01-12 09:07:18','2017-01-12 09:07:18',103102,6),(40,'2017-01-12 09:07:18','2017-01-12 09:07:18',103104,6),(41,'2017-01-14 04:54:51','2017-01-14 04:54:51',103100,10),(42,'2017-01-14 04:54:51','2017-01-14 04:54:51',103101,10),(43,'2017-01-14 04:54:51','2017-01-14 04:54:51',103102,10),(44,'2017-01-14 04:54:51','2017-01-14 04:54:51',103106,10),(45,'2017-01-14 11:10:30','2017-01-14 11:10:30',103100,4),(46,'2017-01-14 11:10:30','2017-01-14 11:10:30',103101,4),(47,'2017-01-14 11:10:30','2017-01-14 11:10:30',103102,4);
/*!40000 ALTER TABLE `usr_userSubject` ENABLE KEYS */;
UNLOCK TABLES;

--
-- Table structure for table `usr_userTopic`
--

DROP TABLE IF EXISTS `usr_userTopic`;
/*!40101 SET @saved_cs_client     = @@character_set_client */;
/*!40101 SET character_set_client = utf8 */;
CREATE TABLE `usr_userTopic` (
  `userTopicID` int(11) NOT NULL AUTO_INCREMENT,
  `createdOn` datetime NOT NULL,
  `modifiedOn` datetime NOT NULL,
  `topicCodeID` int(11) NOT NULL,
  `userID` int(11) NOT NULL,
  PRIMARY KEY (`userTopicID`),
  KEY `usr_userTopic_topicCodeID_d0fd12ba_fk_com_code_codeID` (`topicCodeID`),
  KEY `usr_userTopic_userID_138e1b69_fk_usr_user_userID` (`userID`),
  CONSTRAINT `usr_userTopic_topicCodeID_d0fd12ba_fk_com_code_codeID` FOREIGN KEY (`topicCodeID`) REFERENCES `com_code` (`codeID`),
  CONSTRAINT `usr_userTopic_userID_138e1b69_fk_usr_user_userID` FOREIGN KEY (`userID`) REFERENCES `usr_user` (`userID`)
) ENGINE=InnoDB AUTO_INCREMENT=45 DEFAULT CHARSET=utf8;
/*!40101 SET character_set_client = @saved_cs_client */;

--
-- Dumping data for table `usr_userTopic`
--

LOCK TABLES `usr_userTopic` WRITE;
/*!40000 ALTER TABLE `usr_userTopic` DISABLE KEYS */;
INSERT INTO `usr_userTopic` VALUES (30,'2016-12-20 06:36:45','2016-12-20 06:36:45',105100,2),(31,'2016-12-20 06:36:45','2016-12-20 06:36:45',105101,2),(32,'2016-12-20 06:36:45','2016-12-20 06:36:45',105102,2),(33,'2016-12-20 06:36:45','2016-12-20 06:36:45',105103,2),(34,'2016-12-20 06:36:45','2016-12-20 06:36:45',105104,2),(35,'2016-12-26 07:23:36','2016-12-26 07:23:36',105100,3),(36,'2016-12-26 07:23:36','2016-12-26 07:23:36',105101,3),(37,'2016-12-26 07:23:36','2016-12-26 07:23:36',105102,3),(38,'2016-12-26 07:23:36','2016-12-26 07:23:36',105103,3),(39,'2016-12-26 07:23:36','2016-12-26 07:23:36',105104,3),(42,'2017-01-14 04:54:51','2017-01-14 04:54:51',105105,10),(43,'2017-01-14 04:54:51','2017-01-14 04:54:51',105109,10),(44,'2017-01-14 11:10:30','2017-01-14 11:10:30',105102,4);
/*!40000 ALTER TABLE `usr_userTopic` ENABLE KEYS */;
UNLOCK TABLES;
/*!40103 SET TIME_ZONE=@OLD_TIME_ZONE */;

/*!40101 SET SQL_MODE=@OLD_SQL_MODE */;
/*!40014 SET FOREIGN_KEY_CHECKS=@OLD_FOREIGN_KEY_CHECKS */;
/*!40014 SET UNIQUE_CHECKS=@OLD_UNIQUE_CHECKS */;
/*!40101 SET CHARACTER_SET_CLIENT=@OLD_CHARACTER_SET_CLIENT */;
/*!40101 SET CHARACTER_SET_RESULTS=@OLD_CHARACTER_SET_RESULTS */;
/*!40101 SET COLLATION_CONNECTION=@OLD_COLLATION_CONNECTION */;
/*!40111 SET SQL_NOTES=@OLD_SQL_NOTES */;

-- Dump completed on 2017-01-17 10:47:56
